,name,url,score,description,city,latitude,longitude
0,Mama Shelter Toulouse,https://www.booking.com/hotel/fr/mama-shelter-toulouse.en-gb.html?aid=304142&label=gen173nr-1FCAQoggJCD3NlYXJjaF90b3Vsb3VzZUgzWARoTYgBAZgBCbgBCsgBBdgBAegBAfgBA4gCAagCA7gCj83QuAbAAgHSAiRjOTQ0NTQxYi0yYmJmLTQ5NDAtOTU3Yi1kZTZiZjZhYzZiZDnYAgXgAgE&ucfs=1&arphpl=1&group_adults=2&req_adults=2&no_rooms=1&group_children=0&req_children=0&hpos=4&hapos=4&sr_order=popularity&srpvid=42a3980772750259&srepoch=1729373840&from=searchresults,8.6,"Mama Shelter Toulouse provides rooms in Toulouse, 2.2 km from Toulouse Expo, 2.8 km from Toulouse Stadium and 3.3 km from Zénith de Toulouse. ",Toulouse,43.605414,1.449934
1,Sur le quai,https://www.booking.com/hotel/fr/sur-le-quai-courtaboeuf-cedex.en-gb.html?aid=304142&label=gen173nr-1FCAQoggJCEnNlYXJjaF9jYXJjYXNzb25uZUgzWARoTYgBAZgBCbgBCsgBBdgBAegBAfgBA4gCAagCA7gClM3QuAbAAgHSAiQ3Mjc3ZDg3My05YjgxLTQ0NWItODVkYS05YmUwZDJiM2E0MDfYAgXgAgE&ucfs=1&arphpl=1&group_adults=2&req_adults=2&no_rooms=1&group_children=0&req_children=0&hpos=25&hapos=25&sr_order=popularity&srpvid=c826980ab39500d2&srepoch=1729373845&from=searchresults,9.7,"Located in Carcassonne, sur le quai has a garden with a seasonal outdoor swimming pool and a communal terrace with a panoramic view of the medieval city walls. ",Carcassonne,43.20933921,2.35571296
2,Hotel Villa Koegui Biarritz,https://www.booking.com/hotel/fr/7b.en-gb.html?aid=304142&label=gen173nr-1FCAQoggJCD3NlYXJjaF9iaWFycml0ekgzWARoTYgBAZgBCbgBCsgBBdgBAegBAfgBA4gCAagCA7gCmM3QuAbAAgHSAiQ2YzFiNzc3Zi1iZjEyLTRhYmYtYTFiZC03YzgwNzQ1NjgzNzTYAgXgAgE&ucfs=1&arphpl=1&group_adults=2&req_adults=2&no_rooms=1&group_children=0&req_children=0&hpos=25&hapos=25&sr_order=popularity&srpvid=ca84980c9180007d&srepoch=1729373849&from_sustainable_property_sr=1&from=searchresults,8.8,"Hotel Villa Koegui Biarritz is a design hotel located in the heart of Biarritz, just a 5 minute-walk from the beach, the local market and several underground car parlks. ",Biarritz,43.48070865,
3,"LA VILLA DIANE, Maison d'hôtes, Bed and Breakfast",https://www.booking.com/hotel/fr/la-villa-diane-montauban.en-gb.html?aid=304142&label=gen173nr-1FCAQoggJCEHNlYXJjaF9tb250YXViYW5IM1gEaE2IAQGYAQm4AQrIAQXYAQHoAQH4AQOIAgGoAgO4ApnN0LgGwAIB0gIkMzViYjc3YzEtYWI0Ny00YmNlLTkxMzgtYmFjYjk3MmQ4ZWQ32AIF4AIB&ucfs=1&arphpl=1&group_adults=2&req_adults=2&no_rooms=1&group_children=0&req_children=0&hpos=25&hapos=25&sr_order=popularity&srpvid=5f36980c3276027d&srepoch=1729373850&from=searchresults,9.6,"Set in Montauban, LA VILLA DIANE, Maison d'hôtes, Bed and Breakfast offers accommodation with private pool, free WiFi and free private parking for guests who drive. ",Montauban,43.976012,1.3707879
4,"Rêves de vie, studio Port Miou perle rare à Cassis",https://www.booking.com/hotel/fr/reves-de-vie.en-gb.html?aid=304142&label=gen173nr-1FCAQoggJCDXNlYXJjaF9jYXNzaXNIM1gEaE2IAQGYAQm4AQrIAQXYAQHoAQH4AQOIAgGoAgO4AprN0LgGwAIB0gIkODUyNmExMzktYjg1Zi00MmIxLWE5NDctNWNhODk1OTk5YjFh2AIF4AIB&ucfs=1&arphpl=1&group_adults=2&req_adults=2&no_rooms=1&group_children=0&req_children=0&hpos=25&hapos=25&sr_order=popularity&srpvid=e751980dc001003e&srepoch=1729373851&from=searchresults,9.4,"Situated in Cassis and only 19 km from Orange Velodrome Stadium, Rêves de vie, studio Port Miou perle rare à Cassis features accommodation with mountain views, free WiFi and free private parking. ",Cassis,43.22728569,5.53310176
5,MiHotel Tour Rose,https://www.booking.com/hotel/fr/mihotel-tour-rose.en-gb.html?aid=304142&label=gen173nr-1FCAQoggJCC3NlYXJjaF9seW9uSDNYBGhNiAEBmAEJuAEKyAEF2AEB6AEB-AEDiAIBqAIDuAKazdC4BsACAdICJGYxYjdmNDQ2LWVmZmItNGQ5Ni04ODcyLTk2ZDY4N2RiMWIzMdgCBeACAQ&ucfs=1&arphpl=1&group_adults=2&req_adults=2&no_rooms=1&group_children=0&req_children=0&hpos=25&hapos=25&sr_order=popularity&srpvid=551f980d5aba0370&srepoch=1729373851&from_sustainable_property_sr=1&from=searchresults,8.3,"Set in Lyon, 700 metres from Basilica of Notre-Dame de Fourviere, MiHotel Tour Rose offers express check-in and check-out and free WiFi. ",Lyon,45.762725,4.82682
6,Citadines Presqu'île Lyon,https://www.booking.com/hotel/fr/citadines-aparthotel-lyon-presqu-ile.en-gb.html?aid=304142&label=gen173nr-1FCAQoggJCC3NlYXJjaF9seW9uSDNYBGhNiAEBmAEJuAEKyAEF2AEB6AEB-AEDiAIBqAIDuAKazdC4BsACAdICJGYxYjdmNDQ2LWVmZmItNGQ5Ni04ODcyLTk2ZDY4N2RiMWIzMdgCBeACAQ&ucfs=1&arphpl=1&group_adults=2&req_adults=2&no_rooms=1&group_children=0&req_children=0&hpos=24&hapos=24&sr_order=popularity&srpvid=551f980d5aba0370&srepoch=1729373851&from_sustainable_property_sr=1&from=searchresults,8.4,"Citadines Presqu'île Lyon is located in the centre of Lyon, between the Rhône and Saône Rivers in the heart of the Presqu'île district. ",Lyon,45.76158736,4.83262651
7,B&B HOTEL Marseille Prado Vélodrome,https://www.booking.com/hotel/fr/b-amp-b-marseille-velodrome-prado.en-gb.html?aid=304142&label=gen173nr-1FCAQoggJCEHNlYXJjaF9tYXJzZWlsbGVIM1gEaE2IAQGYAQm4AQrIAQXYAQHoAQH4AQOIAgGoAgO4ApvN0LgGwAIB0gIkYjUwM2RmYzctODRhMS00ZTFhLTg5ZDAtYTY2MjhlNWI5ZDRj2AIF4AIB&ucfs=1&arphpl=1&group_adults=2&req_adults=2&no_rooms=1&group_children=0&req_children=0&hpos=13&hapos=13&sr_order=popularity&srpvid=adca980dc6f600ee&srepoch=1729373852&from_sustainable_property_sr=1&from=searchresults,7.9,,Marseille,43.26842246,5.39409652
8,Hôtel Le Médiéval,https://www.booking.com/hotel/fr/le-medieval.en-gb.html?aid=304142&label=gen173nr-1FCAQoggJCFHNlYXJjaF9haWd1ZXMgbW9ydGVzSDNYBGhNiAEBmAEJuAEKyAEF2AEB6AEB-AEDiAIBqAIDuAKczdC4BsACAdICJDUwZDM5Mzg0LTFiOTQtNDMxYi04NTM3LTA3NGMxODQ2MTdhZtgCBeACAQ&ucfs=1&arphpl=1&group_adults=2&req_adults=2&no_rooms=1&group_children=0&req_children=0&hpos=14&hapos=14&sr_order=popularity&srpvid=0998980e86ea0151&srepoch=1729373853&from_sustainable_property_sr=1&from=searchresults,8.7,"Le Médiéval is located on the banks of the canal in Aigues-Mortes, 30 km from Montpellier. It offers en suite rooms, free parking and an outdoor swimming pool. ",Aigues Mortes,43.57186625,4.19366169
9,Maison Albar Hotels L’Imperator,https://www.booking.com/hotel/fr/imperator-nimes.en-gb.html?aid=304142&label=gen173nr-1FCAQoggJCDHNlYXJjaF9uaW1lc0gzWARoTYgBAZgBCbgBCsgBBdgBAegBAfgBA4gCAagCA7gCnM3QuAbAAgHSAiRkOTcwZjdhYy00NTA2LTRhZmQtYjBjYy1hNjVhYzdhMWQwMDDYAgXgAgE&ucfs=1&arphpl=1&group_adults=2&req_adults=2&no_rooms=1&group_children=0&req_children=0&hpos=25&hapos=25&sr_order=popularity&srpvid=b32a980ebd4302e5&srepoch=1729373853&from_sustainable_property_sr=1&from=searchresults,9.1,Maison Albar Hotels L’Imperator is a luxury hotel located in the city of Nimes. ,Nimes,43.83866613,4.35276791
10,Best Western Marquis de la Baume,https://www.booking.com/hotel/fr/ha-tel-la-baume.en-gb.html?aid=304142&label=gen173nr-1FCAQoggJCDHNlYXJjaF9uaW1lc0gzWARoTYgBAZgBCbgBCsgBBdgBAegBAfgBA4gCAagCA7gCnM3QuAbAAgHSAiRkOTcwZjdhYy00NTA2LTRhZmQtYjBjYy1hNjVhYzdhMWQwMDDYAgXgAgE&ucfs=1&arphpl=1&group_adults=2&req_adults=2&no_rooms=1&group_children=0&req_children=0&hpos=24&hapos=24&sr_order=popularity&srpvid=b32a980ebd4302e5&srepoch=1729373853&from=searchresults,8.1,"Located in the centre of the historic town of Nîmes, Hôtel Marquis de la Baume is a 17th-century town house just 3.7 km from Parc Expo Nîmes and 650 metres from Nîmes Arena. Free WiFi is provided. ",Nimes,43.83959476,4.3610841
11,"Aix Homes ""Les Allées Provençales""",https://www.booking.com/hotel/fr/aix-homes-1.en-gb.html?aid=304142&label=gen173nr-1FCAQoggJCFnNlYXJjaF9haXggZW4gcHJvdmVuY2VIM1gEaE2IAQGYAQm4AQrIAQXYAQHoAQH4AQOIAgGoAgO4Ap3N0LgGwAIB0gIkMjFkZWI1ZmUtNzc2OS00ZmIxLTk3OWQtZWQ0MTEyODU0MDM42AIF4AIB&ucfs=1&arphpl=1&group_adults=2&req_adults=2&no_rooms=1&group_children=0&req_children=0&hpos=25&hapos=25&sr_order=popularity&srpvid=93d0980e4b57036f&srepoch=1729373854&from=searchresults,9.2,"Set in Aix-en-Provence, the recently renovated Aix Homes ""Les Allées Provençales"" offers accommodation 30 km from Joliette Metro Station and 31 km from Les Terrasses du Port Shopping Centre. ",Aix en Provence,43.5256056,5.4409509
12,Hotel Camille,https://www.booking.com/hotel/fr/camille.en-gb.html?aid=304142&label=gen173nr-1FCAQoggJCH3NlYXJjaF9zYWludGVzIG1hcmllcyBkZSBsYSBtZXJIM1gEaE2IAQGYAQm4AQrIAQXYAQHoAQH4AQOIAgGoAgO4Ap3N0LgGwAIB0gIkYzRkZWYxMGYtYjg1Ni00ZjQ2LWEwYjYtMzYzMjI5MjZjNDFi2AIF4AIB&ucfs=1&arphpl=1&group_adults=2&req_adults=2&no_rooms=1&group_children=0&req_children=0&hpos=25&hapos=25&sr_order=popularity&srpvid=8fa5980ed7040423&srepoch=1729373854&from_sustainable_property_sr=1&from=searchresults,7.8,"This air-conditioned hotel featuring a terrace is located on the beachfront in Saintes-Maries-de-la-Mer, 35 km from Arles. Free Wi-Fi access and an LCD TV are offered in the modern rooms. ",Saintes Maries de la mer,43.45039148,4.42991227
13,Le Condorcet. Charme et confort à Championnet,https://www.booking.com/hotel/fr/le-condorcet-charme-et-confort-a-championnet.en-gb.html?aid=304142&label=gen173nr-1FCAQoggJCD3NlYXJjaF9ncmVub2JsZUgzWARoTYgBAZgBCbgBCsgBBdgBAegBAfgBA4gCAagCA7gCns3QuAbAAgHSAiQxNmQyOGFjNS0wM2RjLTQxOTQtOGQ2MS03YjNiNmNlNzhjNmTYAgXgAgE&ucfs=1&arphpl=1&group_adults=2&req_adults=2&no_rooms=1&group_children=0&req_children=0&hpos=25&hapos=25&sr_order=popularity&srpvid=7d20980ff93a001d&srepoch=1729373855&from=searchresults,8.8,"Located in the centre of Grenoble, Le Condorcet. Charme et confort à Championnet provides accommodation with free WiFi in a historic building. ",Grenoble,45.1857224,5.720604
14,In Situ B&B,https://www.booking.com/hotel/fr/in-situ-uzes.en-gb.html?aid=304142&label=gen173nr-1FCAQoggJCC3NlYXJjaF91emVzSDNYBGhNiAEBmAEJuAEKyAEF2AEB6AEB-AEDiAIBqAIDuAKezdC4BsACAdICJDljZDk4YWNjLWQwODktNDZhOS1hZWM2LTNhMzkzNDJhZjIzZNgCBeACAQ&ucfs=1&arphpl=1&group_adults=2&req_adults=2&no_rooms=1&group_children=0&req_children=0&hpos=25&hapos=25&sr_order=popularity&srpvid=ca84980f91fd0082&srepoch=1729373855&from_sustainable_property_sr=1&from=searchresults,9.3,"In Situ B&B is situated in Uzès, 32 km from Parc Expo Nîmes, 38 km from Avignon Central Station, as well as 40 km from Papal Palace. ",Uzes,44.01315797,4.42056134
15,"Eole, villa d'architecte, vue mer, piscine",https://www.booking.com/hotel/fr/eole-villa-d-architecte-a-la-vue-surprenante.en-gb.html?aid=304142&label=gen173nr-1FCAQoggJCGXNlYXJjaF9ib3JtZXMgbGVzIG1pbW9zYXNIM1gEaE2IAQGYAQm4AQrIAQXYAQHoAQH4AQOIAgGoAgO4Ap7N0LgGwAIB0gIkY2YxOTA2ZTQtZDVmNi00YzZkLTgzOTMtMzI2ZWQxMmU2OTFl2AIF4AIB&ucfs=1&arphpl=1&group_adults=2&req_adults=2&no_rooms=1&group_children=0&req_children=0&hpos=25&hapos=25&sr_order=popularity&srpvid=52a4980f39c10418&srepoch=1729373855&from=searchresults,9.3,"Boasting accommodation with a private pool, garden view and a balcony, Eole, villa d'architecte, vue mer, piscine is set in Bormes-les-Mimosas. ",Bormes les Mimosas,43.1494841,6.3308947
16,Au coeur de Collioure,https://www.booking.com/hotel/fr/au-coeur-de-collioure.en-gb.html?aid=304142&label=gen173nr-1FCAQoggJCEHNlYXJjaF9jb2xsaW91cmVIM1gEaE2IAQGYAQm4AQrIAQXYAQHoAQH4AQOIAgGoAgO4Ap_N0LgGwAIB0gIkNDdlMTczMDEtZGE1OC00Y2YwLTk1MjMtNjExMmYzNWNjNDEy2AIF4AIB&ucfs=1&arphpl=1&group_adults=2&req_adults=2&no_rooms=1&group_children=0&req_children=0&hpos=25&hapos=25&sr_order=popularity&srpvid=427d980f4a5306ed&srepoch=1729373856&from_sustainable_property_sr=1&from=searchresults,9.3,"Set in Collioure, 50 metres from Boramar Beach and 200 metres from Nord Beach, Au coeur de Collioure offers accommodation with free WiFi in a historic building. ",Collioure,42.5273935,3.0847579
17,Hotel Le Bon Port,https://www.booking.com/hotel/fr/le-bon-port.en-gb.html?aid=304142&label=gen173nr-1FCAQoggJCEHNlYXJjaF9jb2xsaW91cmVIM1gEaE2IAQGYAQm4AQrIAQXYAQHoAQH4AQOIAgGoAgO4Ap_N0LgGwAIB0gIkNDdlMTczMDEtZGE1OC00Y2YwLTk1MjMtNjExMmYzNWNjNDEy2AIF4AIB&ucfs=1&arphpl=1&group_adults=2&req_adults=2&no_rooms=1&group_children=0&req_children=0&hpos=24&hapos=24&sr_order=popularity&srpvid=427d980f4a5306ed&srepoch=1729373856&from=searchresults,8.4,"Located a few meters from the La Cortina windmill, the establishment elegantly overlooks the sea over the bay of Collioure, its royal castle and its famous Notre Dame des Anges bell tower. ",Collioure,42.52411449,3.08936566
18,La Frégate,https://www.booking.com/hotel/fr/la-fra-c-gate-collioure.en-gb.html?aid=304142&label=gen173nr-1FCAQoggJCEHNlYXJjaF9jb2xsaW91cmVIM1gEaE2IAQGYAQm4AQrIAQXYAQHoAQH4AQOIAgGoAgO4Ap_N0LgGwAIB0gIkNDdlMTczMDEtZGE1OC00Y2YwLTk1MjMtNjExMmYzNWNjNDEy2AIF4AIB&ucfs=1&arphpl=1&group_adults=2&req_adults=2&no_rooms=1&group_children=0&req_children=0&hpos=23&hapos=23&sr_order=popularity&srpvid=427d980f4a5306ed&srepoch=1729373856&from_sustainable_property_sr=1&from=searchresults,8.3,"La Frégate features a shared lounge, terrace, a restaurant and bar in Collioure. ",Collioure,42.52638625,3.08325659
19,Maison Nova - Boutique Hôtel & Spa,https://www.booking.com/hotel/fr/boutique-maison-nova.en-gb.html?aid=304142&label=gen173nr-1FCAQoggJCEHNlYXJjaF9jb2xsaW91cmVIM1gEaE2IAQGYAQm4AQrIAQXYAQHoAQH4AQOIAgGoAgO4Ap_N0LgGwAIB0gIkNDdlMTczMDEtZGE1OC00Y2YwLTk1MjMtNjExMmYzNWNjNDEy2AIF4AIB&ucfs=1&arphpl=1&group_adults=2&req_adults=2&no_rooms=1&group_children=0&req_children=0&hpos=22&hapos=22&sr_order=popularity&srpvid=427d980f4a5306ed&srepoch=1729373856&from_sustainable_property_sr=1&from=searchresults,9.1,"Set in Collioure, 600 metres from Boramar Beach, Maison Nova - Boutique Hôtel & Spa offers accommodation with an outdoor swimming pool, free private parking, a garden and a terrace. ",Collioure,42.5288828,3.0793938
20,Résidence Collioure Plage,https://www.booking.com/hotel/fr/residence-collioure-plage-appart.en-gb.html?aid=304142&label=gen173nr-1FCAQoggJCEHNlYXJjaF9jb2xsaW91cmVIM1gEaE2IAQGYAQm4AQrIAQXYAQHoAQH4AQOIAgGoAgO4Ap_N0LgGwAIB0gIkNDdlMTczMDEtZGE1OC00Y2YwLTk1MjMtNjExMmYzNWNjNDEy2AIF4AIB&ucfs=1&arphpl=1&group_adults=2&req_adults=2&no_rooms=1&group_children=0&req_children=0&hpos=21&hapos=21&sr_order=popularity&srpvid=427d980f4a5306ed&srepoch=1729373856&from_sustainable_property_sr=1&from=searchresults,9.2,"Offering accommodation with air conditioning in Collioure, Résidence Collioure Plage Appart gives onton a pedestrianised street leading to the beach. ",Collioure,42.52389238,3.08739067
21,Appartement Les Pieds dans l'eau,https://www.booking.com/hotel/fr/collioure-collioure12.en-gb.html?aid=304142&label=gen173nr-1FCAQoggJCEHNlYXJjaF9jb2xsaW91cmVIM1gEaE2IAQGYAQm4AQrIAQXYAQHoAQH4AQOIAgGoAgO4Ap_N0LgGwAIB0gIkNDdlMTczMDEtZGE1OC00Y2YwLTk1MjMtNjExMmYzNWNjNDEy2AIF4AIB&ucfs=1&arphpl=1&group_adults=2&req_adults=2&no_rooms=1&group_children=0&req_children=0&hpos=20&hapos=20&sr_order=popularity&srpvid=427d980f4a5306ed&srepoch=1729373856&from=searchresults,9.1,"Appartement Les Pieds dans l'eau is set in Collioure, 300 metres from Reguers Beach, 1.1 km from Balette Beach, as well as 2.3 km from Collioure Royal Castle. ",Collioure,42.52370617,3.09836761
22,T2 bord de mer avec garage,https://www.booking.com/hotel/fr/t2-bord-de-mer-avec-garage.en-gb.html?aid=304142&label=gen173nr-1FCAQoggJCEHNlYXJjaF9jb2xsaW91cmVIM1gEaE2IAQGYAQm4AQrIAQXYAQHoAQH4AQOIAgGoAgO4Ap_N0LgGwAIB0gIkNDdlMTczMDEtZGE1OC00Y2YwLTk1MjMtNjExMmYzNWNjNDEy2AIF4AIB&ucfs=1&arphpl=1&group_adults=2&req_adults=2&no_rooms=1&group_children=0&req_children=0&hpos=19&hapos=19&sr_order=popularity&srpvid=427d980f4a5306ed&srepoch=1729373856&from_sustainable_property_sr=1&from=searchresults,9.5,"Offering city views, T2 bord de mer avec garage is an accommodation set in Collioure, 300 metres from Port Avall Beach and 400 metres from Boutigue Beach. ",Collioure,42.5219555,3.0878545
23,AZUR-Les pieds dans l'eau-Vue sur Mer et Clocher de Collioure en toile de fond - WIFI FIBRE- PARKING Couvert,https://www.booking.com/hotel/fr/saphir-collioure.en-gb.html?aid=304142&label=gen173nr-1FCAQoggJCEHNlYXJjaF9jb2xsaW91cmVIM1gEaE2IAQGYAQm4AQrIAQXYAQHoAQH4AQOIAgGoAgO4Ap_N0LgGwAIB0gIkNDdlMTczMDEtZGE1OC00Y2YwLTk1MjMtNjExMmYzNWNjNDEy2AIF4AIB&ucfs=1&arphpl=1&group_adults=2&req_adults=2&no_rooms=1&group_children=0&req_children=0&hpos=18&hapos=18&sr_order=popularity&srpvid=427d980f4a5306ed&srepoch=1729373856&from=searchresults,8.9,"A recently renovated property, AZUR-Les pieds dans l'eau-Vue sur Mer et Clocher de Collioure en toile de fond - WIFI FIBRE- PARKING Couvert is set in Collioure near Reguers Beach, Oli Beach and...",Collioure,42.52404982,3.09655284
24,Ibanova Appartements,https://www.booking.com/hotel/fr/ibanova.en-gb.html?aid=304142&label=gen173nr-1FCAQoggJCEHNlYXJjaF9jb2xsaW91cmVIM1gEaE2IAQGYAQm4AQrIAQXYAQHoAQH4AQOIAgGoAgO4Ap_N0LgGwAIB0gIkNDdlMTczMDEtZGE1OC00Y2YwLTk1MjMtNjExMmYzNWNjNDEy2AIF4AIB&ucfs=1&arphpl=1&group_adults=2&req_adults=2&no_rooms=1&group_children=0&req_children=0&hpos=17&hapos=17&sr_order=popularity&srpvid=427d980f4a5306ed&srepoch=1729373856&from_sustainable_property_sr=1&from=searchresults,8.4,"Set within 200 metres of Boutigue Beach and 200 metres of Port Avall Beach, Ibanova Appartements offers rooms with air conditioning and a private bathroom in Collioure. ",Collioure,42.5231333,3.0855761
25,Hotel Méditerranée,https://www.booking.com/hotel/fr/mediterranee-collioure.en-gb.html?aid=304142&label=gen173nr-1FCAQoggJCEHNlYXJjaF9jb2xsaW91cmVIM1gEaE2IAQGYAQm4AQrIAQXYAQHoAQH4AQOIAgGoAgO4Ap_N0LgGwAIB0gIkNDdlMTczMDEtZGE1OC00Y2YwLTk1MjMtNjExMmYzNWNjNDEy2AIF4AIB&ucfs=1&arphpl=1&group_adults=2&req_adults=2&no_rooms=1&group_children=0&req_children=0&hpos=16&hapos=16&sr_order=popularity&srpvid=427d980f4a5306ed&srepoch=1729373856&from_sustainable_property_sr=1&from=searchresults,7.9,"Featuring a Mediterranean garden and a terrace, Hotel Méditerranée offers accommodation in Collioure, a 5-minute walk from the nearest beach. ",Collioure,42.52708254,3.08026291
26,Grand Hotel Du Golfe - Spa & Restaurant,https://www.booking.com/hotel/fr/grand-du-golfe.en-gb.html?aid=304142&label=gen173nr-1FCAQoggJCEHNlYXJjaF9jb2xsaW91cmVIM1gEaE2IAQGYAQm4AQrIAQXYAQHoAQH4AQOIAgGoAgO4Ap_N0LgGwAIB0gIkNDdlMTczMDEtZGE1OC00Y2YwLTk1MjMtNjExMmYzNWNjNDEy2AIF4AIB&ucfs=1&arphpl=1&group_adults=2&req_adults=2&no_rooms=1&group_children=0&req_children=0&hpos=15&hapos=15&sr_order=popularity&srpvid=427d980f4a5306ed&srepoch=1729373856&from_sustainable_property_sr=1&from=searchresults,8.2,"Set on the Corniche, Grand Hotel Du Golfe - Spa & Restaurant is a 4 stars art design hotel dating from the 1970's, just 5 minutes' walk from the creeks and 10 minutes' walk from Racou Beach. ",Collioure,42.53378311,3.06433797
27,La Chambre De Salome,https://www.booking.com/hotel/fr/la-chambre-de-salome.en-gb.html?aid=304142&label=gen173nr-1FCAQoggJCEHNlYXJjaF9jb2xsaW91cmVIM1gEaE2IAQGYAQm4AQrIAQXYAQHoAQH4AQOIAgGoAgO4Ap_N0LgGwAIB0gIkNDdlMTczMDEtZGE1OC00Y2YwLTk1MjMtNjExMmYzNWNjNDEy2AIF4AIB&ucfs=1&arphpl=1&group_adults=2&req_adults=2&no_rooms=1&group_children=0&req_children=0&hpos=14&hapos=14&sr_order=popularity&srpvid=427d980f4a5306ed&srepoch=1729373856&from=searchresults,8.8,"Situated in Collioure and only less than 1 km from Port Avall Beach, La Chambre De Salome features accommodation with mountain views, free WiFi and free private parking. ",Collioure,42.5211169,3.07730913
28,Fenêtre sur Collioure,https://www.booking.com/hotel/fr/fenetre-sur-collioure.en-gb.html?aid=304142&label=gen173nr-1FCAQoggJCEHNlYXJjaF9jb2xsaW91cmVIM1gEaE2IAQGYAQm4AQrIAQXYAQHoAQH4AQOIAgGoAgO4Ap_N0LgGwAIB0gIkNDdlMTczMDEtZGE1OC00Y2YwLTk1MjMtNjExMmYzNWNjNDEy2AIF4AIB&ucfs=1&arphpl=1&group_adults=2&req_adults=2&no_rooms=1&group_children=0&req_children=0&hpos=13&hapos=13&sr_order=popularity&srpvid=427d980f4a5306ed&srepoch=1729373856&from=searchresults,9.6,"A recently renovated property, Fenêtre sur Collioure is set in Collioure near Nord Beach, Saint Vincent Beach and Boutigue Beach. ",Collioure,42.52709583,3.08452355
29,Gorgeous apartment superbly located in old town,https://www.booking.com/hotel/fr/gorgeous-apartment-superbly-located-in-old-town.en-gb.html?aid=304142&label=gen173nr-1FCAQoggJCEHNlYXJjaF9jb2xsaW91cmVIM1gEaE2IAQGYAQm4AQrIAQXYAQHoAQH4AQOIAgGoAgO4Ap_N0LgGwAIB0gIkNDdlMTczMDEtZGE1OC00Y2YwLTk1MjMtNjExMmYzNWNjNDEy2AIF4AIB&ucfs=1&arphpl=1&group_adults=2&req_adults=2&no_rooms=1&group_children=0&req_children=0&hpos=12&hapos=12&sr_order=popularity&srpvid=427d980f4a5306ed&srepoch=1729373856&from=searchresults,9.6,"Situated in Collioure, 500 metres from Port Avall Beach and 500 metres from Nord Beach, Gorgeous apartment superbly located in old town offers air conditioning. ",Collioure,42.5259943,3.0819807
30,Le Petit Colliourenc,https://www.booking.com/hotel/fr/le-petit-colliourenc.en-gb.html?aid=304142&label=gen173nr-1FCAQoggJCEHNlYXJjaF9jb2xsaW91cmVIM1gEaE2IAQGYAQm4AQrIAQXYAQHoAQH4AQOIAgGoAgO4Ap_N0LgGwAIB0gIkNDdlMTczMDEtZGE1OC00Y2YwLTk1MjMtNjExMmYzNWNjNDEy2AIF4AIB&ucfs=1&arphpl=1&group_adults=2&req_adults=2&no_rooms=1&group_children=0&req_children=0&hpos=11&hapos=11&sr_order=popularity&srpvid=427d980f4a5306ed&srepoch=1729373856&from=searchresults,9.0,"Located 1.2 km from Port Avall Beach, 1.3 km from Ouille Beach and 1.1 km from Collioure Royal Castle, Le Petit Colliourenc features accommodation set in Collioure. ",Collioure,42.52612488,3.07560664
31,APP' ART CENTRE PLAGE + PARKING GRATUIT,https://www.booking.com/hotel/fr/app-art-centre-plage-parking-gratuit.en-gb.html?aid=304142&label=gen173nr-1FCAQoggJCEHNlYXJjaF9jb2xsaW91cmVIM1gEaE2IAQGYAQm4AQrIAQXYAQHoAQH4AQOIAgGoAgO4Ap_N0LgGwAIB0gIkNDdlMTczMDEtZGE1OC00Y2YwLTk1MjMtNjExMmYzNWNjNDEy2AIF4AIB&ucfs=1&arphpl=1&group_adults=2&req_adults=2&no_rooms=1&group_children=0&req_children=0&hpos=10&hapos=10&sr_order=popularity&srpvid=427d980f4a5306ed&srepoch=1729373856&from_sustainable_property_sr=1&from=searchresults,8.8,"Set within 60 metres of Port Avall Beach and 60 metres of Boutigue Beach, APP' ART CENTRE PLAGE + PARKING GRATUIT offers rooms with air conditioning and a private bathroom in Collioure. ",Collioure,42.52334528,3.08696844
32,Hôtel la Bona Casa,https://www.booking.com/hotel/fr/la-bona-casa.en-gb.html?aid=304142&label=gen173nr-1FCAQoggJCEHNlYXJjaF9jb2xsaW91cmVIM1gEaE2IAQGYAQm4AQrIAQXYAQHoAQH4AQOIAgGoAgO4Ap_N0LgGwAIB0gIkNDdlMTczMDEtZGE1OC00Y2YwLTk1MjMtNjExMmYzNWNjNDEy2AIF4AIB&ucfs=1&arphpl=1&group_adults=2&req_adults=2&no_rooms=1&group_children=0&req_children=0&hpos=9&hapos=9&sr_order=popularity&srpvid=427d980f4a5306ed&srepoch=1729373856&from=searchresults,8.5,"Hotel Bona Casa is located in the historic centre of Collioure, just 300 metres from the beach and from the Château Royal. The hotel proposes free Wi-Fi internet access and a shaded terrace. ",Collioure,42.52547153,3.0826987
33,Appartement Collioure centre & GARAGE PRIVATIF,https://www.booking.com/hotel/fr/appartement-collioure-centre-amp-garage-privatif.en-gb.html?aid=304142&label=gen173nr-1FCAQoggJCEHNlYXJjaF9jb2xsaW91cmVIM1gEaE2IAQGYAQm4AQrIAQXYAQHoAQH4AQOIAgGoAgO4Ap_N0LgGwAIB0gIkNDdlMTczMDEtZGE1OC00Y2YwLTk1MjMtNjExMmYzNWNjNDEy2AIF4AIB&ucfs=1&arphpl=1&group_adults=2&req_adults=2&no_rooms=1&group_children=0&req_children=0&hpos=8&hapos=8&sr_order=popularity&srpvid=427d980f4a5306ed&srepoch=1729373856&from=searchresults,9.0,"Appartement Collioure centre & GARAGE PRIVATIF is located in Collioure, 400 metres from Boramar Beach, 400 metres from Boutigue Beach, as well as 300 metres from Collioure Royal Castle. ",Collioure,42.52460816,3.08264876
34,appart central et son parking privatif gratuit,https://www.booking.com/hotel/fr/appart-central-collioure.en-gb.html?aid=304142&label=gen173nr-1FCAQoggJCEHNlYXJjaF9jb2xsaW91cmVIM1gEaE2IAQGYAQm4AQrIAQXYAQHoAQH4AQOIAgGoAgO4Ap_N0LgGwAIB0gIkNDdlMTczMDEtZGE1OC00Y2YwLTk1MjMtNjExMmYzNWNjNDEy2AIF4AIB&ucfs=1&arphpl=1&group_adults=2&req_adults=2&no_rooms=1&group_children=0&req_children=0&hpos=7&hapos=7&sr_order=popularity&srpvid=427d980f4a5306ed&srepoch=1729373856&from_sustainable_property_sr=1&from=searchresults,9.0,"Appart central et son parking privatif gratuit is located in Collioure, 400 metres from Boramar Beach, 500 metres from Boutigue Beach, and 700 metres from Balette Beach. ",Collioure,42.52488242,3.08187893
35,Hôtel Princes de Catalogne,https://www.booking.com/hotel/fr/princes-de-catalogne.en-gb.html?aid=304142&label=gen173nr-1FCAQoggJCEHNlYXJjaF9jb2xsaW91cmVIM1gEaE2IAQGYAQm4AQrIAQXYAQHoAQH4AQOIAgGoAgO4Ap_N0LgGwAIB0gIkNDdlMTczMDEtZGE1OC00Y2YwLTk1MjMtNjExMmYzNWNjNDEy2AIF4AIB&ucfs=1&arphpl=1&group_adults=2&req_adults=2&no_rooms=1&group_children=0&req_children=0&hpos=6&hapos=6&sr_order=popularity&srpvid=427d980f4a5306ed&srepoch=1729373856&from_sustainable_property_sr=1&from=searchresults,8.1,"Situated on a quiet square in picturesque Collioure, this hotel is located a 400 metres from the beach. The hotel was renovated in early 2021 and features a contemporary style. ",Collioure,42.52591431,3.0826816
36,Studio Centre Plage parking gratuit,https://www.booking.com/hotel/fr/studio-centre-plage-collioure.en-gb.html?aid=304142&label=gen173nr-1FCAQoggJCEHNlYXJjaF9jb2xsaW91cmVIM1gEaE2IAQGYAQm4AQrIAQXYAQHoAQH4AQOIAgGoAgO4Ap_N0LgGwAIB0gIkNDdlMTczMDEtZGE1OC00Y2YwLTk1MjMtNjExMmYzNWNjNDEy2AIF4AIB&ucfs=1&arphpl=1&group_adults=2&req_adults=2&no_rooms=1&group_children=0&req_children=0&hpos=5&hapos=5&sr_order=popularity&srpvid=427d980f4a5306ed&srepoch=1729373856&from_sustainable_property_sr=1&from=searchresults,9.1,"Offering quiet street views, Studio Centre Plage parking gratuit is an accommodation situated in Collioure, 300 metres from Port Avall Beach and 300 metres from Balette Beach. ",Collioure,42.52298768,3.08732966
37,Hôtel La Casa Pairal,https://www.booking.com/hotel/fr/hotelcasapairal.en-gb.html?aid=304142&label=gen173nr-1FCAQoggJCEHNlYXJjaF9jb2xsaW91cmVIM1gEaE2IAQGYAQm4AQrIAQXYAQHoAQH4AQOIAgGoAgO4Ap_N0LgGwAIB0gIkNDdlMTczMDEtZGE1OC00Y2YwLTk1MjMtNjExMmYzNWNjNDEy2AIF4AIB&ucfs=1&arphpl=1&group_adults=2&req_adults=2&no_rooms=1&group_children=0&req_children=0&hpos=4&hapos=4&sr_order=popularity&srpvid=427d980f4a5306ed&srepoch=1729373856&from_sustainable_property_sr=1&from=searchresults,8.9,"Situated 250 metres from Collioure beach and port, Hôtel La Casa Pairal features an exotic floral garden and a heated outdoor swimming pool. ",Collioure,42.52616733,3.08235571
38,Canta la Mar - Vue exceptionnelle,https://www.booking.com/hotel/fr/studio-canta-la-mar-vue-exceptionnelle.en-gb.html?aid=304142&label=gen173nr-1FCAQoggJCEHNlYXJjaF9jb2xsaW91cmVIM1gEaE2IAQGYAQm4AQrIAQXYAQHoAQH4AQOIAgGoAgO4Ap_N0LgGwAIB0gIkNDdlMTczMDEtZGE1OC00Y2YwLTk1MjMtNjExMmYzNWNjNDEy2AIF4AIB&ucfs=1&arphpl=1&group_adults=2&req_adults=2&no_rooms=1&group_children=0&req_children=0&hpos=3&hapos=3&sr_order=popularity&srpvid=427d980f4a5306ed&srepoch=1729373856&from_sustainable_property_sr=1&from=searchresults,9.3,"Canta la Mar - Vue exceptionnelle is a beachfront property located in Collioure, 100 metres from La Ballette Beach and 300 metres from the Collioure Windmill . The property features sea and city...",Collioure,42.5244311,3.09031585
39,Le Mas des Citronniers,https://www.booking.com/hotel/fr/lesmasdescitronniers.en-gb.html?aid=304142&label=gen173nr-1FCAQoggJCEHNlYXJjaF9jb2xsaW91cmVIM1gEaE2IAQGYAQm4AQrIAQXYAQHoAQH4AQOIAgGoAgO4Ap_N0LgGwAIB0gIkNDdlMTczMDEtZGE1OC00Y2YwLTk1MjMtNjExMmYzNWNjNDEy2AIF4AIB&ucfs=1&arphpl=1&group_adults=2&req_adults=2&no_rooms=1&group_children=0&req_children=0&hpos=2&hapos=2&sr_order=popularity&srpvid=427d980f4a5306ed&srepoch=1729373856&from=searchresults,8.3,"The hotel has no private parking, but a few free spaces are available in front of the establishment, and several parking lots in the town of Collioure are close to the hotel. ",Collioure,42.52538159,3.08256391
40,Les Roches Brunes,https://www.booking.com/hotel/fr/les-roches-brunes-collioure.en-gb.html?aid=304142&label=gen173nr-1FCAQoggJCEHNlYXJjaF9jb2xsaW91cmVIM1gEaE2IAQGYAQm4AQrIAQXYAQHoAQH4AQOIAgGoAgO4Ap_N0LgGwAIB0gIkNDdlMTczMDEtZGE1OC00Y2YwLTk1MjMtNjExMmYzNWNjNDEy2AIF4AIB&ucfs=1&arphpl=1&group_adults=2&req_adults=2&no_rooms=1&group_children=0&req_children=0&hpos=1&hapos=1&sr_order=popularity&srpvid=427d980f4a5306ed&srepoch=1729373856&from_sustainable_property_sr=1&from=searchresults,9.1,"Located in Collioure, 70 metres from Balette Beach, Les Roches Brunes provides accommodation with a garden, free private parking, a terrace and a restaurant. ",Collioure,42.52534777,3.09032446
41,"Villa LEOVI Superbe logement 3 pieces - 7 personnes, à 100m plage la Faviere",https://www.booking.com/hotel/fr/villa-leovi.en-gb.html?aid=304142&label=gen173nr-1FCAQoggJCGXNlYXJjaF9ib3JtZXMgbGVzIG1pbW9zYXNIM1gEaE2IAQGYAQm4AQrIAQXYAQHoAQH4AQOIAgGoAgO4Ap7N0LgGwAIB0gIkY2YxOTA2ZTQtZDVmNi00YzZkLTgzOTMtMzI2ZWQxMmU2OTFl2AIF4AIB&ucfs=1&arphpl=1&group_adults=2&req_adults=2&no_rooms=1&group_children=0&req_children=0&hpos=24&hapos=24&sr_order=popularity&srpvid=52a4980f39c10418&srepoch=1729373855&from=searchresults,9.4,"Boasting air-conditioned accommodation with a patio, Villa LEOVI Superbe logement 3 pieces - 7 personnes, à 100m plage la Faviere is situated in Bormes-les-Mimosas. ",Bormes les Mimosas,43.1217675,6.3555559
42,Studio avec Jardin et Parking Privés,https://www.booking.com/hotel/fr/217-rue-des-iris.en-gb.html?aid=304142&label=gen173nr-1FCAQoggJCGXNlYXJjaF9ib3JtZXMgbGVzIG1pbW9zYXNIM1gEaE2IAQGYAQm4AQrIAQXYAQHoAQH4AQOIAgGoAgO4Ap7N0LgGwAIB0gIkY2YxOTA2ZTQtZDVmNi00YzZkLTgzOTMtMzI2ZWQxMmU2OTFl2AIF4AIB&ucfs=1&arphpl=1&group_adults=2&req_adults=2&no_rooms=1&group_children=0&req_children=0&hpos=23&hapos=23&sr_order=popularity&srpvid=52a4980f39c10418&srepoch=1729373855&from=searchresults,8.6,"Located in Bormes-les-Mimosas and only 32 km from Chateau de Grimaud, Studio avec Jardin et Parking Privés provides accommodation with quiet street views, free WiFi and free private parking. ",Bormes les Mimosas,43.1403633,6.3367149
43,Hôtel de la Plage - HDLP,https://www.booking.com/hotel/fr/de-la-plage-hdlp.en-gb.html?aid=304142&label=gen173nr-1FCAQoggJCGXNlYXJjaF9ib3JtZXMgbGVzIG1pbW9zYXNIM1gEaE2IAQGYAQm4AQrIAQXYAQHoAQH4AQOIAgGoAgO4Ap7N0LgGwAIB0gIkY2YxOTA2ZTQtZDVmNi00YzZkLTgzOTMtMzI2ZWQxMmU2OTFl2AIF4AIB&ucfs=1&arphpl=1&group_adults=2&req_adults=2&no_rooms=1&group_children=0&req_children=0&hpos=22&hapos=22&sr_order=popularity&srpvid=52a4980f39c10418&srepoch=1729373855&from=searchresults,8.8,"Set in Bormes-les-Mimosas, 500 metres from Faviere, Hôtel de la Plage - HDLP offers accommodation with a garden, free private parking, a shared lounge and a terrace. ",Bormes les Mimosas,43.124617,6.357572
44,Appartement pieds dans l’eau Vue Mer Bormes Les Mimosas,https://www.booking.com/hotel/fr/appartement-pieds-dans-l-eau-vue-mer-bormes-les-mimosas.en-gb.html?aid=304142&label=gen173nr-1FCAQoggJCGXNlYXJjaF9ib3JtZXMgbGVzIG1pbW9zYXNIM1gEaE2IAQGYAQm4AQrIAQXYAQHoAQH4AQOIAgGoAgO4Ap7N0LgGwAIB0gIkY2YxOTA2ZTQtZDVmNi00YzZkLTgzOTMtMzI2ZWQxMmU2OTFl2AIF4AIB&ucfs=1&arphpl=1&group_adults=2&req_adults=2&no_rooms=1&group_children=0&req_children=0&hpos=21&hapos=21&sr_order=popularity&srpvid=52a4980f39c10418&srepoch=1729373855&from=searchresults,9.2,"Offering sea views, Appartement pieds dans l’eau Vue Mer Bormes Les Mimosas is an accommodation located in Bormes-les-Mimosas, 90 metres from Faviere and 700 metres from Pointe de Gouron Beach. ",Bormes les Mimosas,43.12215305,6.35946358
45,Hotel Restaurant Bellevue,https://www.booking.com/hotel/fr/restaurant-bellevue.en-gb.html?aid=304142&label=gen173nr-1FCAQoggJCGXNlYXJjaF9ib3JtZXMgbGVzIG1pbW9zYXNIM1gEaE2IAQGYAQm4AQrIAQXYAQHoAQH4AQOIAgGoAgO4Ap7N0LgGwAIB0gIkY2YxOTA2ZTQtZDVmNi00YzZkLTgzOTMtMzI2ZWQxMmU2OTFl2AIF4AIB&ucfs=1&arphpl=1&group_adults=2&req_adults=2&no_rooms=1&group_children=0&req_children=0&hpos=20&hapos=20&sr_order=popularity&srpvid=52a4980f39c10418&srepoch=1729373855&from=searchresults,7.4,"Located in downtown Bormes-les-Mimosas, Hotel Restaurant Bellevue features a restaurant serving fresh and local products, a bar and a sitting area in front of the property. ",Bormes les Mimosas,43.15187759,6.34313598
46,Eden Rose Grand Hotel BW Premier Collection,https://www.booking.com/hotel/fr/eden-rose-grand-bw-premier-collection.en-gb.html?aid=304142&label=gen173nr-1FCAQoggJCGXNlYXJjaF9ib3JtZXMgbGVzIG1pbW9zYXNIM1gEaE2IAQGYAQm4AQrIAQXYAQHoAQH4AQOIAgGoAgO4Ap7N0LgGwAIB0gIkY2YxOTA2ZTQtZDVmNi00YzZkLTgzOTMtMzI2ZWQxMmU2OTFl2AIF4AIB&ucfs=1&arphpl=1&group_adults=2&req_adults=2&no_rooms=1&group_children=0&req_children=0&hpos=19&hapos=19&sr_order=popularity&srpvid=52a4980f39c10418&srepoch=1729373855&from=searchresults,8.8,"Set in Bormes-les-Mimosas, 29 km from Chateau de Grimaud, Eden Rose Grand Hotel BW Premier Collection offers accommodation with a seasonal outdoor swimming pool, private parking, a garden and a...",Bormes les Mimosas,43.152872,6.342654
47,Cosy 36m With Nice Sea View Center Village !,https://www.booking.com/hotel/fr/cosy-36m-with-nice-sea-view-center-village.en-gb.html?aid=304142&label=gen173nr-1FCAQoggJCGXNlYXJjaF9ib3JtZXMgbGVzIG1pbW9zYXNIM1gEaE2IAQGYAQm4AQrIAQXYAQHoAQH4AQOIAgGoAgO4Ap7N0LgGwAIB0gIkY2YxOTA2ZTQtZDVmNi00YzZkLTgzOTMtMzI2ZWQxMmU2OTFl2AIF4AIB&ucfs=1&arphpl=1&group_adults=2&req_adults=2&no_rooms=1&group_children=0&req_children=0&hpos=18&hapos=18&sr_order=popularity&srpvid=52a4980f39c10418&srepoch=1729373855&from=searchresults,8.8,"Located 33 km from Le Pont des Fées, 39 km from Toulon Train Station and 39 km from Zénith Oméga Toulon, Cosy 36m With Nice Sea View Center Village! features accommodation set in Bormes-les-Mimosas. ",Bormes les Mimosas,43.15088,6.341155
48,Coeur de village,https://www.booking.com/hotel/fr/coeur-de-village-bormes-les-mimosas.en-gb.html?aid=304142&label=gen173nr-1FCAQoggJCGXNlYXJjaF9ib3JtZXMgbGVzIG1pbW9zYXNIM1gEaE2IAQGYAQm4AQrIAQXYAQHoAQH4AQOIAgGoAgO4Ap7N0LgGwAIB0gIkY2YxOTA2ZTQtZDVmNi00YzZkLTgzOTMtMzI2ZWQxMmU2OTFl2AIF4AIB&ucfs=1&arphpl=1&group_adults=2&req_adults=2&no_rooms=1&group_children=0&req_children=0&hpos=17&hapos=17&sr_order=popularity&srpvid=52a4980f39c10418&srepoch=1729373855&from=searchresults,8.2,"Set in Bormes-les-Mimosas in the Provence-Alpes-Côte d'Azur region, Coeur de village features a terrace and city views. ",Bormes les Mimosas,43.150077,6.342641
49,La Lavandière,https://www.booking.com/hotel/fr/la-lavandiere-bormes-les-mimosas.en-gb.html?aid=304142&label=gen173nr-1FCAQoggJCGXNlYXJjaF9ib3JtZXMgbGVzIG1pbW9zYXNIM1gEaE2IAQGYAQm4AQrIAQXYAQHoAQH4AQOIAgGoAgO4Ap7N0LgGwAIB0gIkY2YxOTA2ZTQtZDVmNi00YzZkLTgzOTMtMzI2ZWQxMmU2OTFl2AIF4AIB&ucfs=1&arphpl=1&group_adults=2&req_adults=2&no_rooms=1&group_children=0&req_children=0&hpos=16&hapos=16&sr_order=popularity&srpvid=52a4980f39c10418&srepoch=1729373855&from=searchresults,8.0,"Set in Bormes-les-Mimosas, 2.8 km from Pointe de Gouron Beach and 2.9 km from Grande Plage, La Lavandière offers an infinity pool and air conditioning. ",Bormes les Mimosas,43.1438549,6.3518156
50,Hostellerie du Cigalou - Teritoria,https://www.booking.com/hotel/fr/hostellerie-du-cigalou.en-gb.html?aid=304142&label=gen173nr-1FCAQoggJCGXNlYXJjaF9ib3JtZXMgbGVzIG1pbW9zYXNIM1gEaE2IAQGYAQm4AQrIAQXYAQHoAQH4AQOIAgGoAgO4Ap7N0LgGwAIB0gIkY2YxOTA2ZTQtZDVmNi00YzZkLTgzOTMtMzI2ZWQxMmU2OTFl2AIF4AIB&ucfs=1&arphpl=1&group_adults=2&req_adults=2&no_rooms=1&group_children=0&req_children=0&hpos=15&hapos=15&sr_order=popularity&srpvid=52a4980f39c10418&srepoch=1729373855&from=searchresults,8.0,"Set in the medieval village of Bornes-les-Mimosas, this 3-star hotel is just a 25-minute drive from Toulon. ",Bormes les Mimosas,43.1519579,6.3432835
51,La petite Provence,https://www.booking.com/hotel/fr/lovely-place-for-2.en-gb.html?aid=304142&label=gen173nr-1FCAQoggJCGXNlYXJjaF9ib3JtZXMgbGVzIG1pbW9zYXNIM1gEaE2IAQGYAQm4AQrIAQXYAQHoAQH4AQOIAgGoAgO4Ap7N0LgGwAIB0gIkY2YxOTA2ZTQtZDVmNi00YzZkLTgzOTMtMzI2ZWQxMmU2OTFl2AIF4AIB&ucfs=1&arphpl=1&group_adults=2&req_adults=2&no_rooms=1&group_children=0&req_children=0&hpos=14&hapos=14&sr_order=popularity&srpvid=52a4980f39c10418&srepoch=1729373855&from=searchresults,8.8,"Set in Bormes-les-Mimosas, La petite Provence offers city views and free WiFi, 29 km from Chateau de Grimaud and 29 km from Le Pont des Fées. ",Bormes les Mimosas,43.15127099,6.34190677
52,Cosy studio - Place du Figuier,https://www.booking.com/hotel/fr/studio-figuier-bormes-les-mimosas.en-gb.html?aid=304142&label=gen173nr-1FCAQoggJCGXNlYXJjaF9ib3JtZXMgbGVzIG1pbW9zYXNIM1gEaE2IAQGYAQm4AQrIAQXYAQHoAQH4AQOIAgGoAgO4Ap7N0LgGwAIB0gIkY2YxOTA2ZTQtZDVmNi00YzZkLTgzOTMtMzI2ZWQxMmU2OTFl2AIF4AIB&ucfs=1&arphpl=1&group_adults=2&req_adults=2&no_rooms=1&group_children=0&req_children=0&hpos=13&hapos=13&sr_order=popularity&srpvid=52a4980f39c10418&srepoch=1729373855&from=searchresults,9.6,"Set in Bormes-les-Mimosas, 29 km from Chateau de Grimaud and 29 km from Le Pont des Fées, Cosy studio - Place du Figuier offers air-conditioned accommodation with a terrace and free WiFi. ",Bormes les Mimosas,43.15145512,6.3429683
53,Hotel La Voile,https://www.booking.com/hotel/fr/hotel-la-voile-fr.en-gb.html?aid=304142&label=gen173nr-1FCAQoggJCGXNlYXJjaF9ib3JtZXMgbGVzIG1pbW9zYXNIM1gEaE2IAQGYAQm4AQrIAQXYAQHoAQH4AQOIAgGoAgO4Ap7N0LgGwAIB0gIkY2YxOTA2ZTQtZDVmNi00YzZkLTgzOTMtMzI2ZWQxMmU2OTFl2AIF4AIB&ucfs=1&arphpl=1&group_adults=2&req_adults=2&no_rooms=1&group_children=0&req_children=0&hpos=12&hapos=12&sr_order=popularity&srpvid=52a4980f39c10418&srepoch=1729373855&from_sustainable_property_sr=1&from=searchresults,8.6,"Hotel La Voile is ideally situated just 400 metres from the beaches and Bormes harbour in a quiet, peaceful environment near the village of La Favière. There is an outdoor heated pool and a lounge...",Bormes les Mimosas,43.12549,6.3573
54,Appartement unique dans le domaine de la sangliere,https://www.booking.com/hotel/fr/appartement-unique-dans-un-domaine-viticole.en-gb.html?aid=304142&label=gen173nr-1FCAQoggJCGXNlYXJjaF9ib3JtZXMgbGVzIG1pbW9zYXNIM1gEaE2IAQGYAQm4AQrIAQXYAQHoAQH4AQOIAgGoAgO4Ap7N0LgGwAIB0gIkY2YxOTA2ZTQtZDVmNi00YzZkLTgzOTMtMzI2ZWQxMmU2OTFl2AIF4AIB&ucfs=1&arphpl=1&group_adults=2&req_adults=2&no_rooms=1&group_children=0&req_children=0&hpos=11&hapos=11&sr_order=popularity&srpvid=52a4980f39c10418&srepoch=1729373855&from=searchresults,9.2,"Situated in Bormes-les-Mimosas, 1.1 km from Plage du Pellegrin and 1.8 km from Chapelle Saint-Georges Beach, Appartement unique dans le domaine de la sangliere offers a garden and air conditioning. ",Bormes les Mimosas,43.1279047,6.2772223
55,Superbe T2 4 étoiles climatisé Favière refait à neuf,https://www.booking.com/hotel/fr/superbe-t2-4-etoiles-climatise-faviere-refait-a-neuf.en-gb.html?aid=304142&label=gen173nr-1FCAQoggJCGXNlYXJjaF9ib3JtZXMgbGVzIG1pbW9zYXNIM1gEaE2IAQGYAQm4AQrIAQXYAQHoAQH4AQOIAgGoAgO4Ap7N0LgGwAIB0gIkY2YxOTA2ZTQtZDVmNi00YzZkLTgzOTMtMzI2ZWQxMmU2OTFl2AIF4AIB&ucfs=1&arphpl=1&group_adults=2&req_adults=2&no_rooms=1&group_children=0&req_children=0&hpos=10&hapos=10&sr_order=popularity&srpvid=52a4980f39c10418&srepoch=1729373855&from=searchresults,9.0,"Situated in Bormes-les-Mimosas, 300 metres from Faviere and 600 metres from Plage de l'Anglade, Superbe T2 4 étoiles climatisé Favière refait à neuf offers free WiFi, a private beach area and air...",Bormes les Mimosas,43.1238485,6.3598623
56,Le petit atelier,https://www.booking.com/hotel/fr/le-petit-atelier-bormes-les-mimosas1234567891011121314151617.en-gb.html?aid=304142&label=gen173nr-1FCAQoggJCGXNlYXJjaF9ib3JtZXMgbGVzIG1pbW9zYXNIM1gEaE2IAQGYAQm4AQrIAQXYAQHoAQH4AQOIAgGoAgO4Ap7N0LgGwAIB0gIkY2YxOTA2ZTQtZDVmNi00YzZkLTgzOTMtMzI2ZWQxMmU2OTFl2AIF4AIB&ucfs=1&arphpl=1&group_adults=2&req_adults=2&no_rooms=1&group_children=0&req_children=0&hpos=9&hapos=9&sr_order=popularity&srpvid=52a4980f39c10418&srepoch=1729373855&from_sustainable_property_sr=1&from=searchresults,9.0,"Situated in Bormes-les-Mimosas, 2.8 km from Plage de l'Anglade, Le petit atelier offers accommodation with a hot tub and beauty services. ",Bormes les Mimosas,43.142501,6.3491788
57,La Recampado,https://www.booking.com/hotel/fr/la-recampado-bormes-les-mimosas.en-gb.html?aid=304142&label=gen173nr-1FCAQoggJCGXNlYXJjaF9ib3JtZXMgbGVzIG1pbW9zYXNIM1gEaE2IAQGYAQm4AQrIAQXYAQHoAQH4AQOIAgGoAgO4Ap7N0LgGwAIB0gIkY2YxOTA2ZTQtZDVmNi00YzZkLTgzOTMtMzI2ZWQxMmU2OTFl2AIF4AIB&ucfs=1&arphpl=1&group_adults=2&req_adults=2&no_rooms=1&group_children=0&req_children=0&hpos=8&hapos=8&sr_order=popularity&srpvid=52a4980f39c10418&srepoch=1729373855&from=searchresults,9.6,"Located in Bormes-les-Mimosas, 29 km from Chateau de Grimaud and 29 km from Le Pont des Fées, La Recampado provides accommodation with amenities such as free WiFi and a flat-screen TV. ",Bormes les Mimosas,43.150971,6.342117
58,Bormes - Le Loft,https://www.booking.com/hotel/fr/bormes-le-loft.en-gb.html?aid=304142&label=gen173nr-1FCAQoggJCGXNlYXJjaF9ib3JtZXMgbGVzIG1pbW9zYXNIM1gEaE2IAQGYAQm4AQrIAQXYAQHoAQH4AQOIAgGoAgO4Ap7N0LgGwAIB0gIkY2YxOTA2ZTQtZDVmNi00YzZkLTgzOTMtMzI2ZWQxMmU2OTFl2AIF4AIB&ucfs=1&arphpl=1&group_adults=2&req_adults=2&no_rooms=1&group_children=0&req_children=0&hpos=7&hapos=7&sr_order=popularity&srpvid=52a4980f39c10418&srepoch=1729373855&from_sustainable_property_sr=1&from=searchresults,8.8,"Offering city views, Bormes - Le Loft is an accommodation set in Bormes-les-Mimosas, 33 km from Le Pont des Fées and 39 km from Toulon Train Station. ",Bormes les Mimosas,43.1507533,6.3406583
59,"L'Odyssée provençale, un duplex de charme de 2 chambres au pied du village médiéval de Bormes-les-Mimosas, offrant des prestations haut de gamme et une superbe vue sur le Massif des Maures",https://www.booking.com/hotel/fr/duplex-de-charme-t3-dernier-etage-vue-collines.en-gb.html?aid=304142&label=gen173nr-1FCAQoggJCGXNlYXJjaF9ib3JtZXMgbGVzIG1pbW9zYXNIM1gEaE2IAQGYAQm4AQrIAQXYAQHoAQH4AQOIAgGoAgO4Ap7N0LgGwAIB0gIkY2YxOTA2ZTQtZDVmNi00YzZkLTgzOTMtMzI2ZWQxMmU2OTFl2AIF4AIB&ucfs=1&arphpl=1&group_adults=2&req_adults=2&no_rooms=1&group_children=0&req_children=0&hpos=6&hapos=6&sr_order=popularity&srpvid=52a4980f39c10418&srepoch=1729373855&from_sustainable_property_sr=1&from=searchresults,9.5,"Situated in Bormes-les-Mimosas, L'Odyssée provençale, un duplex de charme de 2 chambres au pied du village médiéval de Bormes-les-Mimosas, offrant des prestations haut de gamme et une superbe vue sur...",Bormes les Mimosas,43.1466879,6.3391625
60,Les deux mas,https://www.booking.com/hotel/fr/lou-mazet-bormes-les-mimosas.en-gb.html?aid=304142&label=gen173nr-1FCAQoggJCGXNlYXJjaF9ib3JtZXMgbGVzIG1pbW9zYXNIM1gEaE2IAQGYAQm4AQrIAQXYAQHoAQH4AQOIAgGoAgO4Ap7N0LgGwAIB0gIkY2YxOTA2ZTQtZDVmNi00YzZkLTgzOTMtMzI2ZWQxMmU2OTFl2AIF4AIB&ucfs=1&arphpl=1&group_adults=2&req_adults=2&no_rooms=1&group_children=0&req_children=0&hpos=5&hapos=5&sr_order=popularity&srpvid=52a4980f39c10418&srepoch=1729373855&from=searchresults,9.1,"Les deux mas is located in Bormes-les-Mimosas and features a private pool and pool views. This property offers access to a terrace, free private parking and free WiFi. ",Bormes les Mimosas,43.14393659,6.33632324
61,Hôtel Paradis,https://www.booking.com/hotel/fr/paradis.en-gb.html?aid=304142&label=gen173nr-1FCAQoggJCGXNlYXJjaF9ib3JtZXMgbGVzIG1pbW9zYXNIM1gEaE2IAQGYAQm4AQrIAQXYAQHoAQH4AQOIAgGoAgO4Ap7N0LgGwAIB0gIkY2YxOTA2ZTQtZDVmNi00YzZkLTgzOTMtMzI2ZWQxMmU2OTFl2AIF4AIB&ucfs=1&arphpl=1&group_adults=2&req_adults=2&no_rooms=1&group_children=0&req_children=0&hpos=4&hapos=4&sr_order=popularity&srpvid=52a4980f39c10418&srepoch=1729373855&from_sustainable_property_sr=1&from=searchresults,8.5,Hôtel Paradis is set in a building built in 1920 and has a luxuriant garden and offers a panoramic view over the sea and the old village of Bormes. ,Bormes les Mimosas,43.144686,6.335125
62,Bel appartement classé 3 étoiles,https://www.booking.com/hotel/fr/joli-2-pieces-avec-parking-gratuit-sur-place.en-gb.html?aid=304142&label=gen173nr-1FCAQoggJCGXNlYXJjaF9ib3JtZXMgbGVzIG1pbW9zYXNIM1gEaE2IAQGYAQm4AQrIAQXYAQHoAQH4AQOIAgGoAgO4Ap7N0LgGwAIB0gIkY2YxOTA2ZTQtZDVmNi00YzZkLTgzOTMtMzI2ZWQxMmU2OTFl2AIF4AIB&ucfs=1&arphpl=1&group_adults=2&req_adults=2&no_rooms=1&group_children=0&req_children=0&hpos=3&hapos=3&sr_order=popularity&srpvid=52a4980f39c10418&srepoch=1729373855&from=searchresults,9.6,"Offering quiet street views, Bel appartement classé 3 étoiles is an accommodation located in Bormes-les-Mimosas, 37 km from Toulon Train Station and 38 km from Zénith Oméga Toulon. ",Bormes les Mimosas,43.1439829,6.337272
63,Les Terrasses de Lô,https://www.booking.com/hotel/fr/les-terrasses-de-lo.en-gb.html?aid=304142&label=gen173nr-1FCAQoggJCGXNlYXJjaF9ib3JtZXMgbGVzIG1pbW9zYXNIM1gEaE2IAQGYAQm4AQrIAQXYAQHoAQH4AQOIAgGoAgO4Ap7N0LgGwAIB0gIkY2YxOTA2ZTQtZDVmNi00YzZkLTgzOTMtMzI2ZWQxMmU2OTFl2AIF4AIB&ucfs=1&arphpl=1&group_adults=2&req_adults=2&no_rooms=1&group_children=0&req_children=0&hpos=2&hapos=2&sr_order=popularity&srpvid=52a4980f39c10418&srepoch=1729373855&from_sustainable_property_sr=1&from=searchresults,9.4,"Featuring an open-air bath and views of mountain, Les Terrasses de Lô is a recently renovated bed and breakfast located in Bormes-les-Mimosas, 2.7 km from Plage de l'Anglade. ",Bormes les Mimosas,43.143885,6.353536
64,The Little House,https://www.booking.com/hotel/fr/the-little-house-bormes-les-mimosas.en-gb.html?aid=304142&label=gen173nr-1FCAQoggJCGXNlYXJjaF9ib3JtZXMgbGVzIG1pbW9zYXNIM1gEaE2IAQGYAQm4AQrIAQXYAQHoAQH4AQOIAgGoAgO4Ap7N0LgGwAIB0gIkY2YxOTA2ZTQtZDVmNi00YzZkLTgzOTMtMzI2ZWQxMmU2OTFl2AIF4AIB&ucfs=1&arphpl=1&group_adults=2&req_adults=2&no_rooms=1&group_children=0&req_children=0&hpos=1&hapos=1&sr_order=popularity&srpvid=52a4980f39c10418&srepoch=1729373855&from=searchresults,9.4,"Located in Bormes-les-Mimosas, 29 km from Chateau de Grimaud, 30 km from Le Pont des Fées and 39 km from Toulon Train Station, The Little House provides accommodation with a balcony and free WiFi. ",Bormes les Mimosas,43.15036081,6.34220201
65,Les cèdres,https://www.booking.com/hotel/fr/les-cedres-uzes.en-gb.html?aid=304142&label=gen173nr-1FCAQoggJCC3NlYXJjaF91emVzSDNYBGhNiAEBmAEJuAEKyAEF2AEB6AEB-AEDiAIBqAIDuAKezdC4BsACAdICJDljZDk4YWNjLWQwODktNDZhOS1hZWM2LTNhMzkzNDJhZjIzZNgCBeACAQ&ucfs=1&arphpl=1&group_adults=2&req_adults=2&no_rooms=1&group_children=0&req_children=0&hpos=24&hapos=24&sr_order=popularity&srpvid=ca84980f91fd0082&srepoch=1729373855&from_sustainable_property_sr=1&from=searchresults,9.6,"40 km from Papal Palace in Uzès, Les cèdres provides accommodation with access to a hot tub and spa facilities. ",Uzes,44.01184741,4.41413619
66,"La Casita - Studio Confort au cœur de ville - Charme de l'ancien - Uzès, Pont du Gard",https://www.booking.com/hotel/fr/la-casita-studio-avec-mezzanine-vue-sur-les-toits-confort-centre-uzes-pont-du-ga.en-gb.html?aid=304142&label=gen173nr-1FCAQoggJCC3NlYXJjaF91emVzSDNYBGhNiAEBmAEJuAEKyAEF2AEB6AEB-AEDiAIBqAIDuAKezdC4BsACAdICJDljZDk4YWNjLWQwODktNDZhOS1hZWM2LTNhMzkzNDJhZjIzZNgCBeACAQ&ucfs=1&arphpl=1&group_adults=2&req_adults=2&no_rooms=1&group_children=0&req_children=0&hpos=23&hapos=23&sr_order=popularity&srpvid=ca84980f91fd0082&srepoch=1729373855&from_sustainable_property_sr=1&from=searchresults,8.7,"Situated in Uzès, La Casita - Studio Confort au cœur de ville - Charme de l'ancien - Uzès, Pont du Gard is a recently renovated accommodation, 32 km from Parc Expo Nîmes and 38 km from Avignon Central...",Uzes,44.0142503,4.4199672
67,Uzès la Tour Médiévale Centre Historique,https://www.booking.com/hotel/fr/uzes-centre-historique-la-tour-medievale.en-gb.html?aid=304142&label=gen173nr-1FCAQoggJCC3NlYXJjaF91emVzSDNYBGhNiAEBmAEJuAEKyAEF2AEB6AEB-AEDiAIBqAIDuAKezdC4BsACAdICJDljZDk4YWNjLWQwODktNDZhOS1hZWM2LTNhMzkzNDJhZjIzZNgCBeACAQ&ucfs=1&arphpl=1&group_adults=2&req_adults=2&no_rooms=1&group_children=0&req_children=0&hpos=22&hapos=22&sr_order=popularity&srpvid=ca84980f91fd0082&srepoch=1729373855&from=searchresults,9.3,"Uzès la Tour Médiévale Centre Historique is located in Uzès, 38 km from Avignon Central Station, 40 km from Papal Palace, and 41 km from Avignon TGV Train Station. ",Uzes,44.0124278,4.4192465
68,Logis Hotel Restaurant Uzès Pont du Gard,https://www.booking.com/hotel/fr/uzes.en-gb.html?aid=304142&label=gen173nr-1FCAQoggJCC3NlYXJjaF91emVzSDNYBGhNiAEBmAEJuAEKyAEF2AEB6AEB-AEDiAIBqAIDuAKezdC4BsACAdICJDljZDk4YWNjLWQwODktNDZhOS1hZWM2LTNhMzkzNDJhZjIzZNgCBeACAQ&ucfs=1&arphpl=1&group_adults=2&req_adults=2&no_rooms=1&group_children=0&req_children=0&hpos=21&hapos=21&sr_order=popularity&srpvid=ca84980f91fd0082&srepoch=1729373855&from_sustainable_property_sr=1&from=searchresults,7.8,"Logis Hotel Restaurant Uzès Pont du Gard offers comfortable and well-equipped rooms, just a 10-minute walk from the centre. ",Uzes,44.00284485,4.41645205
69,La Villa Léa,https://www.booking.com/hotel/fr/la-villa-lea.en-gb.html?aid=304142&label=gen173nr-1FCAQoggJCC3NlYXJjaF91emVzSDNYBGhNiAEBmAEJuAEKyAEF2AEB6AEB-AEDiAIBqAIDuAKezdC4BsACAdICJDljZDk4YWNjLWQwODktNDZhOS1hZWM2LTNhMzkzNDJhZjIzZNgCBeACAQ&ucfs=1&arphpl=1&group_adults=2&req_adults=2&no_rooms=1&group_children=0&req_children=0&hpos=20&hapos=20&sr_order=popularity&srpvid=ca84980f91fd0082&srepoch=1729373855&from=searchresults,9.2,"Offering an outdoor pool and sun terrace, La Villa Léa is set in Uzès in the Languedoc-Roussillon Region. There is a water park on site and guests can enjoy the on-site restaurant and bar. ",Uzes,44.0143623,4.41091965
70,Une chambre à Uzès,https://www.booking.com/hotel/fr/une-chambre-a-uzes.en-gb.html?aid=304142&label=gen173nr-1FCAQoggJCC3NlYXJjaF91emVzSDNYBGhNiAEBmAEJuAEKyAEF2AEB6AEB-AEDiAIBqAIDuAKezdC4BsACAdICJDljZDk4YWNjLWQwODktNDZhOS1hZWM2LTNhMzkzNDJhZjIzZNgCBeACAQ&ucfs=1&arphpl=1&group_adults=2&req_adults=2&no_rooms=1&group_children=0&req_children=0&hpos=19&hapos=19&sr_order=popularity&srpvid=ca84980f91fd0082&srepoch=1729373855&from=searchresults,9.1,"Set in Uzès, the recently renovated Une chambre à Uzès offers accommodation 31 km from Parc Expo Nîmes and 38 km from Avignon Central Station. ",Uzes,44.0118323,4.4185005
71,Le trente trois,https://www.booking.com/hotel/fr/le-trente-trois.en-gb.html?aid=304142&label=gen173nr-1FCAQoggJCC3NlYXJjaF91emVzSDNYBGhNiAEBmAEJuAEKyAEF2AEB6AEB-AEDiAIBqAIDuAKezdC4BsACAdICJDljZDk4YWNjLWQwODktNDZhOS1hZWM2LTNhMzkzNDJhZjIzZNgCBeACAQ&ucfs=1&arphpl=1&group_adults=2&req_adults=2&no_rooms=1&group_children=0&req_children=0&hpos=18&hapos=18&sr_order=popularity&srpvid=ca84980f91fd0082&srepoch=1729373855&from=searchresults,8.9,"Set in Uzès, Le trente trois offers city views and free WiFi, 31 km from Parc Expo Nîmes and 38 km from Avignon Central Station. ",Uzes,44.00964195,4.41788524
72,"Appartement moderne central avec piscine, garage privé et terrasse sud",https://www.booking.com/hotel/fr/le-petit-olivier-uzes.en-gb.html?aid=304142&label=gen173nr-1FCAQoggJCC3NlYXJjaF91emVzSDNYBGhNiAEBmAEJuAEKyAEF2AEB6AEB-AEDiAIBqAIDuAKezdC4BsACAdICJDljZDk4YWNjLWQwODktNDZhOS1hZWM2LTNhMzkzNDJhZjIzZNgCBeACAQ&ucfs=1&arphpl=1&group_adults=2&req_adults=2&no_rooms=1&group_children=0&req_children=0&hpos=17&hapos=17&sr_order=popularity&srpvid=ca84980f91fd0082&srepoch=1729373855&from=searchresults,8.8,"Set in Uzès, Appartement moderne central avec piscine, garage privé et terrasse sud offers accommodation with private pool, free WiFi and free private parking for guests who drive. ",Uzes,44.0127652,4.4143231
73,Petit cocon en plein centre historique d'Uzès - Place aux herbes en zone piétonnière,https://www.booking.com/hotel/fr/petit-cocon-en-plein-centre-historique-d-uzes-place-aux-herbes.en-gb.html?aid=304142&label=gen173nr-1FCAQoggJCC3NlYXJjaF91emVzSDNYBGhNiAEBmAEJuAEKyAEF2AEB6AEB-AEDiAIBqAIDuAKezdC4BsACAdICJDljZDk4YWNjLWQwODktNDZhOS1hZWM2LTNhMzkzNDJhZjIzZNgCBeACAQ&ucfs=1&arphpl=1&group_adults=2&req_adults=2&no_rooms=1&group_children=0&req_children=0&hpos=16&hapos=16&sr_order=popularity&srpvid=ca84980f91fd0082&srepoch=1729373855&from=searchresults,8.1,"Petit cocon en plein centre historique d'Uzès - Place aux herbes en zone piétonnière is situated in Uzès, 38 km from Avignon Central Station, 39 km from Papal Palace, as well as 40 km from Avignon TGV...",Uzes,44.0115607,4.4182848
74,Appartement des amoureux,https://www.booking.com/hotel/fr/appartement-des-amoureux-uzes.en-gb.html?aid=304142&label=gen173nr-1FCAQoggJCC3NlYXJjaF91emVzSDNYBGhNiAEBmAEJuAEKyAEF2AEB6AEB-AEDiAIBqAIDuAKezdC4BsACAdICJDljZDk4YWNjLWQwODktNDZhOS1hZWM2LTNhMzkzNDJhZjIzZNgCBeACAQ&ucfs=1&arphpl=1&group_adults=2&req_adults=2&no_rooms=1&group_children=0&req_children=0&hpos=15&hapos=15&sr_order=popularity&srpvid=ca84980f91fd0082&srepoch=1729373855&from=searchresults,8.0,"Located in Uzès, Appartement des amoureux features accommodation with a pool with a view, a terrace and garden views. There is an on-site restaurant and free private parking. ",Uzes,44.00771258,4.40714631
75,Le Joubert Hôtel Particulier,https://www.booking.com/hotel/fr/studio-particulier-du-17e-siecle.en-gb.html?aid=304142&label=gen173nr-1FCAQoggJCC3NlYXJjaF91emVzSDNYBGhNiAEBmAEJuAEKyAEF2AEB6AEB-AEDiAIBqAIDuAKezdC4BsACAdICJDljZDk4YWNjLWQwODktNDZhOS1hZWM2LTNhMzkzNDJhZjIzZNgCBeACAQ&ucfs=1&arphpl=1&group_adults=2&req_adults=2&no_rooms=1&group_children=0&req_children=0&hpos=14&hapos=14&sr_order=popularity&srpvid=ca84980f91fd0082&srepoch=1729373855&from=searchresults,9.0,"Located in Uzès, 27 km from Parc Expo Nîmes and 38 km from Avignon Central Station, Le Joubert Hôtel Particulier offers air conditioning. ",Uzes,44.0125143,4.4185536
76,RAVISSANT STUDIO,https://www.booking.com/hotel/fr/ravissant-studio-uzes.en-gb.html?aid=304142&label=gen173nr-1FCAQoggJCC3NlYXJjaF91emVzSDNYBGhNiAEBmAEJuAEKyAEF2AEB6AEB-AEDiAIBqAIDuAKezdC4BsACAdICJDljZDk4YWNjLWQwODktNDZhOS1hZWM2LTNhMzkzNDJhZjIzZNgCBeACAQ&ucfs=1&arphpl=1&group_adults=2&req_adults=2&no_rooms=1&group_children=0&req_children=0&hpos=13&hapos=13&sr_order=popularity&srpvid=ca84980f91fd0082&srepoch=1729373855&from=searchresults,8.8,"Offering quiet street views, RAVISSANT STUDIO is an accommodation located in Uzès, 32 km from Parc Expo Nîmes and 38 km from Avignon Central Station. ",Uzes,44.0141777,4.4220873
77,Charmant T2 proche Place aux Herbes,https://www.booking.com/hotel/fr/charmant-t1-proche-place-aux-herbes.en-gb.html?aid=304142&label=gen173nr-1FCAQoggJCC3NlYXJjaF91emVzSDNYBGhNiAEBmAEJuAEKyAEF2AEB6AEB-AEDiAIBqAIDuAKezdC4BsACAdICJDljZDk4YWNjLWQwODktNDZhOS1hZWM2LTNhMzkzNDJhZjIzZNgCBeACAQ&ucfs=1&arphpl=1&group_adults=2&req_adults=2&no_rooms=1&group_children=0&req_children=0&hpos=12&hapos=12&sr_order=popularity&srpvid=ca84980f91fd0082&srepoch=1729373855&from=searchresults,8.7,"Situated 38 km from Avignon Central Station, 40 km from Papal Palace and 40 km from Avignon TGV Train Station, Charmant T2 proche Place aux Herbes features accommodation set in Uzès. ",Uzes,44.0115989,4.4194297
78,Maison De La Bourgade,https://www.booking.com/hotel/fr/maison-de-la-bourgade.en-gb.html?aid=304142&label=gen173nr-1FCAQoggJCC3NlYXJjaF91emVzSDNYBGhNiAEBmAEJuAEKyAEF2AEB6AEB-AEDiAIBqAIDuAKezdC4BsACAdICJDljZDk4YWNjLWQwODktNDZhOS1hZWM2LTNhMzkzNDJhZjIzZNgCBeACAQ&ucfs=1&arphpl=1&group_adults=2&req_adults=2&no_rooms=1&group_children=0&req_children=0&hpos=11&hapos=11&sr_order=popularity&srpvid=ca84980f91fd0082&srepoch=1729373855&from_sustainable_property_sr=1&from=searchresults,9.6,"Featuring a garden and views of garden, Maison De La Bourgade is a bed and breakfast situated in a historic building in Uzès, 31 km from Parc Expo Nîmes. ",Uzes,44.009668,4.418032
79,"La Casita - Studio Confort avec Parking privé - Lit douillet - Centre Uzès, Pont du Gard",https://www.booking.com/hotel/fr/chic-et-cosy-agreable-studio-renove-centre-d-uzes.en-gb.html?aid=304142&label=gen173nr-1FCAQoggJCC3NlYXJjaF91emVzSDNYBGhNiAEBmAEJuAEKyAEF2AEB6AEB-AEDiAIBqAIDuAKezdC4BsACAdICJDljZDk4YWNjLWQwODktNDZhOS1hZWM2LTNhMzkzNDJhZjIzZNgCBeACAQ&ucfs=1&arphpl=1&group_adults=2&req_adults=2&no_rooms=1&group_children=0&req_children=0&hpos=10&hapos=10&sr_order=popularity&srpvid=ca84980f91fd0082&srepoch=1729373855&from_sustainable_property_sr=1&from=searchresults,8.7,"Offering city views, La Casita - Studio Confort avec Parking privé - Lit douillet - Centre Uzès, Pont du Gard is an accommodation situated in Uzès, 40 km from Avignon TGV Train Station and 48 km from...",Uzes,44.0121521,4.4169701
80,Bon Jour Uzès,https://www.booking.com/hotel/fr/bon-jour-uzes.en-gb.html?aid=304142&label=gen173nr-1FCAQoggJCC3NlYXJjaF91emVzSDNYBGhNiAEBmAEJuAEKyAEF2AEB6AEB-AEDiAIBqAIDuAKezdC4BsACAdICJDljZDk4YWNjLWQwODktNDZhOS1hZWM2LTNhMzkzNDJhZjIzZNgCBeACAQ&ucfs=1&arphpl=1&group_adults=2&req_adults=2&no_rooms=1&group_children=0&req_children=0&hpos=9&hapos=9&sr_order=popularity&srpvid=ca84980f91fd0082&srepoch=1729373855&from=searchresults,9.6,"Situated in Uzès, 32 km from Parc Expo Nîmes and 38 km from Avignon Central Station, Bon Jour Uzès offers free WiFi and air conditioning. ",Uzes,44.0121968,4.41912483
81,"""La Suite"" 3 Etoiles",https://www.booking.com/hotel/fr/la-suite-a-50-metres-de-la-place-aux-herbes.en-gb.html?aid=304142&label=gen173nr-1FCAQoggJCC3NlYXJjaF91emVzSDNYBGhNiAEBmAEJuAEKyAEF2AEB6AEB-AEDiAIBqAIDuAKezdC4BsACAdICJDljZDk4YWNjLWQwODktNDZhOS1hZWM2LTNhMzkzNDJhZjIzZNgCBeACAQ&ucfs=1&arphpl=1&group_adults=2&req_adults=2&no_rooms=1&group_children=0&req_children=0&hpos=8&hapos=8&sr_order=popularity&srpvid=ca84980f91fd0082&srepoch=1729373855&from=searchresults,9.4,"Located in Uzès, the recently renovated ""La Suite"" 3 Etoiles provides accommodation 38 km from Avignon Central Station and 40 km from Papal Palace. ",Uzes,44.0114872,4.4198868
82,Guest House vue splendide,https://www.booking.com/hotel/fr/mini-suite-vue-splendide.en-gb.html?aid=304142&label=gen173nr-1FCAQoggJCC3NlYXJjaF91emVzSDNYBGhNiAEBmAEJuAEKyAEF2AEB6AEB-AEDiAIBqAIDuAKezdC4BsACAdICJDljZDk4YWNjLWQwODktNDZhOS1hZWM2LTNhMzkzNDJhZjIzZNgCBeACAQ&ucfs=1&arphpl=1&group_adults=2&req_adults=2&no_rooms=1&group_children=0&req_children=0&hpos=7&hapos=7&sr_order=popularity&srpvid=ca84980f91fd0082&srepoch=1729373855&from=searchresults,8.8,"Situated in Uzès, 32 km from Parc Expo Nîmes and 39 km from Avignon Central Station, Guest House vue splendide features spacious air-conditioned accommodation with a balcony and free WiFi. ",Uzes,44.0115749,4.4207409
83,Maison de Roche-Uzès Centre Historique L' Ucetia,https://www.booking.com/hotel/fr/maison-de-roche-uzes-centre-historique-l-ucetia.en-gb.html?aid=304142&label=gen173nr-1FCAQoggJCC3NlYXJjaF91emVzSDNYBGhNiAEBmAEJuAEKyAEF2AEB6AEB-AEDiAIBqAIDuAKezdC4BsACAdICJDljZDk4YWNjLWQwODktNDZhOS1hZWM2LTNhMzkzNDJhZjIzZNgCBeACAQ&ucfs=1&arphpl=1&group_adults=2&req_adults=2&no_rooms=1&group_children=0&req_children=0&hpos=6&hapos=6&sr_order=popularity&srpvid=ca84980f91fd0082&srepoch=1729373855&from=searchresults,9.3,"Located in Uzès, 31 km from Parc Expo Nîmes and 38 km from Avignon Central Station, Maison de Roche-Uzès Centre Historique L' Ucetia provides a restaurant, inner courtyard views and free WiFi. ",Uzes,44.0112246,4.4199226
84,Le Pré Aux Cigales,https://www.booking.com/hotel/fr/le-pre-aux-cigales.en-gb.html?aid=304142&label=gen173nr-1FCAQoggJCC3NlYXJjaF91emVzSDNYBGhNiAEBmAEJuAEKyAEF2AEB6AEB-AEDiAIBqAIDuAKezdC4BsACAdICJDljZDk4YWNjLWQwODktNDZhOS1hZWM2LTNhMzkzNDJhZjIzZNgCBeACAQ&ucfs=1&arphpl=1&group_adults=2&req_adults=2&no_rooms=1&group_children=0&req_children=0&hpos=5&hapos=5&sr_order=popularity&srpvid=ca84980f91fd0082&srepoch=1729373855&from=searchresults,9.7,"Located in Uzès in the Languedoc-Roussillon region, Le Pré Aux Cigales has a garden. ",Uzes,44.01544515,4.40987
85,"Uzès, au cœur du centre médiéval Le Logis du Consul un bien d'exception du XVIème siècle",https://www.booking.com/hotel/fr/uzes-au-coeur-du-centre-medieval-le-logie-du-consul-appartement-de-caractere.en-gb.html?aid=304142&label=gen173nr-1FCAQoggJCC3NlYXJjaF91emVzSDNYBGhNiAEBmAEJuAEKyAEF2AEB6AEB-AEDiAIBqAIDuAKezdC4BsACAdICJDljZDk4YWNjLWQwODktNDZhOS1hZWM2LTNhMzkzNDJhZjIzZNgCBeACAQ&ucfs=1&arphpl=1&group_adults=2&req_adults=2&no_rooms=1&group_children=0&req_children=0&hpos=4&hapos=4&sr_order=popularity&srpvid=ca84980f91fd0082&srepoch=1729373855&from=searchresults,8.9,"Offering city views, Uzès, au cœur du centre médiéval Le Logis du Consul un bien d'exception du XVIème siècle is an accommodation situated in Uzès, 38 km from Avignon Central Station and 40 km from...",Uzes,44.0124278,4.4192465
86,La petite hostellerie,https://www.booking.com/hotel/fr/la-petite-hostellerie-uzes1.en-gb.html?aid=304142&label=gen173nr-1FCAQoggJCC3NlYXJjaF91emVzSDNYBGhNiAEBmAEJuAEKyAEF2AEB6AEB-AEDiAIBqAIDuAKezdC4BsACAdICJDljZDk4YWNjLWQwODktNDZhOS1hZWM2LTNhMzkzNDJhZjIzZNgCBeACAQ&ucfs=1&arphpl=1&group_adults=2&req_adults=2&no_rooms=1&group_children=0&req_children=0&hpos=3&hapos=3&sr_order=popularity&srpvid=ca84980f91fd0082&srepoch=1729373855&from=searchresults,9.0,"Offering quiet street views, La petite hostellerie is an accommodation situated in Uzès, 31 km from Parc Expo Nîmes and 38 km from Avignon Central Station. ",Uzes,44.0108258,4.4177601
87,"Les Canisses, magnifique appartement avec terrasse au cœur d'Uzès",https://www.booking.com/hotel/fr/magnifique-appartement-avec-terrasse-privee-au-coeur-d-uzes.en-gb.html?aid=304142&label=gen173nr-1FCAQoggJCC3NlYXJjaF91emVzSDNYBGhNiAEBmAEJuAEKyAEF2AEB6AEB-AEDiAIBqAIDuAKezdC4BsACAdICJDljZDk4YWNjLWQwODktNDZhOS1hZWM2LTNhMzkzNDJhZjIzZNgCBeACAQ&ucfs=1&arphpl=1&group_adults=2&req_adults=2&no_rooms=1&group_children=0&req_children=0&hpos=2&hapos=2&sr_order=popularity&srpvid=ca84980f91fd0082&srepoch=1729373855&from=searchresults,9.8,"Located in Uzès, 32 km from Parc Expo Nîmes and 38 km from Avignon Central Station, Les Canisses, magnifique appartement avec terrasse au cœur d'Uzès provides accommodation with free WiFi in a...",Uzes,44.0135452,4.4170735
88,La Taverne,https://www.booking.com/hotel/fr/la-taverne.en-gb.html?aid=304142&label=gen173nr-1FCAQoggJCC3NlYXJjaF91emVzSDNYBGhNiAEBmAEJuAEKyAEF2AEB6AEB-AEDiAIBqAIDuAKezdC4BsACAdICJDljZDk4YWNjLWQwODktNDZhOS1hZWM2LTNhMzkzNDJhZjIzZNgCBeACAQ&ucfs=1&arphpl=1&group_adults=2&req_adults=2&no_rooms=1&group_children=0&req_children=0&hpos=1&hapos=1&sr_order=popularity&srpvid=ca84980f91fd0082&srepoch=1729373855&from=searchresults,8.6,"La Taverne is located in Uzès, on a pedestrian street just a 2-minute walk from the Duché Castle. The tourist office is 100 metres from the property and Haribo Museum is 3 km away. ",Uzes,44.014659,4.4200515
89,Residhotel Grenette,https://www.booking.com/hotel/fr/le-royal-grenoble.en-gb.html?aid=304142&label=gen173nr-1FCAQoggJCD3NlYXJjaF9ncmVub2JsZUgzWARoTYgBAZgBCbgBCsgBBdgBAegBAfgBA4gCAagCA7gCns3QuAbAAgHSAiQxNmQyOGFjNS0wM2RjLTQxOTQtOGQ2MS03YjNiNmNlNzhjNmTYAgXgAgE&ucfs=1&arphpl=1&group_adults=2&req_adults=2&no_rooms=1&group_children=0&req_children=0&hpos=24&hapos=24&sr_order=popularity&srpvid=7d20980ff93a001d&srepoch=1729373855&from_sustainable_property_sr=1&from=searchresults,7.6,"Residhotel Grenette is located in central Grenoble, a 3-minute walk away from Place Victor Hugo. It offers self-catering accommodation with free WiFi. ",Grenoble,45.19056363,5.72448447
90,Séjours & Affaires Grenoble Marie Curie,https://www.booking.com/hotel/fr/grenoble-marie-curie.en-gb.html?aid=304142&label=gen173nr-1FCAQoggJCD3NlYXJjaF9ncmVub2JsZUgzWARoTYgBAZgBCbgBCsgBBdgBAegBAfgBA4gCAagCA7gCns3QuAbAAgHSAiQxNmQyOGFjNS0wM2RjLTQxOTQtOGQ2MS03YjNiNmNlNzhjNmTYAgXgAgE&ucfs=1&arphpl=1&group_adults=2&req_adults=2&no_rooms=1&group_children=0&req_children=0&hpos=23&hapos=23&sr_order=popularity&srpvid=7d20980ff93a001d&srepoch=1729373855&from=searchresults,7.6,This residence is a 5-minute walk from Grenoble Train Station and less than 100 metres from Cité Internationale Tram Stop. ,Grenoble,45.19439642,5.71059331
91,Hôtel Terminus,https://www.booking.com/hotel/fr/hotelterminus.en-gb.html?aid=304142&label=gen173nr-1FCAQoggJCD3NlYXJjaF9ncmVub2JsZUgzWARoTYgBAZgBCbgBCsgBBdgBAegBAfgBA4gCAagCA7gCns3QuAbAAgHSAiQxNmQyOGFjNS0wM2RjLTQxOTQtOGQ2MS03YjNiNmNlNzhjNmTYAgXgAgE&ucfs=1&arphpl=1&group_adults=2&req_adults=2&no_rooms=1&group_children=0&req_children=0&hpos=22&hapos=22&sr_order=popularity&srpvid=7d20980ff93a001d&srepoch=1729373855&from_sustainable_property_sr=1&from=searchresults,8.2,"Located in Grenoble, the Hôtel Terminus is opposite the bus and SNCF train stations. It offers air-conditioned and soundproofed rooms with satellite TV and free Wi-Fi access. ",Grenoble,45.19107826,5.71559832
92,R'Apparts Le Palazzo,https://www.booking.com/hotel/fr/apparts-le-palazzo.en-gb.html?aid=304142&label=gen173nr-1FCAQoggJCD3NlYXJjaF9ncmVub2JsZUgzWARoTYgBAZgBCbgBCsgBBdgBAegBAfgBA4gCAagCA7gCns3QuAbAAgHSAiQxNmQyOGFjNS0wM2RjLTQxOTQtOGQ2MS03YjNiNmNlNzhjNmTYAgXgAgE&ucfs=1&arphpl=1&group_adults=2&req_adults=2&no_rooms=1&group_children=0&req_children=0&hpos=21&hapos=21&sr_order=popularity&srpvid=7d20980ff93a001d&srepoch=1729373855&from=searchresults,8.2,"Offering city views, R'Apparts Le Palazzo is an accommodation situated in Grenoble, less than 1 km from Grenoble Train Station and a 13-minute walk from WTC Grenoble. ",Grenoble,45.1845043,5.7170868
93,"Appart rénové, avec 1 chambre spacieuse - Tram et Clinique Mutualiste à 1 min",https://www.booking.com/hotel/fr/lumineux-1-chambre-et-2-chambres-au-meme-etage.en-gb.html?aid=304142&label=gen173nr-1FCAQoggJCD3NlYXJjaF9ncmVub2JsZUgzWARoTYgBAZgBCbgBCsgBBdgBAegBAfgBA4gCAagCA7gCns3QuAbAAgHSAiQxNmQyOGFjNS0wM2RjLTQxOTQtOGQ2MS03YjNiNmNlNzhjNmTYAgXgAgE&ucfs=1&arphpl=1&group_adults=2&req_adults=2&no_rooms=1&group_children=0&req_children=0&hpos=20&hapos=20&sr_order=popularity&srpvid=7d20980ff93a001d&srepoch=1729373855&from=searchresults,9.3,"Offering garden views, Appart rénové, avec 1 chambre spacieuse - Tram et Clinique Mutualiste à 1 min is an accommodation situated in Grenoble, 1.4 km from WTC Grenoble and 4.9 km from AlpExpo. ",Grenoble,45.181591,5.7111542
94,Le Vauban T3 Hyper centre,https://www.booking.com/hotel/fr/le-vauban-t3-hyper-centre.en-gb.html?aid=304142&label=gen173nr-1FCAQoggJCD3NlYXJjaF9ncmVub2JsZUgzWARoTYgBAZgBCbgBCsgBBdgBAegBAfgBA4gCAagCA7gCns3QuAbAAgHSAiQxNmQyOGFjNS0wM2RjLTQxOTQtOGQ2MS03YjNiNmNlNzhjNmTYAgXgAgE&ucfs=1&arphpl=1&group_adults=2&req_adults=2&no_rooms=1&group_children=0&req_children=0&hpos=19&hapos=19&sr_order=popularity&srpvid=7d20980ff93a001d&srepoch=1729373855&from_sustainable_property_sr=1&from=searchresults,8.6,"Right in the centre of Grenoble, set within a short distance of Grenoble Train Station and WTC Grenoble, Le Vauban T3 Hyper centre offers free WiFi, air conditioning and household amenities such as a...",Grenoble,45.1885872,5.7235746
95,RockyPop Grenoble Hotel,https://www.booking.com/hotel/fr/rockypop-grenoble.en-gb.html?aid=304142&label=gen173nr-1FCAQoggJCD3NlYXJjaF9ncmVub2JsZUgzWARoTYgBAZgBCbgBCsgBBdgBAegBAfgBA4gCAagCA7gCns3QuAbAAgHSAiQxNmQyOGFjNS0wM2RjLTQxOTQtOGQ2MS03YjNiNmNlNzhjNmTYAgXgAgE&ucfs=1&arphpl=1&group_adults=2&req_adults=2&no_rooms=1&group_children=0&req_children=0&hpos=18&hapos=18&sr_order=popularity&srpvid=7d20980ff93a001d&srepoch=1729373855&from_sustainable_property_sr=1&from=searchresults,8.4,"Situated in Grenoble, 1.6 km from Grenoble Train Station, RockyPop Grenoble Hotel features accommodation with a fitness centre, private parking, a garden and a terrace. ",Grenoble,45.186911,5.731293
96,L'élégance- Centre Historique- Confort- Netflix- Marché Frais et Local,https://www.booking.com/hotel/fr/elegance-centre-historique-confort-netflix-grenoble.en-gb.html?aid=304142&label=gen173nr-1FCAQoggJCD3NlYXJjaF9ncmVub2JsZUgzWARoTYgBAZgBCbgBCsgBBdgBAegBAfgBA4gCAagCA7gCns3QuAbAAgHSAiQxNmQyOGFjNS0wM2RjLTQxOTQtOGQ2MS03YjNiNmNlNzhjNmTYAgXgAgE&ucfs=1&arphpl=1&group_adults=2&req_adults=2&no_rooms=1&group_children=0&req_children=0&hpos=17&hapos=17&sr_order=popularity&srpvid=7d20980ff93a001d&srepoch=1729373855&from_sustainable_property_sr=1&from=searchresults,8.9,"Right in the heart of Grenoble, L'élégance- Centre Historique- Confort- Netflix- Marché Frais et Local has lake views from the balcony. ",Grenoble,45.1916128,5.7293614
97,Le rendezvous au jardin des grenoblois,https://www.booking.com/hotel/fr/le-rendezvous-au-jardin-des-grenoblois.en-gb.html?aid=304142&label=gen173nr-1FCAQoggJCD3NlYXJjaF9ncmVub2JsZUgzWARoTYgBAZgBCbgBCsgBBdgBAegBAfgBA4gCAagCA7gCns3QuAbAAgHSAiQxNmQyOGFjNS0wM2RjLTQxOTQtOGQ2MS03YjNiNmNlNzhjNmTYAgXgAgE&ucfs=1&arphpl=1&group_adults=2&req_adults=2&no_rooms=1&group_children=0&req_children=0&hpos=16&hapos=16&sr_order=popularity&srpvid=7d20980ff93a001d&srepoch=1729373855&from=searchresults,8.2,"Le rendezvous au jardin des grenoblois is located in the Grenoble City Centre district of Grenoble, 5.4 km from AlpExpo, 1.3 km from Alps Stadium and 2 km from The Bastille Grenoble. ",Grenoble,45.189773,5.7281059
98,Studio à la Gare&centre de Grenoble,https://www.booking.com/hotel/fr/studio-hypercentre-de-grenoble-renove-en-mai-2023.en-gb.html?aid=304142&label=gen173nr-1FCAQoggJCD3NlYXJjaF9ncmVub2JsZUgzWARoTYgBAZgBCbgBCsgBBdgBAegBAfgBA4gCAagCA7gCns3QuAbAAgHSAiQxNmQyOGFjNS0wM2RjLTQxOTQtOGQ2MS03YjNiNmNlNzhjNmTYAgXgAgE&ucfs=1&arphpl=1&group_adults=2&req_adults=2&no_rooms=1&group_children=0&req_children=0&hpos=15&hapos=15&sr_order=popularity&srpvid=7d20980ff93a001d&srepoch=1729373855&from=searchresults,8.3,"Set in Grenoble, 100 metres from Grenoble Train Station and 500 metres from WTC Grenoble, Studio à la Gare&centre de Grenoble offers free WiFi and air conditioning. ",Grenoble,45.1919491,5.7153249
99,Maison Barbillon Grenoble,https://www.booking.com/hotel/fr/maison-barbillon-grenoble.en-gb.html?aid=304142&label=gen173nr-1FCAQoggJCD3NlYXJjaF9ncmVub2JsZUgzWARoTYgBAZgBCbgBCsgBBdgBAegBAfgBA4gCAagCA7gCns3QuAbAAgHSAiQxNmQyOGFjNS0wM2RjLTQxOTQtOGQ2MS03YjNiNmNlNzhjNmTYAgXgAgE&ucfs=1&arphpl=1&group_adults=2&req_adults=2&no_rooms=1&group_children=0&req_children=0&hpos=14&hapos=14&sr_order=popularity&srpvid=7d20980ff93a001d&srepoch=1729373855&from_sustainable_property_sr=1&from=searchresults,8.3,"Maison Barbillon Grenoble is located in Grenoble, just 100 metres from the train station. It offers comfortable guest rooms with satellite TV and free WiFi Internet access. ",Grenoble,45.1907933,5.71669668
100,R'Apparts T2 Le Nature House,https://www.booking.com/hotel/fr/appartst2-express-lane-escape.en-gb.html?aid=304142&label=gen173nr-1FCAQoggJCD3NlYXJjaF9ncmVub2JsZUgzWARoTYgBAZgBCbgBCsgBBdgBAegBAfgBA4gCAagCA7gCns3QuAbAAgHSAiQxNmQyOGFjNS0wM2RjLTQxOTQtOGQ2MS03YjNiNmNlNzhjNmTYAgXgAgE&ucfs=1&arphpl=1&group_adults=2&req_adults=2&no_rooms=1&group_children=0&req_children=0&hpos=13&hapos=13&sr_order=popularity&srpvid=7d20980ff93a001d&srepoch=1729373855&from=searchresults,8.7,"Situated in Grenoble, 300 metres from Grenoble Train Station and 600 metres from WTC Grenoble, R'Apparts T2 Le Nature House features quiet street views and free WiFi. ",Grenoble,45.1930555,5.7156243
101,"Très élégant duplex, proche Gare",https://www.booking.com/hotel/fr/tres-elegant-duplex-proche-gare.en-gb.html?aid=304142&label=gen173nr-1FCAQoggJCD3NlYXJjaF9ncmVub2JsZUgzWARoTYgBAZgBCbgBCsgBBdgBAegBAfgBA4gCAagCA7gCns3QuAbAAgHSAiQxNmQyOGFjNS0wM2RjLTQxOTQtOGQ2MS03YjNiNmNlNzhjNmTYAgXgAgE&ucfs=1&arphpl=1&group_adults=2&req_adults=2&no_rooms=1&group_children=0&req_children=0&hpos=12&hapos=12&sr_order=popularity&srpvid=7d20980ff93a001d&srepoch=1729373855&from=searchresults,9.1,"Set in Grenoble, the recently renovated Très élégant duplex, proche Gare offers accommodation 400 metres from Grenoble Train Station and 700 metres from WTC Grenoble. ",Grenoble,45.18977941,5.7178893
102,François 1er au Manoir,https://www.booking.com/hotel/fr/francois-1er-au-manoir.en-gb.html?aid=304142&label=gen173nr-1FCAQoggJCD3NlYXJjaF9ncmVub2JsZUgzWARoTYgBAZgBCbgBCsgBBdgBAegBAfgBA4gCAagCA7gCns3QuAbAAgHSAiQxNmQyOGFjNS0wM2RjLTQxOTQtOGQ2MS03YjNiNmNlNzhjNmTYAgXgAgE&ucfs=1&arphpl=1&group_adults=2&req_adults=2&no_rooms=1&group_children=0&req_children=0&hpos=11&hapos=11&sr_order=popularity&srpvid=7d20980ff93a001d&srepoch=1729373855&from=searchresults,8.9,"Set in Grenoble, 2.3 km from Grenoble Train Station and 2.7 km from WTC Grenoble, François 1er au Manoir offers air conditioning. ",Grenoble,45.175593,5.71373
103,"Le Grand Hôtel Grenoble, BW Premier Collection by Best Western",https://www.booking.com/hotel/fr/le-grand-grenoble-centre.en-gb.html?aid=304142&label=gen173nr-1FCAQoggJCD3NlYXJjaF9ncmVub2JsZUgzWARoTYgBAZgBCbgBCsgBBdgBAegBAfgBA4gCAagCA7gCns3QuAbAAgHSAiQxNmQyOGFjNS0wM2RjLTQxOTQtOGQ2MS03YjNiNmNlNzhjNmTYAgXgAgE&ucfs=1&arphpl=1&group_adults=2&req_adults=2&no_rooms=1&group_children=0&req_children=0&hpos=10&hapos=10&sr_order=popularity&srpvid=7d20980ff93a001d&srepoch=1729373855&from=searchresults,8.4,"In the heart of the historic city centre of the Capital of the Alps, the Grand Hôtel de Grenoble **** BW Premier Collection is waiting to welcome you to an unforgettable experience. ",Grenoble,45.19081504,5.72854802
104,Le Boheme - Rent4night Grenoble,https://www.booking.com/hotel/fr/le-boheme-grenoble.en-gb.html?aid=304142&label=gen173nr-1FCAQoggJCD3NlYXJjaF9ncmVub2JsZUgzWARoTYgBAZgBCbgBCsgBBdgBAegBAfgBA4gCAagCA7gCns3QuAbAAgHSAiQxNmQyOGFjNS0wM2RjLTQxOTQtOGQ2MS03YjNiNmNlNzhjNmTYAgXgAgE&ucfs=1&arphpl=1&group_adults=2&req_adults=2&no_rooms=1&group_children=0&req_children=0&hpos=9&hapos=9&sr_order=popularity&srpvid=7d20980ff93a001d&srepoch=1729373855&from_sustainable_property_sr=1&from=searchresults,8.5,"Situated in Grenoble, 3.4 km from Grenoble Train Station and 3.9 km from WTC Grenoble, Le Boheme - Rent4night Grenoble offers free WiFi and air conditioning. ",Grenoble,45.1856514,5.7438784
105,Jungle studio proche de la gare,https://www.booking.com/hotel/fr/jungle-studio-proche-de-la-gare-bloomy-appart.en-gb.html?aid=304142&label=gen173nr-1FCAQoggJCD3NlYXJjaF9ncmVub2JsZUgzWARoTYgBAZgBCbgBCsgBBdgBAegBAfgBA4gCAagCA7gCns3QuAbAAgHSAiQxNmQyOGFjNS0wM2RjLTQxOTQtOGQ2MS03YjNiNmNlNzhjNmTYAgXgAgE&ucfs=1&arphpl=1&group_adults=2&req_adults=2&no_rooms=1&group_children=0&req_children=0&hpos=8&hapos=8&sr_order=popularity&srpvid=7d20980ff93a001d&srepoch=1729373855&from=searchresults,8.7,"Set in Grenoble, Jungle studio proche de la gare is a recently renovated accommodation, less than 1 km from WTC Grenoble and 6 km from AlpExpo. ",Grenoble,45.195096,5.7139079
106,Gare - Polygone Scientifique - Palais de Justice,https://www.booking.com/hotel/fr/gare-polygone-scientifique-palais-de-justice.en-gb.html?aid=304142&label=gen173nr-1FCAQoggJCD3NlYXJjaF9ncmVub2JsZUgzWARoTYgBAZgBCbgBCsgBBdgBAegBAfgBA4gCAagCA7gCns3QuAbAAgHSAiQxNmQyOGFjNS0wM2RjLTQxOTQtOGQ2MS03YjNiNmNlNzhjNmTYAgXgAgE&ucfs=1&arphpl=1&group_adults=2&req_adults=2&no_rooms=1&group_children=0&req_children=0&hpos=7&hapos=7&sr_order=popularity&srpvid=7d20980ff93a001d&srepoch=1729373855&from=searchresults,9.1,"Located in Grenoble, 300 metres from Grenoble Train Station and 400 metres from WTC Grenoble, Gare - Polygone Scientifique - Palais de Justice offers a garden and air conditioning. ",Grenoble,45.190302,5.7115276
107,"Place de Metz, Hyper-centre Grenoble, Studio 25 m2",https://www.booking.com/hotel/fr/place-de-metz-victor-hugo-a-3-min-studio-25-m2.en-gb.html?aid=304142&label=gen173nr-1FCAQoggJCD3NlYXJjaF9ncmVub2JsZUgzWARoTYgBAZgBCbgBCsgBBdgBAegBAfgBA4gCAagCA7gCns3QuAbAAgHSAiQxNmQyOGFjNS0wM2RjLTQxOTQtOGQ2MS03YjNiNmNlNzhjNmTYAgXgAgE&ucfs=1&arphpl=1&group_adults=2&req_adults=2&no_rooms=1&group_children=0&req_children=0&hpos=6&hapos=6&sr_order=popularity&srpvid=7d20980ff93a001d&srepoch=1729373855&from=searchresults,9.4,"Offering city views, Place de Metz, Hyper-centre Grenoble, Studio 25 m2 is an accommodation located in Grenoble, 1.8 km from WTC Grenoble and 4.9 km from AlpExpo. ",Grenoble,45.187456,5.7300631
108,La Bulle du Téléphérique,https://www.booking.com/hotel/fr/la-bulle-du-telepherique.en-gb.html?aid=304142&label=gen173nr-1FCAQoggJCD3NlYXJjaF9ncmVub2JsZUgzWARoTYgBAZgBCbgBCsgBBdgBAegBAfgBA4gCAagCA7gCns3QuAbAAgHSAiQxNmQyOGFjNS0wM2RjLTQxOTQtOGQ2MS03YjNiNmNlNzhjNmTYAgXgAgE&ucfs=1&arphpl=1&group_adults=2&req_adults=2&no_rooms=1&group_children=0&req_children=0&hpos=5&hapos=5&sr_order=popularity&srpvid=7d20980ff93a001d&srepoch=1729373855&from=searchresults,9.8,"La Bulle du Téléphérique is a recently renovated apartment in the centre of Grenoble, 800 metres from Grenoble Train Station and 1.1 km from WTC Grenoble. ",Grenoble,45.1925226,5.7234609
109,Studio rénové proche palais des sports,https://www.booking.com/hotel/fr/t2-rue-claude-genin-grenoble.en-gb.html?aid=304142&label=gen173nr-1FCAQoggJCD3NlYXJjaF9ncmVub2JsZUgzWARoTYgBAZgBCbgBCsgBBdgBAegBAfgBA4gCAagCA7gCns3QuAbAAgHSAiQxNmQyOGFjNS0wM2RjLTQxOTQtOGQ2MS03YjNiNmNlNzhjNmTYAgXgAgE&ucfs=1&arphpl=1&group_adults=2&req_adults=2&no_rooms=1&group_children=0&req_children=0&hpos=4&hapos=4&sr_order=popularity&srpvid=7d20980ff93a001d&srepoch=1729373855&from=searchresults,7.3,"Featuring garden views, Studio rénové proche palais des sports features accommodation with a patio, around 3.3 km from Grenoble Train Station. ",Grenoble,45.1815622,5.7442818
110,The Babel Community Hôtel - Grenoble Bastille,https://www.booking.com/hotel/fr/apt-paisible-en-centre-ville-parking-salle-de-sport-bar-en-rooftop.en-gb.html?aid=304142&label=gen173nr-1FCAQoggJCD3NlYXJjaF9ncmVub2JsZUgzWARoTYgBAZgBCbgBCsgBBdgBAegBAfgBA4gCAagCA7gCns3QuAbAAgHSAiQxNmQyOGFjNS0wM2RjLTQxOTQtOGQ2MS03YjNiNmNlNzhjNmTYAgXgAgE&ucfs=1&arphpl=1&group_adults=2&req_adults=2&no_rooms=1&group_children=0&req_children=0&hpos=3&hapos=3&sr_order=popularity&srpvid=7d20980ff93a001d&srepoch=1729373855&from=searchresults,8.6,"Situated conveniently in Grenoble, The Babel Community Hôtel - Grenoble Bastille offers a buffet breakfast and free WiFi. ",Grenoble,45.19581084,5.72544678
111,"joli 2 pieces en centre ville , gare à 50 mètres",https://www.booking.com/hotel/fr/jolie-2-pieces-en-centre-ville-gare-a-50-metres.en-gb.html?aid=304142&label=gen173nr-1FCAQoggJCD3NlYXJjaF9ncmVub2JsZUgzWARoTYgBAZgBCbgBCsgBBdgBAegBAfgBA4gCAagCA7gCns3QuAbAAgHSAiQxNmQyOGFjNS0wM2RjLTQxOTQtOGQ2MS03YjNiNmNlNzhjNmTYAgXgAgE&ucfs=1&arphpl=1&group_adults=2&req_adults=2&no_rooms=1&group_children=0&req_children=0&hpos=2&hapos=2&sr_order=popularity&srpvid=7d20980ff93a001d&srepoch=1729373855&from=searchresults,8.0,"Joli 2 pieces en centre ville, gare à 50 mètres is set in Grenoble, 600 metres from WTC Grenoble, 5.5 km from AlpExpo, and 2.4 km from Alps Stadium. ",Grenoble,45.1901518,5.7163125
112,1924 Hôtel,https://www.booking.com/hotel/fr/royal-grenoble.en-gb.html?aid=304142&label=gen173nr-1FCAQoggJCD3NlYXJjaF9ncmVub2JsZUgzWARoTYgBAZgBCbgBCsgBBdgBAegBAfgBA4gCAagCA7gCns3QuAbAAgHSAiQxNmQyOGFjNS0wM2RjLTQxOTQtOGQ2MS03YjNiNmNlNzhjNmTYAgXgAgE&ucfs=1&arphpl=1&group_adults=2&req_adults=2&no_rooms=1&group_children=0&req_children=0&hpos=1&hapos=1&sr_order=popularity&srpvid=7d20980ff93a001d&srepoch=1729373855&from_sustainable_property_sr=1&from=searchresults,8.6,"Located in the heart of Grenoble on a quiet street, only 450 metres from the SNCF train station and offers free WiFi, service clean, comfortable rooms with modern facilities and a friendly, relaxed...",Grenoble,45.18928483,5.71861982
113,Maison l'Etrier,https://www.booking.com/hotel/fr/l-39-etrier.en-gb.html?aid=304142&label=gen173nr-1FCAQoggJCH3NlYXJjaF9zYWludGVzIG1hcmllcyBkZSBsYSBtZXJIM1gEaE2IAQGYAQm4AQrIAQXYAQHoAQH4AQOIAgGoAgO4Ap3N0LgGwAIB0gIkYzRkZWYxMGYtYjg1Ni00ZjQ2LWEwYjYtMzYzMjI5MjZjNDFi2AIF4AIB&ucfs=1&arphpl=1&group_adults=2&req_adults=2&no_rooms=1&group_children=0&req_children=0&hpos=24&hapos=24&sr_order=popularity&srpvid=8fa5980ed7040423&srepoch=1729373854&from=searchresults,9.2,"Set in Saintes-Maries-de-la-Mer and only 2.7 km from Arenas Beach, Maison l'Etrier offers accommodation with lake views, free WiFi and free private parking. ",Saintes Maries de la mer,43.467296,4.413867
114,Maison au bord de mer,https://www.booking.com/hotel/fr/maison-au-bord-de-mer-saintes-maries-de-la-mer.en-gb.html?aid=304142&label=gen173nr-1FCAQoggJCH3NlYXJjaF9zYWludGVzIG1hcmllcyBkZSBsYSBtZXJIM1gEaE2IAQGYAQm4AQrIAQXYAQHoAQH4AQOIAgGoAgO4Ap3N0LgGwAIB0gIkYzRkZWYxMGYtYjg1Ni00ZjQ2LWEwYjYtMzYzMjI5MjZjNDFi2AIF4AIB&ucfs=1&arphpl=1&group_adults=2&req_adults=2&no_rooms=1&group_children=0&req_children=0&hpos=23&hapos=23&sr_order=popularity&srpvid=8fa5980ed7040423&srepoch=1729373854&from=searchresults,9.6,"Featuring air-conditioned accommodation with a patio, Maison au bord de mer is located in Saintes-Maries-de-la-Mer. ",Saintes Maries de la mer,43.45015609,4.42718344
115,Le Maset en Camargue,https://www.booking.com/hotel/fr/mazet-de-la-grenouilla-re.en-gb.html?aid=304142&label=gen173nr-1FCAQoggJCH3NlYXJjaF9zYWludGVzIG1hcmllcyBkZSBsYSBtZXJIM1gEaE2IAQGYAQm4AQrIAQXYAQHoAQH4AQOIAgGoAgO4Ap3N0LgGwAIB0gIkYzRkZWYxMGYtYjg1Ni00ZjQ2LWEwYjYtMzYzMjI5MjZjNDFi2AIF4AIB&ucfs=1&arphpl=1&group_adults=2&req_adults=2&no_rooms=1&group_children=0&req_children=0&hpos=22&hapos=22&sr_order=popularity&srpvid=8fa5980ed7040423&srepoch=1729373854&from=searchresults,8.9,"Located just 400 metres from the sandy beach in Saintes-Maries-de-La-Mer, Le Maset en Camargue is an air-conditioned hotel offering a swimming pool surrounded by sun loungers. ",Saintes Maries de la mer,43.45656073,4.42670293
116,Appartement Duplex 4pers Climatisé - Locations VLD Camargue,https://www.booking.com/hotel/fr/appartement-duplex-4pers-climatise.en-gb.html?aid=304142&label=gen173nr-1FCAQoggJCH3NlYXJjaF9zYWludGVzIG1hcmllcyBkZSBsYSBtZXJIM1gEaE2IAQGYAQm4AQrIAQXYAQHoAQH4AQOIAgGoAgO4Ap3N0LgGwAIB0gIkYzRkZWYxMGYtYjg1Ni00ZjQ2LWEwYjYtMzYzMjI5MjZjNDFi2AIF4AIB&ucfs=1&arphpl=1&group_adults=2&req_adults=2&no_rooms=1&group_children=0&req_children=0&hpos=21&hapos=21&sr_order=popularity&srpvid=8fa5980ed7040423&srepoch=1729373854&from=searchresults,9.0,"Appartement Duplex 4pers Climatisé - Locations VLD Camargue, boasting a terrace, is set in Saintes-Maries-de-la-Mer, 1.1 km from Est Beach and 39 km from Arles Amphitheatre. ",Saintes Maries de la mer,43.4560081,4.4293162
117,Le Dauphin Bleu,https://www.booking.com/hotel/fr/le-dauphin-bleu.en-gb.html?aid=304142&label=gen173nr-1FCAQoggJCH3NlYXJjaF9zYWludGVzIG1hcmllcyBkZSBsYSBtZXJIM1gEaE2IAQGYAQm4AQrIAQXYAQHoAQH4AQOIAgGoAgO4Ap3N0LgGwAIB0gIkYzRkZWYxMGYtYjg1Ni00ZjQ2LWEwYjYtMzYzMjI5MjZjNDFi2AIF4AIB&ucfs=1&arphpl=1&group_adults=2&req_adults=2&no_rooms=1&group_children=0&req_children=0&hpos=20&hapos=20&sr_order=popularity&srpvid=8fa5980ed7040423&srepoch=1729373854&from=searchresults,8.4,"Located 50 metres from the beach, Le Dauphin Bleu faces the Mediterranean Sea and is 400 metres from the centre of Saintes-Maries-de-la-Mer's historic old town. ",Saintes Maries de la mer,43.45233086,4.43364993
118,La Tramontane,https://www.booking.com/hotel/fr/la-tramontane.en-gb.html?aid=304142&label=gen173nr-1FCAQoggJCH3NlYXJjaF9zYWludGVzIG1hcmllcyBkZSBsYSBtZXJIM1gEaE2IAQGYAQm4AQrIAQXYAQHoAQH4AQOIAgGoAgO4Ap3N0LgGwAIB0gIkYzRkZWYxMGYtYjg1Ni00ZjQ2LWEwYjYtMzYzMjI5MjZjNDFi2AIF4AIB&ucfs=1&arphpl=1&group_adults=2&req_adults=2&no_rooms=1&group_children=0&req_children=0&hpos=19&hapos=19&sr_order=popularity&srpvid=8fa5980ed7040423&srepoch=1729373854&from_sustainable_property_sr=1&from=searchresults,8.8," La Tramontane welcomes you in Saintes-Maries-de-la-Mer, in the heart of the Camargues area. ",Saintes Maries de la mer,43.47260109,4.41012025
119,Résidence L’Oiseau des Sables,https://www.booking.com/hotel/fr/residence-l-oiseau-des-sables.en-gb.html?aid=304142&label=gen173nr-1FCAQoggJCH3NlYXJjaF9zYWludGVzIG1hcmllcyBkZSBsYSBtZXJIM1gEaE2IAQGYAQm4AQrIAQXYAQHoAQH4AQOIAgGoAgO4Ap3N0LgGwAIB0gIkYzRkZWYxMGYtYjg1Ni00ZjQ2LWEwYjYtMzYzMjI5MjZjNDFi2AIF4AIB&ucfs=1&arphpl=1&group_adults=2&req_adults=2&no_rooms=1&group_children=0&req_children=0&hpos=18&hapos=18&sr_order=popularity&srpvid=8fa5980ed7040423&srepoch=1729373854&from=searchresults,9.8,"400 metres from Amphora Beach, Résidence L’Oiseau des Sables is a recently renovated property located in Saintes-Maries-de-la-Mer and provides air-conditioned rooms with free WiFi and private parking....",Saintes Maries de la mer,43.4520524,4.4310913
120,Le Castelet,https://www.booking.com/hotel/fr/le-castelet-les-saintes-maries-de-la-mer.en-gb.html?aid=304142&label=gen173nr-1FCAQoggJCH3NlYXJjaF9zYWludGVzIG1hcmllcyBkZSBsYSBtZXJIM1gEaE2IAQGYAQm4AQrIAQXYAQHoAQH4AQOIAgGoAgO4Ap3N0LgGwAIB0gIkYzRkZWYxMGYtYjg1Ni00ZjQ2LWEwYjYtMzYzMjI5MjZjNDFi2AIF4AIB&ucfs=1&arphpl=1&group_adults=2&req_adults=2&no_rooms=1&group_children=0&req_children=0&hpos=17&hapos=17&sr_order=popularity&srpvid=8fa5980ed7040423&srepoch=1729373854&from=searchresults,6.7,"This hotel is located in Saintes-Maries-de-la-Mer, just 60 metres from the Mediterranean Sea and 30 metres from the Laune Lake. It features a cocktail bar with a flower-filled terrace. ",Saintes Maries de la mer,43.45134949,4.42507625
121,"Appartement cosy Le Bohème, à 300m des plages",https://www.booking.com/hotel/fr/appartement-cosy-le-boheme-a-300m-des-plages.en-gb.html?aid=304142&label=gen173nr-1FCAQoggJCH3NlYXJjaF9zYWludGVzIG1hcmllcyBkZSBsYSBtZXJIM1gEaE2IAQGYAQm4AQrIAQXYAQHoAQH4AQOIAgGoAgO4Ap3N0LgGwAIB0gIkYzRkZWYxMGYtYjg1Ni00ZjQ2LWEwYjYtMzYzMjI5MjZjNDFi2AIF4AIB&ucfs=1&arphpl=1&group_adults=2&req_adults=2&no_rooms=1&group_children=0&req_children=0&hpos=16&hapos=16&sr_order=popularity&srpvid=8fa5980ed7040423&srepoch=1729373854&from=searchresults,9.6,"Set in Saintes-Maries-de-la-Mer, 400 metres from Amphora Beach and 500 metres from Arenas Beach, Appartement cosy Le Bohème, à 300m des plages offers barbecue facilities and air conditioning. ",Saintes Maries de la mer,43.4526024,4.4275538
122,Thalacap Camargue,https://www.booking.com/hotel/fr/thalacap-camargue.en-gb.html?aid=304142&label=gen173nr-1FCAQoggJCH3NlYXJjaF9zYWludGVzIG1hcmllcyBkZSBsYSBtZXJIM1gEaE2IAQGYAQm4AQrIAQXYAQHoAQH4AQOIAgGoAgO4Ap3N0LgGwAIB0gIkYzRkZWYxMGYtYjg1Ni00ZjQ2LWEwYjYtMzYzMjI5MjZjNDFi2AIF4AIB&ucfs=1&arphpl=1&group_adults=2&req_adults=2&no_rooms=1&group_children=0&req_children=0&hpos=15&hapos=15&sr_order=popularity&srpvid=8fa5980ed7040423&srepoch=1729373854&from=searchresults,7.7,"Thalacap Camargue faces the beach in Saintes-Maries-de-la-Mer, 5 minutes' walk from the city centre. ",Saintes Maries de la mer,43.45349134,4.43545103
123,Appartement climatisé avec chambre et Parking privatif Locations VLD Camargue,https://www.booking.com/hotel/fr/studio-avec-chambre-2-4-pers-climatise-locations-vld-camargue.en-gb.html?aid=304142&label=gen173nr-1FCAQoggJCH3NlYXJjaF9zYWludGVzIG1hcmllcyBkZSBsYSBtZXJIM1gEaE2IAQGYAQm4AQrIAQXYAQHoAQH4AQOIAgGoAgO4Ap3N0LgGwAIB0gIkYzRkZWYxMGYtYjg1Ni00ZjQ2LWEwYjYtMzYzMjI5MjZjNDFi2AIF4AIB&ucfs=1&arphpl=1&group_adults=2&req_adults=2&no_rooms=1&group_children=0&req_children=0&hpos=14&hapos=14&sr_order=popularity&srpvid=8fa5980ed7040423&srepoch=1729373854&from=searchresults,8.9,"Appartement climatisé avec chambre et Parking privatif Locations VLD Camargue enjoys a location in Saintes-Maries-de-la-Mer, just 1.1 km from Est Beach and 38 km from Arles Amphitheatre. ",Saintes Maries de la mer,43.45543613,4.42961195
124,Hôtel Le Mirage,https://www.booking.com/hotel/fr/ha-tel-le-mirage.en-gb.html?aid=304142&label=gen173nr-1FCAQoggJCH3NlYXJjaF9zYWludGVzIG1hcmllcyBkZSBsYSBtZXJIM1gEaE2IAQGYAQm4AQrIAQXYAQHoAQH4AQOIAgGoAgO4Ap3N0LgGwAIB0gIkYzRkZWYxMGYtYjg1Ni00ZjQ2LWEwYjYtMzYzMjI5MjZjNDFi2AIF4AIB&ucfs=1&arphpl=1&group_adults=2&req_adults=2&no_rooms=1&group_children=0&req_children=0&hpos=13&hapos=13&sr_order=popularity&srpvid=8fa5980ed7040423&srepoch=1729373854&from_sustainable_property_sr=1&from=searchresults,8.5,Hôtel Le Mirage is 100 metres from the beach and 200 metres from Sainte-Marie-de-la-Mer Marina. It offers a garden with lounge chairs. Free WiFi is available throughout. ,Saintes Maries de la mer,43.45310192,4.4305855
125,Hôtel du Pont Blanc,https://www.booking.com/hotel/fr/hotellerie-du-pont-blanc.en-gb.html?aid=304142&label=gen173nr-1FCAQoggJCH3NlYXJjaF9zYWludGVzIG1hcmllcyBkZSBsYSBtZXJIM1gEaE2IAQGYAQm4AQrIAQXYAQHoAQH4AQOIAgGoAgO4Ap3N0LgGwAIB0gIkYzRkZWYxMGYtYjg1Ni00ZjQ2LWEwYjYtMzYzMjI5MjZjNDFi2AIF4AIB&ucfs=1&arphpl=1&group_adults=2&req_adults=2&no_rooms=1&group_children=0&req_children=0&hpos=12&hapos=12&sr_order=popularity&srpvid=8fa5980ed7040423&srepoch=1729373854&from_sustainable_property_sr=1&from=searchresults,9.1,"Set in Saintes-Marie- de-la-Mer, Hôtel du Pont Blanc sits in a flowery garden with terrace and swimming pool, just an 8-minute walk from the beach. Free Wi-Fi and free private parking are provided. ",Saintes Maries de la mer,43.45705076,4.42464903
126,"Appartement ""La Rose des Vents""",https://www.booking.com/hotel/fr/appartement-avec-parking-saintes-maries-de-la-mer.en-gb.html?aid=304142&label=gen173nr-1FCAQoggJCH3NlYXJjaF9zYWludGVzIG1hcmllcyBkZSBsYSBtZXJIM1gEaE2IAQGYAQm4AQrIAQXYAQHoAQH4AQOIAgGoAgO4Ap3N0LgGwAIB0gIkYzRkZWYxMGYtYjg1Ni00ZjQ2LWEwYjYtMzYzMjI5MjZjNDFi2AIF4AIB&ucfs=1&arphpl=1&group_adults=2&req_adults=2&no_rooms=1&group_children=0&req_children=0&hpos=11&hapos=11&sr_order=popularity&srpvid=8fa5980ed7040423&srepoch=1729373854&from=searchresults,9.5,"Set in Saintes-Maries-de-la-Mer, 700 metres from Amphora Beach and 800 metres from Arenas Beach, Appartement ""La Rose des Vents"" offers a terrace and air conditioning. ",Saintes Maries de la mer,43.45489471,4.42973589
127,Les Vagues,https://www.booking.com/hotel/fr/les-vagues-saintes-maries-de-la-mer.en-gb.html?aid=304142&label=gen173nr-1FCAQoggJCH3NlYXJjaF9zYWludGVzIG1hcmllcyBkZSBsYSBtZXJIM1gEaE2IAQGYAQm4AQrIAQXYAQHoAQH4AQOIAgGoAgO4Ap3N0LgGwAIB0gIkYzRkZWYxMGYtYjg1Ni00ZjQ2LWEwYjYtMzYzMjI5MjZjNDFi2AIF4AIB&ucfs=1&arphpl=1&group_adults=2&req_adults=2&no_rooms=1&group_children=0&req_children=0&hpos=10&hapos=10&sr_order=popularity&srpvid=8fa5980ed7040423&srepoch=1729373854&from_sustainable_property_sr=1&from=searchresults,8.7,"Featuring a restaurant, bar and views of sea, Les Vagues is located in Saintes-Maries-de-la-Mer, 300 metres from Arenas Beach. ",Saintes Maries de la mer,43.450352,4.425047
128,Hotel Le Bleu Marine,https://www.booking.com/hotel/fr/le-bleu-marine.en-gb.html?aid=304142&label=gen173nr-1FCAQoggJCH3NlYXJjaF9zYWludGVzIG1hcmllcyBkZSBsYSBtZXJIM1gEaE2IAQGYAQm4AQrIAQXYAQHoAQH4AQOIAgGoAgO4Ap3N0LgGwAIB0gIkYzRkZWYxMGYtYjg1Ni00ZjQ2LWEwYjYtMzYzMjI5MjZjNDFi2AIF4AIB&ucfs=1&arphpl=1&group_adults=2&req_adults=2&no_rooms=1&group_children=0&req_children=0&hpos=9&hapos=9&sr_order=popularity&srpvid=8fa5980ed7040423&srepoch=1729373854&from=searchresults,7.6,Bleu Marine is just 150 metres from Mediterranean beaches and 300 metres from the centre of Saintes-Maries-de-la-Mer village. ,Saintes Maries de la mer,43.45463818,4.433202
129,Mas Des Salicornes,https://www.booking.com/hotel/fr/mas-des-salicornes.en-gb.html?aid=304142&label=gen173nr-1FCAQoggJCH3NlYXJjaF9zYWludGVzIG1hcmllcyBkZSBsYSBtZXJIM1gEaE2IAQGYAQm4AQrIAQXYAQHoAQH4AQOIAgGoAgO4Ap3N0LgGwAIB0gIkYzRkZWYxMGYtYjg1Ni00ZjQ2LWEwYjYtMzYzMjI5MjZjNDFi2AIF4AIB&ucfs=1&arphpl=1&group_adults=2&req_adults=2&no_rooms=1&group_children=0&req_children=0&hpos=8&hapos=8&sr_order=popularity&srpvid=8fa5980ed7040423&srepoch=1729373854&from=searchresults,9.0,"Mas Des Salicornes is a countryside hotel just a 10-minute walk from the beach, in the heart of Provence. Each room features a terrace and guests can enjoy the outdoor pool. ",Saintes Maries de la mer,43.45687142,4.42617595
130,L'appartement de l'église,https://www.booking.com/hotel/fr/l-39-appartement-de-l-39-eglise.en-gb.html?aid=304142&label=gen173nr-1FCAQoggJCH3NlYXJjaF9zYWludGVzIG1hcmllcyBkZSBsYSBtZXJIM1gEaE2IAQGYAQm4AQrIAQXYAQHoAQH4AQOIAgGoAgO4Ap3N0LgGwAIB0gIkYzRkZWYxMGYtYjg1Ni00ZjQ2LWEwYjYtMzYzMjI5MjZjNDFi2AIF4AIB&ucfs=1&arphpl=1&group_adults=2&req_adults=2&no_rooms=1&group_children=0&req_children=0&hpos=7&hapos=7&sr_order=popularity&srpvid=8fa5980ed7040423&srepoch=1729373854&from=searchresults,8.8,"Set in Saintes-Maries-de-la-Mer in the Provence-Alpes-Côte d'Azur region, with Amphora Beach and Arenas Beach nearby, L'appartement de l'église offers accommodation with free WiFi and free private...",Saintes Maries de la mer,43.45155631,4.4282775
131,Appartement de l'olivier,https://www.booking.com/hotel/fr/appartement-de-l-39-olivier.en-gb.html?aid=304142&label=gen173nr-1FCAQoggJCH3NlYXJjaF9zYWludGVzIG1hcmllcyBkZSBsYSBtZXJIM1gEaE2IAQGYAQm4AQrIAQXYAQHoAQH4AQOIAgGoAgO4Ap3N0LgGwAIB0gIkYzRkZWYxMGYtYjg1Ni00ZjQ2LWEwYjYtMzYzMjI5MjZjNDFi2AIF4AIB&ucfs=1&arphpl=1&group_adults=2&req_adults=2&no_rooms=1&group_children=0&req_children=0&hpos=6&hapos=6&sr_order=popularity&srpvid=8fa5980ed7040423&srepoch=1729373854&from=searchresults,9.1,"Located in Saintes-Maries-de-la-Mer, less than 1 km from Amphora Beach and a 10-minute walk from Arenas Beach, Appartement de l'olivier offers a garden and air conditioning. ",Saintes Maries de la mer,43.45384869,4.42492882
132,Hotel Le Méditérranée,https://www.booking.com/hotel/fr/le-mediterranee-saintes-maries-de-la-mer.en-gb.html?aid=304142&label=gen173nr-1FCAQoggJCH3NlYXJjaF9zYWludGVzIG1hcmllcyBkZSBsYSBtZXJIM1gEaE2IAQGYAQm4AQrIAQXYAQHoAQH4AQOIAgGoAgO4Ap3N0LgGwAIB0gIkYzRkZWYxMGYtYjg1Ni00ZjQ2LWEwYjYtMzYzMjI5MjZjNDFi2AIF4AIB&ucfs=1&arphpl=1&group_adults=2&req_adults=2&no_rooms=1&group_children=0&req_children=0&hpos=5&hapos=5&sr_order=popularity&srpvid=8fa5980ed7040423&srepoch=1729373854&from=searchresults,6.9,"Situated in Saintes-Maries-de-la-Mer in the Provence-Alpes-Côte d'Azur Region, 100 metres from Eglise des Stes Maries and a 2-minute walk away from the beach and the port, Hotel Le Méditérranée...",Saintes Maries de la mer,43.45122281,4.42666832
133,Le Fangassier,https://www.booking.com/hotel/fr/le-fangassier.en-gb.html?aid=304142&label=gen173nr-1FCAQoggJCH3NlYXJjaF9zYWludGVzIG1hcmllcyBkZSBsYSBtZXJIM1gEaE2IAQGYAQm4AQrIAQXYAQHoAQH4AQOIAgGoAgO4Ap3N0LgGwAIB0gIkYzRkZWYxMGYtYjg1Ni00ZjQ2LWEwYjYtMzYzMjI5MjZjNDFi2AIF4AIB&ucfs=1&arphpl=1&group_adults=2&req_adults=2&no_rooms=1&group_children=0&req_children=0&hpos=4&hapos=4&sr_order=popularity&srpvid=8fa5980ed7040423&srepoch=1729373854&from=searchresults,8.9,"Located in the Provence-Alpes-Côte d’Azur region, Le Fangassier a hotel set in a Camargue-style building 600 metres from the beach in Saintes-Maries-de-la-Mer. It offers free WiFi access. ",Saintes Maries de la mer,43.45449604,4.43070754
134,Abrivado,https://www.booking.com/hotel/fr/abrivado.en-gb.html?aid=304142&label=gen173nr-1FCAQoggJCH3NlYXJjaF9zYWludGVzIG1hcmllcyBkZSBsYSBtZXJIM1gEaE2IAQGYAQm4AQrIAQXYAQHoAQH4AQOIAgGoAgO4Ap3N0LgGwAIB0gIkYzRkZWYxMGYtYjg1Ni00ZjQ2LWEwYjYtMzYzMjI5MjZjNDFi2AIF4AIB&ucfs=1&arphpl=1&group_adults=2&req_adults=2&no_rooms=1&group_children=0&req_children=0&hpos=3&hapos=3&sr_order=popularity&srpvid=8fa5980ed7040423&srepoch=1729373854&from=searchresults,8.7,"Set in the Camargue Regional Park, Abrivado is an air-conditioned hotel located beside the harbour in the town of Saintes-Maries-de-la-Mer. It is 50 metres from the beach and the surrounding shops. ",Saintes Maries de la mer,43.45033695,4.42622423
135,Hotel Les Palmiers En Camargue,https://www.booking.com/hotel/fr/les-palmiers-en-camargue.en-gb.html?aid=304142&label=gen173nr-1FCAQoggJCH3NlYXJjaF9zYWludGVzIG1hcmllcyBkZSBsYSBtZXJIM1gEaE2IAQGYAQm4AQrIAQXYAQHoAQH4AQOIAgGoAgO4Ap3N0LgGwAIB0gIkYzRkZWYxMGYtYjg1Ni00ZjQ2LWEwYjYtMzYzMjI5MjZjNDFi2AIF4AIB&ucfs=1&arphpl=1&group_adults=2&req_adults=2&no_rooms=1&group_children=0&req_children=0&hpos=2&hapos=2&sr_order=popularity&srpvid=8fa5980ed7040423&srepoch=1729373854&from=searchresults,8.0,"Situated 100 metres from sandy beaches and 200 metres from Eglise des Stes Maries in Saintes-Maries-de-la-Mer, Hotel Les Palmiers En Camargue features free WiFi access. ",Saintes Maries de la mer,43.45106618,4.42509368
136,Hôtel Casa Marina,https://www.booking.com/hotel/fr/casa-marina-saintes-maries-de-la-mer.en-gb.html?aid=304142&label=gen173nr-1FCAQoggJCH3NlYXJjaF9zYWludGVzIG1hcmllcyBkZSBsYSBtZXJIM1gEaE2IAQGYAQm4AQrIAQXYAQHoAQH4AQOIAgGoAgO4Ap3N0LgGwAIB0gIkYzRkZWYxMGYtYjg1Ni00ZjQ2LWEwYjYtMzYzMjI5MjZjNDFi2AIF4AIB&ucfs=1&arphpl=1&group_adults=2&req_adults=2&no_rooms=1&group_children=0&req_children=0&hpos=1&hapos=1&sr_order=popularity&srpvid=8fa5980ed7040423&srepoch=1729373854&from=searchresults,8.9,"Hôtel Casa Marina is situated on the beachfront in Saintes-Maries-de-la-Mer, 400 metres from Arenas Beach and less than 1 km from Crin Blanc Beach. ",Saintes Maries de la mer,43.451133,4.430953
137,Aix Homes,https://www.booking.com/hotel/fr/26-cours-sextius.en-gb.html?aid=304142&label=gen173nr-1FCAQoggJCFnNlYXJjaF9haXggZW4gcHJvdmVuY2VIM1gEaE2IAQGYAQm4AQrIAQXYAQHoAQH4AQOIAgGoAgO4Ap3N0LgGwAIB0gIkMjFkZWI1ZmUtNzc2OS00ZmIxLTk3OWQtZWQ0MTEyODU0MDM42AIF4AIB&ucfs=1&arphpl=1&group_adults=2&req_adults=2&no_rooms=1&group_children=0&req_children=0&hpos=24&hapos=24&sr_order=popularity&srpvid=93d0980e4b57036f&srepoch=1729373854&from=searchresults,8.7,"Aix Homes is set in Aix-en-Provence, 30 km from Marseille Saint-Charles Train Station, 30 km from Joliette Metro Station, and 31 km from Les Terrasses du Port Shopping Centre. ",Aix en Provence,43.5287484,5.4436653
138,AUGUSTINS FOUNTAIN Studio Cosy AIX Centre Historique à 3 minutes de COURS MIRABEAU -WIFI-SMART TV-RUE CALME,https://www.booking.com/hotel/fr/augustins-fountain-studio-cosy-cente-historique-aix-a-3-min-c-de-crs-mirabeau.en-gb.html?aid=304142&label=gen173nr-1FCAQoggJCFnNlYXJjaF9haXggZW4gcHJvdmVuY2VIM1gEaE2IAQGYAQm4AQrIAQXYAQHoAQH4AQOIAgGoAgO4Ap3N0LgGwAIB0gIkMjFkZWI1ZmUtNzc2OS00ZmIxLTk3OWQtZWQ0MTEyODU0MDM42AIF4AIB&ucfs=1&arphpl=1&group_adults=2&req_adults=2&no_rooms=1&group_children=0&req_children=0&hpos=23&hapos=23&sr_order=popularity&srpvid=93d0980e4b57036f&srepoch=1729373854&from_sustainable_property_sr=1&from=searchresults,8.8,"AUGUSTINS FOUNTAIN Studio Cosy AIX Centre Historique à 3 minutes de COURS MIRABEAU -WIFI-SMART TV-RUE CALME is set in the Aix-en-Provence Historic Centre district of Aix-en-Provence, 31 km from Les...",Aix en Provence,43.5272537,5.4452585
139,"chambre d'hote de charme ""Villa les Iris"" proche centre ville",https://www.booking.com/hotel/fr/chambre-d-hote-de-charme-proche-centre-ville.en-gb.html?aid=304142&label=gen173nr-1FCAQoggJCFnNlYXJjaF9haXggZW4gcHJvdmVuY2VIM1gEaE2IAQGYAQm4AQrIAQXYAQHoAQH4AQOIAgGoAgO4Ap3N0LgGwAIB0gIkMjFkZWI1ZmUtNzc2OS00ZmIxLTk3OWQtZWQ0MTEyODU0MDM42AIF4AIB&ucfs=1&arphpl=1&group_adults=2&req_adults=2&no_rooms=1&group_children=0&req_children=0&hpos=22&hapos=22&sr_order=popularity&srpvid=93d0980e4b57036f&srepoch=1729373854&from=searchresults,9.1,"Set in Aix-en-Provence, chambre d'hote de charme ""Villa les Iris"" proche centre ville offers accommodation with a private pool, a terrace and mountain views. ",Aix en Provence,43.5372687,5.4486186
140,Les Quatre Dauphins,https://www.booking.com/hotel/fr/les-quatre-dauphins.en-gb.html?aid=304142&label=gen173nr-1FCAQoggJCFnNlYXJjaF9haXggZW4gcHJvdmVuY2VIM1gEaE2IAQGYAQm4AQrIAQXYAQHoAQH4AQOIAgGoAgO4Ap3N0LgGwAIB0gIkMjFkZWI1ZmUtNzc2OS00ZmIxLTk3OWQtZWQ0MTEyODU0MDM42AIF4AIB&ucfs=1&arphpl=1&group_adults=2&req_adults=2&no_rooms=1&group_children=0&req_children=0&hpos=21&hapos=21&sr_order=popularity&srpvid=93d0980e4b57036f&srepoch=1729373854&from=searchresults,8.1,"Les Quatre Dauphins is a hotel set in a former private mansion in the heart of Aix-en-Provence, just 50 metres away from Quatre Dauphins Square and 350 metres from Cours Mirabeau. ",Aix en Provence,43.5249088,5.45042306
141,Le Petit Patio,https://www.booking.com/hotel/fr/le-petit-patio-aix-en-provence.en-gb.html?aid=304142&label=gen173nr-1FCAQoggJCFnNlYXJjaF9haXggZW4gcHJvdmVuY2VIM1gEaE2IAQGYAQm4AQrIAQXYAQHoAQH4AQOIAgGoAgO4Ap3N0LgGwAIB0gIkMjFkZWI1ZmUtNzc2OS00ZmIxLTk3OWQtZWQ0MTEyODU0MDM42AIF4AIB&ucfs=1&arphpl=1&group_adults=2&req_adults=2&no_rooms=1&group_children=0&req_children=0&hpos=20&hapos=20&sr_order=popularity&srpvid=93d0980e4b57036f&srepoch=1729373854&from_sustainable_property_sr=1&from=searchresults,8.7,"Located in Aix-en-Provence, 31 km from Joliette Metro Station, 32 km from Les Terrasses du Port Shopping Centre and 32 km from Vieux Port Metro station, Le Petit Patio provides accommodation with a...",Aix en Provence,43.5309938,5.44959927
142,Appartement de Charme,https://www.booking.com/hotel/fr/appartement-de-charme-aix-en-provence2.en-gb.html?aid=304142&label=gen173nr-1FCAQoggJCFnNlYXJjaF9haXggZW4gcHJvdmVuY2VIM1gEaE2IAQGYAQm4AQrIAQXYAQHoAQH4AQOIAgGoAgO4Ap3N0LgGwAIB0gIkMjFkZWI1ZmUtNzc2OS00ZmIxLTk3OWQtZWQ0MTEyODU0MDM42AIF4AIB&ucfs=1&arphpl=1&group_adults=2&req_adults=2&no_rooms=1&group_children=0&req_children=0&hpos=19&hapos=19&sr_order=popularity&srpvid=93d0980e4b57036f&srepoch=1729373854&from_sustainable_property_sr=1&from=searchresults,9.0,"Situated in the centre of Aix-en-Provence, Appartement de Charme features accommodation with free WiFi in a historic building. ",Aix en Provence,43.52914577,5.45303341
143,Studio climatisé très calme derrière rue d'Italie- Centre historique,https://www.booking.com/hotel/fr/very-quiet-studio-historical-town.en-gb.html?aid=304142&label=gen173nr-1FCAQoggJCFnNlYXJjaF9haXggZW4gcHJvdmVuY2VIM1gEaE2IAQGYAQm4AQrIAQXYAQHoAQH4AQOIAgGoAgO4Ap3N0LgGwAIB0gIkMjFkZWI1ZmUtNzc2OS00ZmIxLTk3OWQtZWQ0MTEyODU0MDM42AIF4AIB&ucfs=1&arphpl=1&group_adults=2&req_adults=2&no_rooms=1&group_children=0&req_children=0&hpos=18&hapos=18&sr_order=popularity&srpvid=93d0980e4b57036f&srepoch=1729373854&from=searchresults,9.1,"Set in Aix-en-Provence, 32 km from Joliette Metro Station and 33 km from Les Terrasses du Port Shopping Centre, Studio climatisé très calme derrière rue d'Italie- Centre historique provides...",Aix en Provence,43.5256015,5.4539267
144,Hôtel Paul,https://www.booking.com/hotel/fr/paul.en-gb.html?aid=304142&label=gen173nr-1FCAQoggJCFnNlYXJjaF9haXggZW4gcHJvdmVuY2VIM1gEaE2IAQGYAQm4AQrIAQXYAQHoAQH4AQOIAgGoAgO4Ap3N0LgGwAIB0gIkMjFkZWI1ZmUtNzc2OS00ZmIxLTk3OWQtZWQ0MTEyODU0MDM42AIF4AIB&ucfs=1&arphpl=1&group_adults=2&req_adults=2&no_rooms=1&group_children=0&req_children=0&hpos=17&hapos=17&sr_order=popularity&srpvid=93d0980e4b57036f&srepoch=1729373854&from=searchresults,8.2,"Centrally located in Aix-en-Provence, Hotel Paul is only 150 metres from the Spa, the Palais des Festivals and the historical part of the city. It features a garden with a terrace area. ",Aix en Provence,43.53336324,5.44605643
145,Hôtel Le Mozart,https://www.booking.com/hotel/fr/le-mozart.en-gb.html?aid=304142&label=gen173nr-1FCAQoggJCFnNlYXJjaF9haXggZW4gcHJvdmVuY2VIM1gEaE2IAQGYAQm4AQrIAQXYAQHoAQH4AQOIAgGoAgO4Ap3N0LgGwAIB0gIkMjFkZWI1ZmUtNzc2OS00ZmIxLTk3OWQtZWQ0MTEyODU0MDM42AIF4AIB&ucfs=1&arphpl=1&group_adults=2&req_adults=2&no_rooms=1&group_children=0&req_children=0&hpos=16&hapos=16&sr_order=popularity&srpvid=93d0980e4b57036f&srepoch=1729373854&from=searchresults,8.4,"Located 500 metres from the Granet Museum, Hôtel Le Mozart offers air-conditioned rooms with free WiFi. It is easily accessed from Motorway A8, a 3-minute drive away. ",Aix en Provence,43.52191762,5.45787156
146,Le Concorde,https://www.booking.com/hotel/fr/le-concorde-sarl-aix-en-provence.en-gb.html?aid=304142&label=gen173nr-1FCAQoggJCFnNlYXJjaF9haXggZW4gcHJvdmVuY2VIM1gEaE2IAQGYAQm4AQrIAQXYAQHoAQH4AQOIAgGoAgO4Ap3N0LgGwAIB0gIkMjFkZWI1ZmUtNzc2OS00ZmIxLTk3OWQtZWQ0MTEyODU0MDM42AIF4AIB&ucfs=1&arphpl=1&group_adults=2&req_adults=2&no_rooms=1&group_children=0&req_children=0&hpos=15&hapos=15&sr_order=popularity&srpvid=93d0980e4b57036f&srepoch=1729373854&from_sustainable_property_sr=1&from=searchresults,7.8,"Le Concorde is ideally located in the centre of Aix-en-Provence, only a 5-minute walk from the famous Cour Mirabeau and near the Granet Museum. It offers a flowered garden. ",Aix en Provence,43.52461222,5.45375437
147,Renaissance Aix-en-Provence Hotel,https://www.booking.com/hotel/fr/renaissance-aix-en-provence.en-gb.html?aid=304142&label=gen173nr-1FCAQoggJCFnNlYXJjaF9haXggZW4gcHJvdmVuY2VIM1gEaE2IAQGYAQm4AQrIAQXYAQHoAQH4AQOIAgGoAgO4Ap3N0LgGwAIB0gIkMjFkZWI1ZmUtNzc2OS00ZmIxLTk3OWQtZWQ0MTEyODU0MDM42AIF4AIB&ucfs=1&arphpl=1&group_adults=2&req_adults=2&no_rooms=1&group_children=0&req_children=0&hpos=14&hapos=14&sr_order=popularity&srpvid=93d0980e4b57036f&srepoch=1729373854&from_sustainable_property_sr=1&from=searchresults,8.5,"Located within a 10-minute walk of the centre of Aix-en-Provence, Renaissance Aix-en-Provence Hotel boasts free access to a spa with a heated indoor pool, steam room, fitness room, and 2 treatment...",Aix en Provence,43.52624048,5.43820493
148,BLUE FOUNTAIN Luxueux Studio Aix Centre Historique -WIFI-SMART TV-,https://www.booking.com/hotel/fr/luxueux-studio-aix-historique-pavillon-vendome.en-gb.html?aid=304142&label=gen173nr-1FCAQoggJCFnNlYXJjaF9haXggZW4gcHJvdmVuY2VIM1gEaE2IAQGYAQm4AQrIAQXYAQHoAQH4AQOIAgGoAgO4Ap3N0LgGwAIB0gIkMjFkZWI1ZmUtNzc2OS00ZmIxLTk3OWQtZWQ0MTEyODU0MDM42AIF4AIB&ucfs=1&arphpl=1&group_adults=2&req_adults=2&no_rooms=1&group_children=0&req_children=0&hpos=13&hapos=13&sr_order=popularity&srpvid=93d0980e4b57036f&srepoch=1729373854&from_sustainable_property_sr=1&from=searchresults,9.1,"Set in Aix-en-Provence, the recently renovated BLUE FOUNTAIN Luxueux Studio Aix Centre Historique -WIFI-SMART TV- offers accommodation 30 km from Joliette Metro Station and 31 km from Les Terrasses du...",Aix en Provence,43.53028796,5.44409861
149,Appart des Augustins,https://www.booking.com/hotel/fr/appart-des-augustins.en-gb.html?aid=304142&label=gen173nr-1FCAQoggJCFnNlYXJjaF9haXggZW4gcHJvdmVuY2VIM1gEaE2IAQGYAQm4AQrIAQXYAQHoAQH4AQOIAgGoAgO4Ap3N0LgGwAIB0gIkMjFkZWI1ZmUtNzc2OS00ZmIxLTk3OWQtZWQ0MTEyODU0MDM42AIF4AIB&ucfs=1&arphpl=1&group_adults=2&req_adults=2&no_rooms=1&group_children=0&req_children=0&hpos=12&hapos=12&sr_order=popularity&srpvid=93d0980e4b57036f&srepoch=1729373854&from=searchresults,8.9,"Situated in the centre of Aix-en-Provence, 30 km from Marseille Saint-Charles Train Station and 30 km from Joliette Metro Station, Appart des Augustins offers free WiFi and air conditioning. ",Aix en Provence,43.5269542,5.4465705
150,The Originals Résidence Aix Schuman,https://www.booking.com/hotel/fr/the-originals-residence-aix-schuman.en-gb.html?aid=304142&label=gen173nr-1FCAQoggJCFnNlYXJjaF9haXggZW4gcHJvdmVuY2VIM1gEaE2IAQGYAQm4AQrIAQXYAQHoAQH4AQOIAgGoAgO4Ap3N0LgGwAIB0gIkMjFkZWI1ZmUtNzc2OS00ZmIxLTk3OWQtZWQ0MTEyODU0MDM42AIF4AIB&ucfs=1&arphpl=1&group_adults=2&req_adults=2&no_rooms=1&group_children=0&req_children=0&hpos=11&hapos=11&sr_order=popularity&srpvid=93d0980e4b57036f&srepoch=1729373854&from_sustainable_property_sr=1&from=searchresults,8.3,"Situated in Aix-en-Provence, 30 km from Marseille Saint-Charles Train Station, The Originals Résidence Aix Schuman features accommodation with a fitness centre, private parking, a terrace and a bar. ",Aix en Provence,43.5205148,5.4471929
151,Séjours & Affaires Aix-en-Provence Mirabeau,https://www.booking.com/hotel/fr/residence-mirabeau.en-gb.html?aid=304142&label=gen173nr-1FCAQoggJCFnNlYXJjaF9haXggZW4gcHJvdmVuY2VIM1gEaE2IAQGYAQm4AQrIAQXYAQHoAQH4AQOIAgGoAgO4Ap3N0LgGwAIB0gIkMjFkZWI1ZmUtNzc2OS00ZmIxLTk3OWQtZWQ0MTEyODU0MDM42AIF4AIB&ucfs=1&arphpl=1&group_adults=2&req_adults=2&no_rooms=1&group_children=0&req_children=0&hpos=10&hapos=10&sr_order=popularity&srpvid=93d0980e4b57036f&srepoch=1729373854&from_sustainable_property_sr=1&from=searchresults,7.9,This Séjours & Affaires residence is located in Aix-en-Provence near the Cours Mirabeau. It offers furnished studios and free Wi-Fi internet access. ,Aix en Provence,43.52524078,5.441266
152,L'Escapade Aixoise hyper centre historique studios free netfilx wifi romantics apartments historic center,https://www.booking.com/hotel/fr/l-39-escapade-aixoise-nuit-romantique.en-gb.html?aid=304142&label=gen173nr-1FCAQoggJCFnNlYXJjaF9haXggZW4gcHJvdmVuY2VIM1gEaE2IAQGYAQm4AQrIAQXYAQHoAQH4AQOIAgGoAgO4Ap3N0LgGwAIB0gIkMjFkZWI1ZmUtNzc2OS00ZmIxLTk3OWQtZWQ0MTEyODU0MDM42AIF4AIB&ucfs=1&arphpl=1&group_adults=2&req_adults=2&no_rooms=1&group_children=0&req_children=0&hpos=9&hapos=9&sr_order=popularity&srpvid=93d0980e4b57036f&srepoch=1729373854&from=searchresults,8.0,"Located in the centre of Aix-en-Provence, just 31 km from Marseille Saint-Charles Train Station and 31 km from Joliette Metro Station, L'Escapade Aixoise hyper centre historique studios free netfilx...",Aix en Provence,43.531203,5.449408
153,Le Loft du Matheron,https://www.booking.com/hotel/fr/le-loft-du-matheron.en-gb.html?aid=304142&label=gen173nr-1FCAQoggJCFnNlYXJjaF9haXggZW4gcHJvdmVuY2VIM1gEaE2IAQGYAQm4AQrIAQXYAQHoAQH4AQOIAgGoAgO4Ap3N0LgGwAIB0gIkMjFkZWI1ZmUtNzc2OS00ZmIxLTk3OWQtZWQ0MTEyODU0MDM42AIF4AIB&ucfs=1&arphpl=1&group_adults=2&req_adults=2&no_rooms=1&group_children=0&req_children=0&hpos=8&hapos=8&sr_order=popularity&srpvid=93d0980e4b57036f&srepoch=1729373854&from=searchresults,9.3,"Set in the centre of Aix-en-Provence, 31 km from Marseille Saint-Charles Train Station and 31 km from Joliette Metro Station, Le Loft du Matheron offers free WiFi and air conditioning. ",Aix en Provence,43.5303992,5.44944435
154,Appartement de charme,https://www.booking.com/hotel/fr/apartement-de-charme.en-gb.html?aid=304142&label=gen173nr-1FCAQoggJCFnNlYXJjaF9haXggZW4gcHJvdmVuY2VIM1gEaE2IAQGYAQm4AQrIAQXYAQHoAQH4AQOIAgGoAgO4Ap3N0LgGwAIB0gIkMjFkZWI1ZmUtNzc2OS00ZmIxLTk3OWQtZWQ0MTEyODU0MDM42AIF4AIB&ucfs=1&arphpl=1&group_adults=2&req_adults=2&no_rooms=1&group_children=0&req_children=0&hpos=7&hapos=7&sr_order=popularity&srpvid=93d0980e4b57036f&srepoch=1729373854&from_sustainable_property_sr=1&from=searchresults,9.0,"Situated in the centre of Aix-en-Provence, Appartement de charme features accommodation with free WiFi in a historic building. ",Aix en Provence,43.5291307,5.452985
155,Les Jardins de Mistral Apartment,https://www.booking.com/hotel/fr/les-jardins-de-mistral-apartment.en-gb.html?aid=304142&label=gen173nr-1FCAQoggJCFnNlYXJjaF9haXggZW4gcHJvdmVuY2VIM1gEaE2IAQGYAQm4AQrIAQXYAQHoAQH4AQOIAgGoAgO4Ap3N0LgGwAIB0gIkMjFkZWI1ZmUtNzc2OS00ZmIxLTk3OWQtZWQ0MTEyODU0MDM42AIF4AIB&ucfs=1&arphpl=1&group_adults=2&req_adults=2&no_rooms=1&group_children=0&req_children=0&hpos=6&hapos=6&sr_order=popularity&srpvid=93d0980e4b57036f&srepoch=1729373854&from=searchresults,9.3,"Located in the centre of Aix-en-Provence, 31 km from Marseille Saint-Charles Train Station and 31 km from Joliette Metro Station, Les Jardins de Mistral Apartment offers free WiFi, a garden and air...",Aix en Provence,43.52606932,5.45086174
156,Bed and Breakfast Jardin de Marie,https://www.booking.com/hotel/fr/le-jardin-de-marie.en-gb.html?aid=304142&label=gen173nr-1FCAQoggJCFnNlYXJjaF9haXggZW4gcHJvdmVuY2VIM1gEaE2IAQGYAQm4AQrIAQXYAQHoAQH4AQOIAgGoAgO4Ap3N0LgGwAIB0gIkMjFkZWI1ZmUtNzc2OS00ZmIxLTk3OWQtZWQ0MTEyODU0MDM42AIF4AIB&ucfs=1&arphpl=1&group_adults=2&req_adults=2&no_rooms=1&group_children=0&req_children=0&hpos=5&hapos=5&sr_order=popularity&srpvid=93d0980e4b57036f&srepoch=1729373854&from=searchresults,8.9,Bed and Breakfast Jardin de Marie is located in Aix-en-Provence and offers B&B accommodation. ,Aix en Provence,43.52490233,5.45054108
157,B&B Villa Roumanille,https://www.booking.com/hotel/fr/villa-roumanille.en-gb.html?aid=304142&label=gen173nr-1FCAQoggJCFnNlYXJjaF9haXggZW4gcHJvdmVuY2VIM1gEaE2IAQGYAQm4AQrIAQXYAQHoAQH4AQOIAgGoAgO4Ap3N0LgGwAIB0gIkMjFkZWI1ZmUtNzc2OS00ZmIxLTk3OWQtZWQ0MTEyODU0MDM42AIF4AIB&ucfs=1&arphpl=1&group_adults=2&req_adults=2&no_rooms=1&group_children=0&req_children=0&hpos=4&hapos=4&sr_order=popularity&srpvid=93d0980e4b57036f&srepoch=1729373854&from_sustainable_property_sr=1&from=searchresults,9.2,"Located just 1 km from the centre of Aix-en-Provence, Villa Roumanille is a typical Provençal house, which offers a garden and terrace. Cassis and its cliffs are a 30-minute drive away. ",Aix en Provence,43.51783611,5.44283509
158,Aquabella Hôtel & Spa,https://www.booking.com/hotel/fr/hotel-aquabella.en-gb.html?aid=304142&label=gen173nr-1FCAQoggJCFnNlYXJjaF9haXggZW4gcHJvdmVuY2VIM1gEaE2IAQGYAQm4AQrIAQXYAQHoAQH4AQOIAgGoAgO4Ap3N0LgGwAIB0gIkMjFkZWI1ZmUtNzc2OS00ZmIxLTk3OWQtZWQ0MTEyODU0MDM42AIF4AIB&ucfs=1&arphpl=1&group_adults=2&req_adults=2&no_rooms=1&group_children=0&req_children=0&hpos=3&hapos=3&sr_order=popularity&srpvid=93d0980e4b57036f&srepoch=1729373854&from_sustainable_property_sr=1&from=searchresults,8.6,"Surrounded by a beautiful garden, Aquabella offers Provencal-style rooms and guests have free access to the spa. It is located in central Aix-en-Provence, a short walk from the old town. ",Aix en Provence,43.5312636,5.44507004
159,Hotel Cardinal,https://www.booking.com/hotel/fr/cardinal.en-gb.html?aid=304142&label=gen173nr-1FCAQoggJCFnNlYXJjaF9haXggZW4gcHJvdmVuY2VIM1gEaE2IAQGYAQm4AQrIAQXYAQHoAQH4AQOIAgGoAgO4Ap3N0LgGwAIB0gIkMjFkZWI1ZmUtNzc2OS00ZmIxLTk3OWQtZWQ0MTEyODU0MDM42AIF4AIB&ucfs=1&arphpl=1&group_adults=2&req_adults=2&no_rooms=1&group_children=0&req_children=0&hpos=2&hapos=2&sr_order=popularity&srpvid=93d0980e4b57036f&srepoch=1729373854&from=searchresults,8.5,"Situated in Aix-en-Provence, within 800 metres of Cours Mirabeau and Saint-Sauveur Cathedral, Hotel Cardinal features rooms with air conditioning and a private bathroom. ",Aix en Provence,43.5255987,5.4517208
160,Hôtel des Augustins,https://www.booking.com/hotel/fr/les-augustins.en-gb.html?aid=304142&label=gen173nr-1FCAQoggJCFnNlYXJjaF9haXggZW4gcHJvdmVuY2VIM1gEaE2IAQGYAQm4AQrIAQXYAQHoAQH4AQOIAgGoAgO4Ap3N0LgGwAIB0gIkMjFkZWI1ZmUtNzc2OS00ZmIxLTk3OWQtZWQ0MTEyODU0MDM42AIF4AIB&ucfs=1&arphpl=1&group_adults=2&req_adults=2&no_rooms=1&group_children=0&req_children=0&hpos=1&hapos=1&sr_order=popularity&srpvid=93d0980e4b57036f&srepoch=1729373854&from=searchresults,8.2,"Located just of the famous Cours Mirabeau in the heart of the old town of Aix-en-Provence, Hotel Les Augustins is set within the walls of a 12th-century convent. ",Aix en Provence,43.52688664,5.44727147
161,Studio avec parking à 12mns du centre historique de bayonne,https://www.booking.com/hotel/fr/a-12mns-du-centre-historique-de-bayonne6.en-gb.html?aid=304142&label=gen173nr-1FCAQoggJCDnNlYXJjaF9iYXlvbm5lSDNYBGhNiAEBmAEJuAEKyAEF2AEB6AEB-AEDiAIBqAIDuAKdzdC4BsACAdICJDM5OWRjNDcxLTRlYzItNDhkNi05MGQ4LWY1YjlhN2M2ZjkxM9gCBeACAQ&ucfs=1&arphpl=1&group_adults=2&req_adults=2&no_rooms=1&group_children=0&req_children=0&hpos=25&hapos=25&sr_order=popularity&srpvid=c9c2980edb0d0085&srepoch=1729373854&from=searchresults,7.6,"Offering a garden and garden view, Studio avec parking à 12mns du centre historique de bayonne is set in Bayonne, 21 km from Saint Jean de Luz Train Station and 21 km from Saint-Jean-Baptiste Church. ",Bayonne,43.48540291,
162,Appartement T2 Bayonne st esprit avec parking,https://www.booking.com/hotel/fr/appartement-t2-bayonne-st-esprit-avec-parking.en-gb.html?aid=304142&label=gen173nr-1FCAQoggJCDnNlYXJjaF9iYXlvbm5lSDNYBGhNiAEBmAEJuAEKyAEF2AEB6AEB-AEDiAIBqAIDuAKdzdC4BsACAdICJDM5OWRjNDcxLTRlYzItNDhkNi05MGQ4LWY1YjlhN2M2ZjkxM9gCBeACAQ&ucfs=1&arphpl=1&group_adults=2&req_adults=2&no_rooms=1&group_children=0&req_children=0&hpos=24&hapos=24&sr_order=popularity&srpvid=c9c2980edb0d0085&srepoch=1729373854&from_sustainable_property_sr=1&from=searchresults,8.5,"Located in Bayonne, 14 km from Biarritz La Négresse Train Station and 24 km from Saint Jean de Luz Train Station, Appartement T2 Bayonne st esprit avec parking offers air conditioning. ",Bayonne,43.4926036,
163,Temporesidence Chateauneuf,https://www.booking.com/hotel/fr/temporesidence-chateauneuf.en-gb.html?aid=304142&label=gen173nr-1FCAQoggJCDnNlYXJjaF9iYXlvbm5lSDNYBGhNiAEBmAEJuAEKyAEF2AEB6AEB-AEDiAIBqAIDuAKdzdC4BsACAdICJDM5OWRjNDcxLTRlYzItNDhkNi05MGQ4LWY1YjlhN2M2ZjkxM9gCBeACAQ&ucfs=1&arphpl=1&group_adults=2&req_adults=2&no_rooms=1&group_children=0&req_children=0&hpos=23&hapos=23&sr_order=popularity&srpvid=c9c2980edb0d0085&srepoch=1729373854&from=searchresults,7.3,"Located in the Aquitaine region, this residence features modern accommodation with wired internet access and a flat-screen TV with cable channels. The sandy beaches of Biarritz are just 8 km away. ",Bayonne,43.48991068,
164,Temporesidence Cathedrale,https://www.booking.com/hotel/fr/temporesidence-cathedrale.en-gb.html?aid=304142&label=gen173nr-1FCAQoggJCDnNlYXJjaF9iYXlvbm5lSDNYBGhNiAEBmAEJuAEKyAEF2AEB6AEB-AEDiAIBqAIDuAKdzdC4BsACAdICJDM5OWRjNDcxLTRlYzItNDhkNi05MGQ4LWY1YjlhN2M2ZjkxM9gCBeACAQ&ucfs=1&arphpl=1&group_adults=2&req_adults=2&no_rooms=1&group_children=0&req_children=0&hpos=22&hapos=22&sr_order=popularity&srpvid=c9c2980edb0d0085&srepoch=1729373854&from=searchresults,8.0,"Located in Bayonne, Temporesidence Cathedrale is just 2.5 km from the train station and 6 km from Biarritz. It offers spacious apartments and studios with a fully equipped kitchenette. ",Bayonne,43.48954193,
165,ibis budget Bayonne,https://www.booking.com/hotel/fr/ibis-budget-bayonne.en-gb.html?aid=304142&label=gen173nr-1FCAQoggJCDnNlYXJjaF9iYXlvbm5lSDNYBGhNiAEBmAEJuAEKyAEF2AEB6AEB-AEDiAIBqAIDuAKdzdC4BsACAdICJDM5OWRjNDcxLTRlYzItNDhkNi05MGQ4LWY1YjlhN2M2ZjkxM9gCBeACAQ&ucfs=1&arphpl=1&group_adults=2&req_adults=2&no_rooms=1&group_children=0&req_children=0&hpos=21&hapos=21&sr_order=popularity&srpvid=c9c2980edb0d0085&srepoch=1729373854&from_sustainable_property_sr=1&from=searchresults,7.7,"Located 2 km from Bayonne historic centre and train station, and 8 km from the beaches, ibis budget Bayonne has a 24-hour front desk, free Wi-Fi and free parking. ",Bayonne,43.48908262,
166,Okko Hotels Bayonne Centre,https://www.booking.com/hotel/fr/okko-hotels-bayonne-centre.en-gb.html?aid=304142&label=gen173nr-1FCAQoggJCDnNlYXJjaF9iYXlvbm5lSDNYBGhNiAEBmAEJuAEKyAEF2AEB6AEB-AEDiAIBqAIDuAKdzdC4BsACAdICJDM5OWRjNDcxLTRlYzItNDhkNi05MGQ4LWY1YjlhN2M2ZjkxM9gCBeACAQ&ucfs=1&arphpl=1&group_adults=2&req_adults=2&no_rooms=1&group_children=0&req_children=0&hpos=20&hapos=20&sr_order=popularity&srpvid=c9c2980edb0d0085&srepoch=1729373854&from_sustainable_property_sr=1&from=searchresults,8.1,"Set in Bayonne, just 700 metres from the city centre and Ste Marie Cathedral, Okko Hotels Bayonne Centre features air-conditioned rooms with free WiFi throughout the property. ",Bayonne,43.4953443,
167,Hostel 20 Bayonne,https://www.booking.com/hotel/fr/hostel-20-bayonne.en-gb.html?aid=304142&label=gen173nr-1FCAQoggJCDnNlYXJjaF9iYXlvbm5lSDNYBGhNiAEBmAEJuAEKyAEF2AEB6AEB-AEDiAIBqAIDuAKdzdC4BsACAdICJDM5OWRjNDcxLTRlYzItNDhkNi05MGQ4LWY1YjlhN2M2ZjkxM9gCBeACAQ&ucfs=1&arphpl=1&group_adults=2&req_adults=2&no_rooms=1&group_children=0&req_children=0&hpos=19&hapos=19&sr_order=popularity&srpvid=c9c2980edb0d0085&srepoch=1729373854&from_sustainable_property_sr=1&from=searchresults,7.8,"Located 15 km from Biarritz La Négresse Train Station, Hostel 20 Bayonne offers 1-star accommodation in Bayonne and features a shared lounge, a terrace and a bar. ",Bayonne,43.49535,
168,Hôtel des Arceaux,https://www.booking.com/hotel/fr/des-arceaux.en-gb.html?aid=304142&label=gen173nr-1FCAQoggJCDnNlYXJjaF9iYXlvbm5lSDNYBGhNiAEBmAEJuAEKyAEF2AEB6AEB-AEDiAIBqAIDuAKdzdC4BsACAdICJDM5OWRjNDcxLTRlYzItNDhkNi05MGQ4LWY1YjlhN2M2ZjkxM9gCBeACAQ&ucfs=1&arphpl=1&group_adults=2&req_adults=2&no_rooms=1&group_children=0&req_children=0&hpos=18&hapos=18&sr_order=popularity&srpvid=c9c2980edb0d0085&srepoch=1729373854&from=searchresults,7.1,"Set in a pedestrianised area of Bayonne’s historical centre, this charming hotel is housed in a 17th-century building. All the rooms are uniquely decorated and include free WiFi internet access. ",Bayonne,43.4922497,
169,Hôtel Villa KOEGUI Bayonne,https://www.booking.com/hotel/fr/villa-koegui-bayonne.en-gb.html?aid=304142&label=gen173nr-1FCAQoggJCDnNlYXJjaF9iYXlvbm5lSDNYBGhNiAEBmAEJuAEKyAEF2AEB6AEB-AEDiAIBqAIDuAKdzdC4BsACAdICJDM5OWRjNDcxLTRlYzItNDhkNi05MGQ4LWY1YjlhN2M2ZjkxM9gCBeACAQ&ucfs=1&arphpl=1&group_adults=2&req_adults=2&no_rooms=1&group_children=0&req_children=0&hpos=17&hapos=17&sr_order=popularity&srpvid=c9c2980edb0d0085&srepoch=1729373854&from_sustainable_property_sr=1&from=searchresults,9.0,"Hôtel Villa KOEGUI Bayonne has a restaurant, fitness centre, a bar and shared lounge in Bayonne. This property also provides guests with a terrace. ",Bayonne,43.492371,
170,Atlantic Selection - Le loft 36,https://www.booking.com/hotel/fr/atlantic-selection-le-loft-36.en-gb.html?aid=304142&label=gen173nr-1FCAQoggJCDnNlYXJjaF9iYXlvbm5lSDNYBGhNiAEBmAEJuAEKyAEF2AEB6AEB-AEDiAIBqAIDuAKdzdC4BsACAdICJDM5OWRjNDcxLTRlYzItNDhkNi05MGQ4LWY1YjlhN2M2ZjkxM9gCBeACAQ&ucfs=1&arphpl=1&group_adults=2&req_adults=2&no_rooms=1&group_children=0&req_children=0&hpos=16&hapos=16&sr_order=popularity&srpvid=c9c2980edb0d0085&srepoch=1729373854&from=searchresults,8.9,"Atlantic Selection - Le loft 36 in Bayonne offers accommodation with free WiFi, 6.5 km from Biarritz La Négresse Train Station, 21 km from Saint Jean de Luz Train Station and 22 km from...",Bayonne,43.4891491,
171,ibis Bayonne Centre,https://www.booking.com/hotel/fr/ibis-bayonne.en-gb.html?aid=304142&label=gen173nr-1FCAQoggJCDnNlYXJjaF9iYXlvbm5lSDNYBGhNiAEBmAEJuAEKyAEF2AEB6AEB-AEDiAIBqAIDuAKdzdC4BsACAdICJDM5OWRjNDcxLTRlYzItNDhkNi05MGQ4LWY1YjlhN2M2ZjkxM9gCBeACAQ&ucfs=1&arphpl=1&group_adults=2&req_adults=2&no_rooms=1&group_children=0&req_children=0&hpos=15&hapos=15&sr_order=popularity&srpvid=c9c2980edb0d0085&srepoch=1729373854&from_sustainable_property_sr=1&from=searchresults,8.1,"Located a 5-minute walk from the centre of Bayonne, this ibis hotel is set on the banks of the Adour River, just 600 metres from the train station. ",Bayonne,43.492713,
172,"La Baignade de Montaigu, piscine et garage couvert",https://www.booking.com/hotel/fr/grand-studio-dans-residence-standing-avec-piscine-et-garage-couvert.en-gb.html?aid=304142&label=gen173nr-1FCAQoggJCDnNlYXJjaF9iYXlvbm5lSDNYBGhNiAEBmAEJuAEKyAEF2AEB6AEB-AEDiAIBqAIDuAKdzdC4BsACAdICJDM5OWRjNDcxLTRlYzItNDhkNi05MGQ4LWY1YjlhN2M2ZjkxM9gCBeACAQ&ucfs=1&arphpl=1&group_adults=2&req_adults=2&no_rooms=1&group_children=0&req_children=0&hpos=14&hapos=14&sr_order=popularity&srpvid=c9c2980edb0d0085&srepoch=1729373854&from=searchresults,8.2,"Featuring accommodation with a private pool, inner courtyard view and a patio, La Baignade de Montaigu, piscine et garage couvert is set in Bayonne. ",Bayonne,43.5052917,
173,Maison d'hôtes City Break MIRADOUR,https://www.booking.com/hotel/fr/city-break-miradour.en-gb.html?aid=304142&label=gen173nr-1FCAQoggJCDnNlYXJjaF9iYXlvbm5lSDNYBGhNiAEBmAEJuAEKyAEF2AEB6AEB-AEDiAIBqAIDuAKdzdC4BsACAdICJDM5OWRjNDcxLTRlYzItNDhkNi05MGQ4LWY1YjlhN2M2ZjkxM9gCBeACAQ&ucfs=1&arphpl=1&group_adults=2&req_adults=2&no_rooms=1&group_children=0&req_children=0&hpos=13&hapos=13&sr_order=popularity&srpvid=c9c2980edb0d0085&srepoch=1729373854&from_sustainable_property_sr=1&from=searchresults,8.6,"Set within 12 km of Biarritz La Négresse Train Station and 22 km of Saint Jean de Luz Train Station in Bayonne, Maison d'hôtes City Break MIRADOUR offers accommodation with seating area. ",Bayonne,43.489513,
174,Mendiska,https://www.booking.com/hotel/fr/chez-fleur-bayonne.en-gb.html?aid=304142&label=gen173nr-1FCAQoggJCDnNlYXJjaF9iYXlvbm5lSDNYBGhNiAEBmAEJuAEKyAEF2AEB6AEB-AEDiAIBqAIDuAKdzdC4BsACAdICJDM5OWRjNDcxLTRlYzItNDhkNi05MGQ4LWY1YjlhN2M2ZjkxM9gCBeACAQ&ucfs=1&arphpl=1&group_adults=2&req_adults=2&no_rooms=1&group_children=0&req_children=0&hpos=12&hapos=12&sr_order=popularity&srpvid=c9c2980edb0d0085&srepoch=1729373854&from=searchresults,8.4,"Set in Bayonne in the Aquitaine region, Mendiska features a terrace. Offering a garden, the property is located within 20 km of Saint Jean de Luz Train Station. ",Bayonne,43.4840441,
175,Bayonne en plein cœur Centre Historique 2 chambres,https://www.booking.com/hotel/fr/bayonne-en-plein-coeur-centre-historique-2-chambres.en-gb.html?aid=304142&label=gen173nr-1FCAQoggJCDnNlYXJjaF9iYXlvbm5lSDNYBGhNiAEBmAEJuAEKyAEF2AEB6AEB-AEDiAIBqAIDuAKdzdC4BsACAdICJDM5OWRjNDcxLTRlYzItNDhkNi05MGQ4LWY1YjlhN2M2ZjkxM9gCBeACAQ&ucfs=1&arphpl=1&group_adults=2&req_adults=2&no_rooms=1&group_children=0&req_children=0&hpos=11&hapos=11&sr_order=popularity&srpvid=c9c2980edb0d0085&srepoch=1729373854&from=searchresults,8.5,"Offering city views, Bayonne en plein cœur Centre Historique 2 chambres is an accommodation situated in Bayonne, 22 km from Saint Jean de Luz Train Station and 22 km from Saint-Jean-Baptiste Church. ",Bayonne,43.4890699,
176,Boutique Hôtel Un Appart en Ville,https://www.booking.com/hotel/fr/un-appart-en-ville-bayonne1.en-gb.html?aid=304142&label=gen173nr-1FCAQoggJCDnNlYXJjaF9iYXlvbm5lSDNYBGhNiAEBmAEJuAEKyAEF2AEB6AEB-AEDiAIBqAIDuAKdzdC4BsACAdICJDM5OWRjNDcxLTRlYzItNDhkNi05MGQ4LWY1YjlhN2M2ZjkxM9gCBeACAQ&ucfs=1&arphpl=1&group_adults=2&req_adults=2&no_rooms=1&group_children=0&req_children=0&hpos=10&hapos=10&sr_order=popularity&srpvid=c9c2980edb0d0085&srepoch=1729373854&from_sustainable_property_sr=1&from=searchresults,8.8,"Offering quiet street views, Boutique Hôtel Un Appart en Ville is an accommodation situated in Bayonne, 12 km from Biarritz La Négresse Train Station and 22 km from Saint Jean de Luz Train Station. ",Bayonne,43.4909225,
177,Hotel Cote Basque,https://www.booking.com/hotel/fr/cote-basque.en-gb.html?aid=304142&label=gen173nr-1FCAQoggJCDnNlYXJjaF9iYXlvbm5lSDNYBGhNiAEBmAEJuAEKyAEF2AEB6AEB-AEDiAIBqAIDuAKdzdC4BsACAdICJDM5OWRjNDcxLTRlYzItNDhkNi05MGQ4LWY1YjlhN2M2ZjkxM9gCBeACAQ&ucfs=1&arphpl=1&group_adults=2&req_adults=2&no_rooms=1&group_children=0&req_children=0&hpos=9&hapos=9&sr_order=popularity&srpvid=c9c2980edb0d0085&srepoch=1729373854&from_sustainable_property_sr=1&from=searchresults,7.9,"This hotel sits in the heart Bayonne’s historical town, in front of the Saint Esprit bridge. It offers free Wi-Fi and en suite rooms. ",Bayonne,43.49618306,
178,ibis Styles Bayonne,https://www.booking.com/hotel/fr/loustau.en-gb.html?aid=304142&label=gen173nr-1FCAQoggJCDnNlYXJjaF9iYXlvbm5lSDNYBGhNiAEBmAEJuAEKyAEF2AEB6AEB-AEDiAIBqAIDuAKdzdC4BsACAdICJDM5OWRjNDcxLTRlYzItNDhkNi05MGQ4LWY1YjlhN2M2ZjkxM9gCBeACAQ&ucfs=1&arphpl=1&group_adults=2&req_adults=2&no_rooms=1&group_children=0&req_children=0&hpos=8&hapos=8&sr_order=popularity&srpvid=c9c2980edb0d0085&srepoch=1729373854&from_sustainable_property_sr=1&from=searchresults,8.4,"Located on the banks of the Adour River with an exceptional view of the medieval town of Bayonne, ibis Styles Bayonne is within walking distance of the 12th-Century Cathedral. ",Bayonne,43.49540574,
179,Euskal etxea,https://www.booking.com/hotel/fr/euskal-etxea.en-gb.html?aid=304142&label=gen173nr-1FCAQoggJCDnNlYXJjaF9iYXlvbm5lSDNYBGhNiAEBmAEJuAEKyAEF2AEB6AEB-AEDiAIBqAIDuAKdzdC4BsACAdICJDM5OWRjNDcxLTRlYzItNDhkNi05MGQ4LWY1YjlhN2M2ZjkxM9gCBeACAQ&ucfs=1&arphpl=1&group_adults=2&req_adults=2&no_rooms=1&group_children=0&req_children=0&hpos=7&hapos=7&sr_order=popularity&srpvid=c9c2980edb0d0085&srepoch=1729373854&from=searchresults,9.6,"Located in Bayonne, 12 km from Biarritz La Négresse Train Station and 22 km from Saint Jean de Luz Train Station, Euskal etxea offers a garden and air conditioning. ",Bayonne,43.4872203,
180,Hôtel Le Bayonne,https://www.booking.com/hotel/fr/le-bayonne-ha-tel.en-gb.html?aid=304142&label=gen173nr-1FCAQoggJCDnNlYXJjaF9iYXlvbm5lSDNYBGhNiAEBmAEJuAEKyAEF2AEB6AEB-AEDiAIBqAIDuAKdzdC4BsACAdICJDM5OWRjNDcxLTRlYzItNDhkNi05MGQ4LWY1YjlhN2M2ZjkxM9gCBeACAQ&ucfs=1&arphpl=1&group_adults=2&req_adults=2&no_rooms=1&group_children=0&req_children=0&hpos=6&hapos=6&sr_order=popularity&srpvid=c9c2980edb0d0085&srepoch=1729373854&from=searchresults,8.2,"Set in central Bayonne in the Aquitaine region, Hôtel Le Bayonne offers a seasonal, outdoor swimming pool. Guests are invited to use the hammam. ",Bayonne,43.4850262,
181,Baiona,https://www.booking.com/hotel/fr/baiona.en-gb.html?aid=304142&label=gen173nr-1FCAQoggJCDnNlYXJjaF9iYXlvbm5lSDNYBGhNiAEBmAEJuAEKyAEF2AEB6AEB-AEDiAIBqAIDuAKdzdC4BsACAdICJDM5OWRjNDcxLTRlYzItNDhkNi05MGQ4LWY1YjlhN2M2ZjkxM9gCBeACAQ&ucfs=1&arphpl=1&group_adults=2&req_adults=2&no_rooms=1&group_children=0&req_children=0&hpos=5&hapos=5&sr_order=popularity&srpvid=c9c2980edb0d0085&srepoch=1729373854&from=searchresults,9.1,"Situated 22 km from Saint Jean de Luz Train Station, 23 km from Saint-Jean-Baptiste Church and 36 km from Hendaye Train Station, Baiona offers accommodation located in Bayonne. ",Bayonne,43.48722,
182,Libertitu,https://www.booking.com/hotel/fr/libertitu.en-gb.html?aid=304142&label=gen173nr-1FCAQoggJCDnNlYXJjaF9iYXlvbm5lSDNYBGhNiAEBmAEJuAEKyAEF2AEB6AEB-AEDiAIBqAIDuAKdzdC4BsACAdICJDM5OWRjNDcxLTRlYzItNDhkNi05MGQ4LWY1YjlhN2M2ZjkxM9gCBeACAQ&ucfs=1&arphpl=1&group_adults=2&req_adults=2&no_rooms=1&group_children=0&req_children=0&hpos=4&hapos=4&sr_order=popularity&srpvid=c9c2980edb0d0085&srepoch=1729373854&from=searchresults,9.2,"Situated within 12 km of Biarritz La Négresse Train Station and 22 km of Saint Jean de Luz Train Station in Bayonne, Libertitu features accommodation with seating area. ",Bayonne,43.494486,
183,Hotel Le Port Neuf,https://www.booking.com/hotel/fr/le-port-neuf.en-gb.html?aid=304142&label=gen173nr-1FCAQoggJCDnNlYXJjaF9iYXlvbm5lSDNYBGhNiAEBmAEJuAEKyAEF2AEB6AEB-AEDiAIBqAIDuAKdzdC4BsACAdICJDM5OWRjNDcxLTRlYzItNDhkNi05MGQ4LWY1YjlhN2M2ZjkxM9gCBeACAQ&ucfs=1&arphpl=1&group_adults=2&req_adults=2&no_rooms=1&group_children=0&req_children=0&hpos=3&hapos=3&sr_order=popularity&srpvid=c9c2980edb0d0085&srepoch=1729373854&from_sustainable_property_sr=1&from=searchresults,8.2,"Hotel Le Port Neuf is located in the historical centre, 100 metres from Bayonne Cathedral and 300 metres from the Basque Museum. It offers free Wi-Fi access and an onsite bar with a terrace. ",Bayonne,43.49166881,
184,Parc 709 Bayonne,https://www.booking.com/hotel/fr/parc-709-bayonne.en-gb.html?aid=304142&label=gen173nr-1FCAQoggJCDnNlYXJjaF9iYXlvbm5lSDNYBGhNiAEBmAEJuAEKyAEF2AEB6AEB-AEDiAIBqAIDuAKdzdC4BsACAdICJDM5OWRjNDcxLTRlYzItNDhkNi05MGQ4LWY1YjlhN2M2ZjkxM9gCBeACAQ&ucfs=1&arphpl=1&group_adults=2&req_adults=2&no_rooms=1&group_children=0&req_children=0&hpos=2&hapos=2&sr_order=popularity&srpvid=c9c2980edb0d0085&srepoch=1729373854&from=searchresults,9.2,"Offering quiet street views, Parc 709 Bayonne is an accommodation situated in Bayonne, 22 km from Saint Jean de Luz Train Station and 22 km from Saint-Jean-Baptiste Church. ",Bayonne,43.495606,
185,La Chambre d'Hote de Mano - Centre-ville de Bayonne,https://www.booking.com/hotel/fr/chambre-d-39-hotes-de-bayonne-france.en-gb.html?aid=304142&label=gen173nr-1FCAQoggJCDnNlYXJjaF9iYXlvbm5lSDNYBGhNiAEBmAEJuAEKyAEF2AEB6AEB-AEDiAIBqAIDuAKdzdC4BsACAdICJDM5OWRjNDcxLTRlYzItNDhkNi05MGQ4LWY1YjlhN2M2ZjkxM9gCBeACAQ&ucfs=1&arphpl=1&group_adults=2&req_adults=2&no_rooms=1&group_children=0&req_children=0&hpos=1&hapos=1&sr_order=popularity&srpvid=c9c2980edb0d0085&srepoch=1729373854&from=searchresults,9.3,"Located 200 metres from Bayonne Train Station, less than a 2-minute walk from the Adour River bank and 1 km from the Cathedral, Chambre d'Hôtes de Bayonne France offers a bedroom in an apartment. ",Bayonne,43.49530232,
186,Hôtel De L'Amphithéâtre,https://www.booking.com/hotel/fr/de-l-amphitheatre-nimes.en-gb.html?aid=304142&label=gen173nr-1FCAQoggJCDHNlYXJjaF9uaW1lc0gzWARoTYgBAZgBCbgBCsgBBdgBAegBAfgBA4gCAagCA7gCnM3QuAbAAgHSAiRkOTcwZjdhYy00NTA2LTRhZmQtYjBjYy1hNjVhYzdhMWQwMDDYAgXgAgE&ucfs=1&arphpl=1&group_adults=2&req_adults=2&no_rooms=1&group_children=0&req_children=0&hpos=23&hapos=23&sr_order=popularity&srpvid=b32a980ebd4302e5&srepoch=1729373853&from_sustainable_property_sr=1&from=searchresults,8.2,"Located in the pedestrian area of Nîmes historical city centre, Hôtel De L'Amphithéâtre consists of 2 mansions dating from the 17th and 18th centuries. ",Nimes,43.83581534,4.35914017
187,ibis budget Nimes Centre Gare,https://www.booking.com/hotel/fr/ibis-budget-nimes-centre-gare.en-gb.html?aid=304142&label=gen173nr-1FCAQoggJCDHNlYXJjaF9uaW1lc0gzWARoTYgBAZgBCbgBCsgBBdgBAegBAfgBA4gCAagCA7gCnM3QuAbAAgHSAiRkOTcwZjdhYy00NTA2LTRhZmQtYjBjYy1hNjVhYzdhMWQwMDDYAgXgAgE&ucfs=1&arphpl=1&group_adults=2&req_adults=2&no_rooms=1&group_children=0&req_children=0&hpos=22&hapos=22&sr_order=popularity&srpvid=b32a980ebd4302e5&srepoch=1729373853&from_sustainable_property_sr=1&from=searchresults,8.0,"Located just 50 metres from Nîmes Train Station, ibis budget Nimes Centre Gare offers a 24-hour reception, luggage storage and free Wi-Fi access in the entire hotel. ",Nimes,43.8320559,4.3673645
188,Appartement au centre historique de Nîmes,https://www.booking.com/hotel/fr/appartement-au-centre-historique-de-nimes.en-gb.html?aid=304142&label=gen173nr-1FCAQoggJCDHNlYXJjaF9uaW1lc0gzWARoTYgBAZgBCbgBCsgBBdgBAegBAfgBA4gCAagCA7gCnM3QuAbAAgHSAiRkOTcwZjdhYy00NTA2LTRhZmQtYjBjYy1hNjVhYzdhMWQwMDDYAgXgAgE&ucfs=1&arphpl=1&group_adults=2&req_adults=2&no_rooms=1&group_children=0&req_children=0&hpos=21&hapos=21&sr_order=popularity&srpvid=b32a980ebd4302e5&srepoch=1729373853&from_sustainable_property_sr=1&from=searchresults,8.7,"Set in the centre of Nîmes, just 14 km from Parc Expo Nîmes and 34 km from Arles Amphitheatre, Appartement au centre historique de Nîmes offers accommodation with quiet street views and free WiFi. ",Nimes,43.8394098,4.3563646
189,hotelF1 Nîmes Ouest,https://www.booking.com/hotel/fr/hotelf1-nimes-ouest.en-gb.html?aid=304142&label=gen173nr-1FCAQoggJCDHNlYXJjaF9uaW1lc0gzWARoTYgBAZgBCbgBCsgBBdgBAegBAfgBA4gCAagCA7gCnM3QuAbAAgHSAiRkOTcwZjdhYy00NTA2LTRhZmQtYjBjYy1hNjVhYzdhMWQwMDDYAgXgAgE&ucfs=1&arphpl=1&group_adults=2&req_adults=2&no_rooms=1&group_children=0&req_children=0&hpos=20&hapos=20&sr_order=popularity&srpvid=b32a980ebd4302e5&srepoch=1729373853&from_sustainable_property_sr=1&from=searchresults,6.7,"Hotelf1 Nîmes Ouest is situated in Nîmes, 44 km from Montpellier and 40 km from Avignon. ",Nimes,43.815334,4.344052
190,Hostel Vertigo Nîmes Gare Centre,https://www.booking.com/hotel/fr/vertigo-nimes-nimes.en-gb.html?aid=304142&label=gen173nr-1FCAQoggJCDHNlYXJjaF9uaW1lc0gzWARoTYgBAZgBCbgBCsgBBdgBAegBAfgBA4gCAagCA7gCnM3QuAbAAgHSAiRkOTcwZjdhYy00NTA2LTRhZmQtYjBjYy1hNjVhYzdhMWQwMDDYAgXgAgE&ucfs=1&arphpl=1&group_adults=2&req_adults=2&no_rooms=1&group_children=0&req_children=0&hpos=19&hapos=19&sr_order=popularity&srpvid=b32a980ebd4302e5&srepoch=1729373853&from_sustainable_property_sr=1&from=searchresults,8.3,"Hostel Vertigo Nîmes Gare Centre has a garden, shared lounge, a terrace and bar in Nîmes. ",Nimes,43.833162,4.366397
191,ibis Styles Nimes Gare Centre,https://www.booking.com/hotel/fr/ibis-styles-nimes-centre-gare.en-gb.html?aid=304142&label=gen173nr-1FCAQoggJCDHNlYXJjaF9uaW1lc0gzWARoTYgBAZgBCbgBCsgBBdgBAegBAfgBA4gCAagCA7gCnM3QuAbAAgHSAiRkOTcwZjdhYy00NTA2LTRhZmQtYjBjYy1hNjVhYzdhMWQwMDDYAgXgAgE&ucfs=1&arphpl=1&group_adults=2&req_adults=2&no_rooms=1&group_children=0&req_children=0&hpos=18&hapos=18&sr_order=popularity&srpvid=b32a980ebd4302e5&srepoch=1729373853&from_sustainable_property_sr=1&from=searchresults,8.3,,Nimes,43.83175755,4.36697356
192,Domitys Sophia,https://www.booking.com/hotel/fr/domitys-sophia.en-gb.html?aid=304142&label=gen173nr-1FCAQoggJCDHNlYXJjaF9uaW1lc0gzWARoTYgBAZgBCbgBCsgBBdgBAegBAfgBA4gCAagCA7gCnM3QuAbAAgHSAiRkOTcwZjdhYy00NTA2LTRhZmQtYjBjYy1hNjVhYzdhMWQwMDDYAgXgAgE&ucfs=1&arphpl=1&group_adults=2&req_adults=2&no_rooms=1&group_children=0&req_children=0&hpos=17&hapos=17&sr_order=popularity&srpvid=b32a980ebd4302e5&srepoch=1729373853&from_sustainable_property_sr=1&from=searchresults,8.8,"Featuring city views, Domitys Sophia offers accommodation with terrace, around 13 km from Parc Expo Nîmes. ",Nimes,43.845396,4.368959
193,Hôtel Abalone - Centre Gare,https://www.booking.com/hotel/fr/hotelterminusaudrans.en-gb.html?aid=304142&label=gen173nr-1FCAQoggJCDHNlYXJjaF9uaW1lc0gzWARoTYgBAZgBCbgBCsgBBdgBAegBAfgBA4gCAagCA7gCnM3QuAbAAgHSAiRkOTcwZjdhYy00NTA2LTRhZmQtYjBjYy1hNjVhYzdhMWQwMDDYAgXgAgE&ucfs=1&arphpl=1&group_adults=2&req_adults=2&no_rooms=1&group_children=0&req_children=0&hpos=16&hapos=16&sr_order=popularity&srpvid=b32a980ebd4302e5&srepoch=1729373853&from=searchresults,7.4,"Hôtel Abalone - Centre Gare is set in Nîmes, within 13 km of Parc Expo Nîmes and 34 km of Arles Amphitheatre. ",Nimes,43.8330273,4.36618969
194,Superbe T2 avec grande terrasse en centre ville à 5 min à pieds des Arènes de Nîmes,https://www.booking.com/hotel/fr/superbe-t2-avec-grande-terrasse-en-centre-ville-a-5-min-a-pieds-des-arenes-de-ni.en-gb.html?aid=304142&label=gen173nr-1FCAQoggJCDHNlYXJjaF9uaW1lc0gzWARoTYgBAZgBCbgBCsgBBdgBAegBAfgBA4gCAagCA7gCnM3QuAbAAgHSAiRkOTcwZjdhYy00NTA2LTRhZmQtYjBjYy1hNjVhYzdhMWQwMDDYAgXgAgE&ucfs=1&arphpl=1&group_adults=2&req_adults=2&no_rooms=1&group_children=0&req_children=0&hpos=15&hapos=15&sr_order=popularity&srpvid=b32a980ebd4302e5&srepoch=1729373853&from=searchresults,9.3,"Featuring air-conditioned accommodation with a terrace, Superbe T2 avec grande terrasse en centre ville à 5 min à pieds des Arènes de Nîmes is located in Nîmes. ",Nimes,43.83068548,4.35859191
195,Les Trois Rois,https://www.booking.com/hotel/fr/les-trois-rois-nimes.en-gb.html?aid=304142&label=gen173nr-1FCAQoggJCDHNlYXJjaF9uaW1lc0gzWARoTYgBAZgBCbgBCsgBBdgBAegBAfgBA4gCAagCA7gCnM3QuAbAAgHSAiRkOTcwZjdhYy00NTA2LTRhZmQtYjBjYy1hNjVhYzdhMWQwMDDYAgXgAgE&ucfs=1&arphpl=1&group_adults=2&req_adults=2&no_rooms=1&group_children=0&req_children=0&hpos=14&hapos=14&sr_order=popularity&srpvid=b32a980ebd4302e5&srepoch=1729373853&from_sustainable_property_sr=1&from=searchresults,9.3,"Boasting quiet street views, Les Trois Rois features accommodation with a terrace, around 1.8 km from Parc Expo Nîmes. ",Nimes,43.82917066,4.35692072
196,Le studio D'auguste- Cœur de Nîmes-chaleureux-emplacement idéal,https://www.booking.com/hotel/fr/le-studio-d-39-auguste-coeur-de-nimes-chaleureux-emplacement-ideal.en-gb.html?aid=304142&label=gen173nr-1FCAQoggJCDHNlYXJjaF9uaW1lc0gzWARoTYgBAZgBCbgBCsgBBdgBAegBAfgBA4gCAagCA7gCnM3QuAbAAgHSAiRkOTcwZjdhYy00NTA2LTRhZmQtYjBjYy1hNjVhYzdhMWQwMDDYAgXgAgE&ucfs=1&arphpl=1&group_adults=2&req_adults=2&no_rooms=1&group_children=0&req_children=0&hpos=13&hapos=13&sr_order=popularity&srpvid=b32a980ebd4302e5&srepoch=1729373853&from=searchresults,9.0,"Located within 15 km of Parc Expo Nîmes and 34 km of Arles Amphitheatre, Le studio D'auguste- Cœur de Nîmes-chaleureux-emplacement idéal provides rooms with air conditioning and a private bathroom in...",Nimes,43.83416688,4.35047845
197,Hotel Majestic,https://www.booking.com/hotel/fr/majestic-nimes.en-gb.html?aid=304142&label=gen173nr-1FCAQoggJCDHNlYXJjaF9uaW1lc0gzWARoTYgBAZgBCbgBCsgBBdgBAegBAfgBA4gCAagCA7gCnM3QuAbAAgHSAiRkOTcwZjdhYy00NTA2LTRhZmQtYjBjYy1hNjVhYzdhMWQwMDDYAgXgAgE&ucfs=1&arphpl=1&group_adults=2&req_adults=2&no_rooms=1&group_children=0&req_children=0&hpos=12&hapos=12&sr_order=popularity&srpvid=b32a980ebd4302e5&srepoch=1729373853&from_sustainable_property_sr=1&from=searchresults,8.4,"Renovated in 2019, Hotel Majestic is located in Nîmes, just 320 metres from the Arenas of Nîmes and the town centre. ",Nimes,43.83436329,4.36533675
198,Royal Hôtel,https://www.booking.com/hotel/fr/royal.en-gb.html?aid=304142&label=gen173nr-1FCAQoggJCDHNlYXJjaF9uaW1lc0gzWARoTYgBAZgBCbgBCsgBBdgBAegBAfgBA4gCAagCA7gCnM3QuAbAAgHSAiRkOTcwZjdhYy00NTA2LTRhZmQtYjBjYy1hNjVhYzdhMWQwMDDYAgXgAgE&ucfs=1&arphpl=1&group_adults=2&req_adults=2&no_rooms=1&group_children=0&req_children=0&hpos=11&hapos=11&sr_order=popularity&srpvid=b32a980ebd4302e5&srepoch=1729373853&from_sustainable_property_sr=1&from=searchresults,8.3,"Set in the heart of Nîmes, Royal Hôtel features an on-site restaurant, La Bodéguita, which opens onto Assas Square. ",Nimes,43.8388151,4.35481846
199,Mezza'Nîmes,https://www.booking.com/hotel/fr/mezza-nimes.en-gb.html?aid=304142&label=gen173nr-1FCAQoggJCDHNlYXJjaF9uaW1lc0gzWARoTYgBAZgBCbgBCsgBBdgBAegBAfgBA4gCAagCA7gCnM3QuAbAAgHSAiRkOTcwZjdhYy00NTA2LTRhZmQtYjBjYy1hNjVhYzdhMWQwMDDYAgXgAgE&ucfs=1&arphpl=1&group_adults=2&req_adults=2&no_rooms=1&group_children=0&req_children=0&hpos=10&hapos=10&sr_order=popularity&srpvid=b32a980ebd4302e5&srepoch=1729373853&from=searchresults,9.2,"Located in Nîmes, 43 km from Avignon Central Station and 45 km from Papal Palace, Mezza'Nîmes offers air conditioning. ",Nimes,43.8389888,4.3684168
200,Lovely Suite Nimes Romaine,https://www.booking.com/hotel/fr/lovely-suite-nimes-romaine.en-gb.html?aid=304142&label=gen173nr-1FCAQoggJCDHNlYXJjaF9uaW1lc0gzWARoTYgBAZgBCbgBCsgBBdgBAegBAfgBA4gCAagCA7gCnM3QuAbAAgHSAiRkOTcwZjdhYy00NTA2LTRhZmQtYjBjYy1hNjVhYzdhMWQwMDDYAgXgAgE&ucfs=1&arphpl=1&group_adults=2&req_adults=2&no_rooms=1&group_children=0&req_children=0&hpos=9&hapos=9&sr_order=popularity&srpvid=b32a980ebd4302e5&srepoch=1729373853&from=searchresults,8.9,"Lovely Suite Nimes Romaine is located in the Nimes City Centre district of Nîmes, 45 km from Avignon Central Station, 47 km from Papal Palace and 47 km from Zenith Sud Montpellier. ",Nimes,43.8367908,4.3539616
201,Duplex Denim,https://www.booking.com/hotel/fr/duplex-denim.en-gb.html?aid=304142&label=gen173nr-1FCAQoggJCDHNlYXJjaF9uaW1lc0gzWARoTYgBAZgBCbgBCsgBBdgBAegBAfgBA4gCAagCA7gCnM3QuAbAAgHSAiRkOTcwZjdhYy00NTA2LTRhZmQtYjBjYy1hNjVhYzdhMWQwMDDYAgXgAgE&ucfs=1&arphpl=1&group_adults=2&req_adults=2&no_rooms=1&group_children=0&req_children=0&hpos=8&hapos=8&sr_order=popularity&srpvid=b32a980ebd4302e5&srepoch=1729373853&from=searchresults,9.2,"Located in Nîmes, 15 km from Parc Expo Nîmes and 33 km from Arles Amphitheatre, Duplex Denim offers air conditioning. ",Nimes,43.8307192,4.3548016
202,Le bonheur de la campagne à la ville - Grand studio en plein coeur de la ville,https://www.booking.com/hotel/fr/le-plaisir-de-la-campagne-a-la-ville-nimes.en-gb.html?aid=304142&label=gen173nr-1FCAQoggJCDHNlYXJjaF9uaW1lc0gzWARoTYgBAZgBCbgBCsgBBdgBAegBAfgBA4gCAagCA7gCnM3QuAbAAgHSAiRkOTcwZjdhYy00NTA2LTRhZmQtYjBjYy1hNjVhYzdhMWQwMDDYAgXgAgE&ucfs=1&arphpl=1&group_adults=2&req_adults=2&no_rooms=1&group_children=0&req_children=0&hpos=7&hapos=7&sr_order=popularity&srpvid=b32a980ebd4302e5&srepoch=1729373853&from=searchresults,9.6,Le Plaisir de la Campagne à la Ville offers accommodation in Nîmes. The apartment is 2.4 km from Parc Expo Nîmes. Free WiFi is offered throughout the property. ,Nimes,43.83746656,4.3517647
203,Odalys City Nîmes Arènes,https://www.booking.com/hotel/fr/odalys-city-nimes-arenes.en-gb.html?aid=304142&label=gen173nr-1FCAQoggJCDHNlYXJjaF9uaW1lc0gzWARoTYgBAZgBCbgBCsgBBdgBAegBAfgBA4gCAagCA7gCnM3QuAbAAgHSAiRkOTcwZjdhYy00NTA2LTRhZmQtYjBjYy1hNjVhYzdhMWQwMDDYAgXgAgE&ucfs=1&arphpl=1&group_adults=2&req_adults=2&no_rooms=1&group_children=0&req_children=0&hpos=6&hapos=6&sr_order=popularity&srpvid=b32a980ebd4302e5&srepoch=1729373853&from_sustainable_property_sr=1&from=searchresults,8.6,"33 km from Arles Amphitheatre in Nîmes, Odalys City Nîmes Arènes offers accommodation with access to a hammam and fitness room. ",Nimes,43.83406187,4.35899065
204,B&B HOTEL Nîmes Centre Arènes,https://www.booking.com/hotel/fr/b-amp-b-nimes-centre-ville.en-gb.html?aid=304142&label=gen173nr-1FCAQoggJCDHNlYXJjaF9uaW1lc0gzWARoTYgBAZgBCbgBCsgBBdgBAegBAfgBA4gCAagCA7gCnM3QuAbAAgHSAiRkOTcwZjdhYy00NTA2LTRhZmQtYjBjYy1hNjVhYzdhMWQwMDDYAgXgAgE&ucfs=1&arphpl=1&group_adults=2&req_adults=2&no_rooms=1&group_children=0&req_children=0&hpos=5&hapos=5&sr_order=popularity&srpvid=b32a980ebd4302e5&srepoch=1729373853&from_sustainable_property_sr=1&from=searchresults,7.7,,Nimes,43.8281614,4.3547902
205,Agréable appartement P2 Centre ville au calme.,https://www.booking.com/hotel/fr/agreable-appartement-p2-centre-ville-au-calme.en-gb.html?aid=304142&label=gen173nr-1FCAQoggJCDHNlYXJjaF9uaW1lc0gzWARoTYgBAZgBCbgBCsgBBdgBAegBAfgBA4gCAagCA7gCnM3QuAbAAgHSAiRkOTcwZjdhYy00NTA2LTRhZmQtYjBjYy1hNjVhYzdhMWQwMDDYAgXgAgE&ucfs=1&arphpl=1&group_adults=2&req_adults=2&no_rooms=1&group_children=0&req_children=0&hpos=4&hapos=4&sr_order=popularity&srpvid=b32a980ebd4302e5&srepoch=1729373853&from=searchresults,8.6,"Offering a garden and garden view, Agréable appartement P2 Centre ville au calme. Is located in Nîmes, 35 km from Arles Amphitheatre and 43 km from Avignon Central Station. ",Nimes,43.8379994,4.3709063
206,Le LUTZ,https://www.booking.com/hotel/fr/le-lutz.en-gb.html?aid=304142&label=gen173nr-1FCAQoggJCDHNlYXJjaF9uaW1lc0gzWARoTYgBAZgBCbgBCsgBBdgBAegBAfgBA4gCAagCA7gCnM3QuAbAAgHSAiRkOTcwZjdhYy00NTA2LTRhZmQtYjBjYy1hNjVhYzdhMWQwMDDYAgXgAgE&ucfs=1&arphpl=1&group_adults=2&req_adults=2&no_rooms=1&group_children=0&req_children=0&hpos=3&hapos=3&sr_order=popularity&srpvid=b32a980ebd4302e5&srepoch=1729373853&from=searchresults,9.6,"Boasting city views, Le LUTZ provides accommodation with a terrace and a balcony, around 15 km from Parc Expo Nîmes. ",Nimes,43.831888,4.3522837
207,Appart'City Collection Nîmes Arènes,https://www.booking.com/hotel/fr/appart-39-city-nimes.en-gb.html?aid=304142&label=gen173nr-1FCAQoggJCDHNlYXJjaF9uaW1lc0gzWARoTYgBAZgBCbgBCsgBBdgBAegBAfgBA4gCAagCA7gCnM3QuAbAAgHSAiRkOTcwZjdhYy00NTA2LTRhZmQtYjBjYy1hNjVhYzdhMWQwMDDYAgXgAgE&ucfs=1&arphpl=1&group_adults=2&req_adults=2&no_rooms=1&group_children=0&req_children=0&hpos=2&hapos=2&sr_order=popularity&srpvid=b32a980ebd4302e5&srepoch=1729373853&from_sustainable_property_sr=1&from=searchresults,8.7,,Nimes,43.83387353,4.36143396
208,SQUARE HOTEL,https://www.booking.com/hotel/fr/square-nimes.en-gb.html?aid=304142&label=gen173nr-1FCAQoggJCDHNlYXJjaF9uaW1lc0gzWARoTYgBAZgBCbgBCsgBBdgBAegBAfgBA4gCAagCA7gCnM3QuAbAAgHSAiRkOTcwZjdhYy00NTA2LTRhZmQtYjBjYy1hNjVhYzdhMWQwMDDYAgXgAgE&ucfs=1&arphpl=1&group_adults=2&req_adults=2&no_rooms=1&group_children=0&req_children=0&hpos=1&hapos=1&sr_order=popularity&srpvid=b32a980ebd4302e5&srepoch=1729373853&from_sustainable_property_sr=1&from=searchresults,8.7,"Situated in Nîmes and with Parc Expo Nîmes reachable within 13 km, SQUARE HOTEL features a shared lounge, non-smoking rooms, free WiFi throughout the property and a terrace. ",Nimes,43.837032,4.363037
209,Maison Arthur,https://www.booking.com/hotel/fr/maison-arthur.en-gb.html?aid=304142&label=gen173nr-1FCAQoggJCFHNlYXJjaF9haWd1ZXMgbW9ydGVzSDNYBGhNiAEBmAEJuAEKyAEF2AEB6AEB-AEDiAIBqAIDuAKczdC4BsACAdICJDUwZDM5Mzg0LTFiOTQtNDMxYi04NTM3LTA3NGMxODQ2MTdhZtgCBeACAQ&ucfs=1&arphpl=1&group_adults=2&req_adults=2&no_rooms=1&group_children=0&req_children=0&hpos=13&hapos=13&sr_order=popularity&srpvid=0998980e86ea0151&srepoch=1729373853&from=searchresults,9.0,"Situated in Aigues-Mortes and only 24 km from Montpellier Arena, Maison Arthur features accommodation with quiet street views, free WiFi and free private parking. ",Aigues Mortes,43.5659428,4.1924
210,Au Cœur des Remparts,https://www.booking.com/hotel/fr/au-coeur-des-remparts-aigues-mortes.en-gb.html?aid=304142&label=gen173nr-1FCAQoggJCFHNlYXJjaF9haWd1ZXMgbW9ydGVzSDNYBGhNiAEBmAEJuAEKyAEF2AEB6AEB-AEDiAIBqAIDuAKczdC4BsACAdICJDUwZDM5Mzg0LTFiOTQtNDMxYi04NTM3LTA3NGMxODQ2MTdhZtgCBeACAQ&ucfs=1&arphpl=1&group_adults=2&req_adults=2&no_rooms=1&group_children=0&req_children=0&hpos=12&hapos=12&sr_order=popularity&srpvid=0998980e86ea0151&srepoch=1729373853&from=searchresults,9.9,"Located in Aigues-Mortes, 24 km from Parc des Expositions de Montpellier and 28 km from Zenith Sud Montpellier, Au Cœur des Remparts offers air conditioning. ",Aigues Mortes,43.565401,4.192973
211,Chez Céline et Sébastien,https://www.booking.com/hotel/fr/chez-celine-et-sebastien-aigues-mortes.en-gb.html?aid=304142&label=gen173nr-1FCAQoggJCFHNlYXJjaF9haWd1ZXMgbW9ydGVzSDNYBGhNiAEBmAEJuAEKyAEF2AEB6AEB-AEDiAIBqAIDuAKczdC4BsACAdICJDUwZDM5Mzg0LTFiOTQtNDMxYi04NTM3LTA3NGMxODQ2MTdhZtgCBeACAQ&ucfs=1&arphpl=1&group_adults=2&req_adults=2&no_rooms=1&group_children=0&req_children=0&hpos=11&hapos=11&sr_order=popularity&srpvid=0998980e86ea0151&srepoch=1729373853&from=searchresults,9.5,"Set in Aigues-Mortes, 24 km from Montpellier Arena and 24 km from Parc des Expositions de Montpellier, Chez Céline et Sébastien offers air-conditioned accommodation with a terrace and free WiFi. ",Aigues Mortes,43.5701921,4.1950814
212,le dit vin secret,https://www.booking.com/hotel/fr/le-dit-vin-secret.en-gb.html?aid=304142&label=gen173nr-1FCAQoggJCFHNlYXJjaF9haWd1ZXMgbW9ydGVzSDNYBGhNiAEBmAEJuAEKyAEF2AEB6AEB-AEDiAIBqAIDuAKczdC4BsACAdICJDUwZDM5Mzg0LTFiOTQtNDMxYi04NTM3LTA3NGMxODQ2MTdhZtgCBeACAQ&ucfs=1&arphpl=1&group_adults=2&req_adults=2&no_rooms=1&group_children=0&req_children=0&hpos=10&hapos=10&sr_order=popularity&srpvid=0998980e86ea0151&srepoch=1729373853&from=searchresults,8.5,"Located within 24 km of Montpellier Arena and 24 km of Parc des Expositions de Montpellier, le dit vin secret provides rooms with air conditioning and a private bathroom in Aigues-Mortes. ",Aigues Mortes,43.566769,4.189113
213,La Villa Mazarin,https://www.booking.com/hotel/fr/la-villa-mazarin.en-gb.html?aid=304142&label=gen173nr-1FCAQoggJCFHNlYXJjaF9haWd1ZXMgbW9ydGVzSDNYBGhNiAEBmAEJuAEKyAEF2AEB6AEB-AEDiAIBqAIDuAKczdC4BsACAdICJDUwZDM5Mzg0LTFiOTQtNDMxYi04NTM3LTA3NGMxODQ2MTdhZtgCBeACAQ&ucfs=1&arphpl=1&group_adults=2&req_adults=2&no_rooms=1&group_children=0&req_children=0&hpos=9&hapos=9&sr_order=popularity&srpvid=0998980e86ea0151&srepoch=1729373853&from=searchresults,9.2,"Set in a building dating from the 15th century, La Villa Mazarin is located in the fortified city of Aigues-Mortes. It offers a terrace and guests can enjoy a drink at the bar. ",Aigues Mortes,43.56498662,4.19175196
214,Hôtel Saint Louis,https://www.booking.com/hotel/fr/saint-louis-aigues-mortes.en-gb.html?aid=304142&label=gen173nr-1FCAQoggJCFHNlYXJjaF9haWd1ZXMgbW9ydGVzSDNYBGhNiAEBmAEJuAEKyAEF2AEB6AEB-AEDiAIBqAIDuAKczdC4BsACAdICJDUwZDM5Mzg0LTFiOTQtNDMxYi04NTM3LTA3NGMxODQ2MTdhZtgCBeACAQ&ucfs=1&arphpl=1&group_adults=2&req_adults=2&no_rooms=1&group_children=0&req_children=0&hpos=8&hapos=8&sr_order=popularity&srpvid=0998980e86ea0151&srepoch=1729373853&from_sustainable_property_sr=1&from=searchresults,8.4,"Set in the historical heart of Aigues-Mortes, 200 yards from the Tour de Constance, Hôtel Saint Louis is an air-conditioned hotel with a wellness center and restaurant. ",Aigues Mortes,43.56721967,4.1893436
215,La Maison de Lyna,https://www.booking.com/hotel/fr/la-maison-de-lyna.en-gb.html?aid=304142&label=gen173nr-1FCAQoggJCFHNlYXJjaF9haWd1ZXMgbW9ydGVzSDNYBGhNiAEBmAEJuAEKyAEF2AEB6AEB-AEDiAIBqAIDuAKczdC4BsACAdICJDUwZDM5Mzg0LTFiOTQtNDMxYi04NTM3LTA3NGMxODQ2MTdhZtgCBeACAQ&ucfs=1&arphpl=1&group_adults=2&req_adults=2&no_rooms=1&group_children=0&req_children=0&hpos=7&hapos=7&sr_order=popularity&srpvid=0998980e86ea0151&srepoch=1729373853&from=searchresults,9.1,"Situated in Aigues-Mortes, 24 km from Montpellier Arena and 24 km from Parc des Expositions de Montpellier, La Maison de Lyna features accommodation with free WiFi in a historic building. ",Aigues Mortes,43.5660175,4.1923532
216,Lou Mirèio,https://www.booking.com/hotel/fr/42-rue-pasteur.en-gb.html?aid=304142&label=gen173nr-1FCAQoggJCFHNlYXJjaF9haWd1ZXMgbW9ydGVzSDNYBGhNiAEBmAEJuAEKyAEF2AEB6AEB-AEDiAIBqAIDuAKczdC4BsACAdICJDUwZDM5Mzg0LTFiOTQtNDMxYi04NTM3LTA3NGMxODQ2MTdhZtgCBeACAQ&ucfs=1&arphpl=1&group_adults=2&req_adults=2&no_rooms=1&group_children=0&req_children=0&hpos=6&hapos=6&sr_order=popularity&srpvid=0998980e86ea0151&srepoch=1729373853&from=searchresults,9.4,"Set in Aigues-Mortes, 24 km from Montpellier Arena and 24 km from Parc des Expositions de Montpellier, Lou Mirèio offers air conditioning. ",Aigues Mortes,43.56607498,4.19257857
217,Hotel Canal Aigues Mortes,https://www.booking.com/hotel/fr/canal-aigues-mortes.en-gb.html?aid=304142&label=gen173nr-1FCAQoggJCFHNlYXJjaF9haWd1ZXMgbW9ydGVzSDNYBGhNiAEBmAEJuAEKyAEF2AEB6AEB-AEDiAIBqAIDuAKczdC4BsACAdICJDUwZDM5Mzg0LTFiOTQtNDMxYi04NTM3LTA3NGMxODQ2MTdhZtgCBeACAQ&ucfs=1&arphpl=1&group_adults=2&req_adults=2&no_rooms=1&group_children=0&req_children=0&hpos=5&hapos=5&sr_order=popularity&srpvid=0998980e86ea0151&srepoch=1729373853&from_sustainable_property_sr=1&from=searchresults,8.6,"Hotel Canal Aigues Mortes is a 5-minute walk to the fortified city, on the banks of the canal, visible from its panoramic terrace and swimming pool. It offers air-conditioned rooms with free WiFi. ",Aigues Mortes,43.57298752,4.1948247
218,Appartements 3 étoiles terrasse ou patio intra-muros,https://www.booking.com/hotel/fr/appartement-3-etoiles-terrasse-intra-muros.en-gb.html?aid=304142&label=gen173nr-1FCAQoggJCFHNlYXJjaF9haWd1ZXMgbW9ydGVzSDNYBGhNiAEBmAEJuAEKyAEF2AEB6AEB-AEDiAIBqAIDuAKczdC4BsACAdICJDUwZDM5Mzg0LTFiOTQtNDMxYi04NTM3LTA3NGMxODQ2MTdhZtgCBeACAQ&ucfs=1&arphpl=1&group_adults=2&req_adults=2&no_rooms=1&group_children=0&req_children=0&hpos=4&hapos=4&sr_order=popularity&srpvid=0998980e86ea0151&srepoch=1729373853&from=searchresults,9.5,Appartements 3 étoiles terrasse ou patio intra-muros in Aigues-Mortes provides adults-only accommodation with a casino and barbecue facilities. ,Aigues Mortes,43.5653584,4.1927502
219,Maison des Croisades,https://www.booking.com/hotel/fr/des-croisades.en-gb.html?aid=304142&label=gen173nr-1FCAQoggJCFHNlYXJjaF9haWd1ZXMgbW9ydGVzSDNYBGhNiAEBmAEJuAEKyAEF2AEB6AEB-AEDiAIBqAIDuAKczdC4BsACAdICJDUwZDM5Mzg0LTFiOTQtNDMxYi04NTM3LTA3NGMxODQ2MTdhZtgCBeACAQ&ucfs=1&arphpl=1&group_adults=2&req_adults=2&no_rooms=1&group_children=0&req_children=0&hpos=3&hapos=3&sr_order=popularity&srpvid=0998980e86ea0151&srepoch=1729373853&from_sustainable_property_sr=1&from=searchresults,8.8,Maison des Croisades in Aigues-Mortes offers bike rental and a garden. The hotel features free WiFi and a terrace. Guests can enjoy Canal & Garden Views. Le Grau-du-Roi beach is a 10-minute drive...,Aigues Mortes,43.5689974,4.1882982
220,Chambre d'hôte Farniente,https://www.booking.com/hotel/fr/chambre-d-39-hote-farniente.en-gb.html?aid=304142&label=gen173nr-1FCAQoggJCFHNlYXJjaF9haWd1ZXMgbW9ydGVzSDNYBGhNiAEBmAEJuAEKyAEF2AEB6AEB-AEDiAIBqAIDuAKczdC4BsACAdICJDUwZDM5Mzg0LTFiOTQtNDMxYi04NTM3LTA3NGMxODQ2MTdhZtgCBeACAQ&ucfs=1&arphpl=1&group_adults=2&req_adults=2&no_rooms=1&group_children=0&req_children=0&hpos=2&hapos=2&sr_order=popularity&srpvid=0998980e86ea0151&srepoch=1729373853&from=searchresults,9.2,"Situated 24 km from Montpellier Arena, Chambre d'hôte Farniente offers accommodation with a patio and free WiFi. ",Aigues Mortes,43.56761513,4.19335402
221,11 le tadorne,https://www.booking.com/hotel/fr/11-le-tadorne.en-gb.html?aid=304142&label=gen173nr-1FCAQoggJCFHNlYXJjaF9haWd1ZXMgbW9ydGVzSDNYBGhNiAEBmAEJuAEKyAEF2AEB6AEB-AEDiAIBqAIDuAKczdC4BsACAdICJDUwZDM5Mzg0LTFiOTQtNDMxYi04NTM3LTA3NGMxODQ2MTdhZtgCBeACAQ&ucfs=1&arphpl=1&group_adults=2&req_adults=2&no_rooms=1&group_children=0&req_children=0&hpos=1&hapos=1&sr_order=popularity&srpvid=0998980e86ea0151&srepoch=1729373853&from=searchresults,9.2,"Set in Aigues-Mortes, 25 km from Montpellier Arena and 25 km from Parc des Expositions de Montpellier, 11 le tadorne offers a terrace and air conditioning. ",Aigues Mortes,43.5716095,4.1895776
222,Montempô Marseille Centre Dôme,https://www.booking.com/hotel/fr/montempo-marseille-centre.en-gb.html?aid=304142&label=gen173nr-1FCAQoggJCEHNlYXJjaF9tYXJzZWlsbGVIM1gEaE2IAQGYAQm4AQrIAQXYAQHoAQH4AQOIAgGoAgO4ApvN0LgGwAIB0gIkYjUwM2RmYzctODRhMS00ZTFhLTg5ZDAtYTY2MjhlNWI5ZDRj2AIF4AIB&ucfs=1&arphpl=1&group_adults=2&req_adults=2&no_rooms=1&group_children=0&req_children=0&hpos=12&hapos=12&sr_order=popularity&srpvid=adca980dc6f600ee&srepoch=1729373852&from=searchresults,7.3,"Set within 2.9 km of La Timone Metro Station and 4.2 km of Vieux Port Metro station in Marseille, Montempô Marseille Centre Dôme offers accommodation with a kitchen. ",Marseille,43.31371049,5.40388192
223,Hôtel Life Marseille VP - Vieux Port,https://www.booking.com/hotel/fr/alize.en-gb.html?aid=304142&label=gen173nr-1FCAQoggJCEHNlYXJjaF9tYXJzZWlsbGVIM1gEaE2IAQGYAQm4AQrIAQXYAQHoAQH4AQOIAgGoAgO4ApvN0LgGwAIB0gIkYjUwM2RmYzctODRhMS00ZTFhLTg5ZDAtYTY2MjhlNWI5ZDRj2AIF4AIB&ucfs=1&arphpl=1&group_adults=2&req_adults=2&no_rooms=1&group_children=0&req_children=0&hpos=11&hapos=11&sr_order=popularity&srpvid=adca980dc6f600ee&srepoch=1729373852&from_sustainable_property_sr=1&from=searchresults,8.4,,Marseille,43.29443608,5.37478209
224,ibis Styles Marseille Gare Saint-Charles,https://www.booking.com/hotel/fr/hotel-marseille-st-charles.en-gb.html?aid=304142&label=gen173nr-1FCAQoggJCEHNlYXJjaF9tYXJzZWlsbGVIM1gEaE2IAQGYAQm4AQrIAQXYAQHoAQH4AQOIAgGoAgO4ApvN0LgGwAIB0gIkYjUwM2RmYzctODRhMS00ZTFhLTg5ZDAtYTY2MjhlNWI5ZDRj2AIF4AIB&ucfs=1&arphpl=1&group_adults=2&req_adults=2&no_rooms=1&group_children=0&req_children=0&hpos=10&hapos=10&sr_order=popularity&srpvid=adca980dc6f600ee&srepoch=1729373852&from_sustainable_property_sr=1&from=searchresults,7.8,,Marseille,43.30102178,5.38060784
225,Studio Saint Ferreol hyper centre 3-1,https://www.booking.com/hotel/fr/studio-saint-ferreol-hyper-centre.en-gb.html?aid=304142&label=gen173nr-1FCAQoggJCEHNlYXJjaF9tYXJzZWlsbGVIM1gEaE2IAQGYAQm4AQrIAQXYAQHoAQH4AQOIAgGoAgO4ApvN0LgGwAIB0gIkYjUwM2RmYzctODRhMS00ZTFhLTg5ZDAtYTY2MjhlNWI5ZDRj2AIF4AIB&ucfs=1&arphpl=1&group_adults=2&req_adults=2&no_rooms=1&group_children=0&req_children=0&hpos=9&hapos=9&sr_order=popularity&srpvid=adca980dc6f600ee&srepoch=1729373852&from=searchresults,8.1,"Located in Marseille, near Vieux Port Metro station, Castellane Metro Station and Saint-Ferreol Street, Studio Saint Ferreol hyper centre 3-1 features free WiFi. ",Marseille,43.2955354,5.377045
226,"Holiday Inn Express Marseille Saint Charles, an IHG Hotel",https://www.booking.com/hotel/fr/holiday-inn-express-marseille-saint-charles.en-gb.html?aid=304142&label=gen173nr-1FCAQoggJCEHNlYXJjaF9tYXJzZWlsbGVIM1gEaE2IAQGYAQm4AQrIAQXYAQHoAQH4AQOIAgGoAgO4ApvN0LgGwAIB0gIkYjUwM2RmYzctODRhMS00ZTFhLTg5ZDAtYTY2MjhlNWI5ZDRj2AIF4AIB&ucfs=1&arphpl=1&group_adults=2&req_adults=2&no_rooms=1&group_children=0&req_children=0&hpos=8&hapos=8&sr_order=popularity&srpvid=adca980dc6f600ee&srepoch=1729373852&from_sustainable_property_sr=1&from=searchresults,7.9,,Marseille,43.30272424,5.37933044
227,La Pitcholine : Superbe studio au Vieux-Port,https://www.booking.com/hotel/fr/la-pitcholine-superbe-studio-au-vieux-port.en-gb.html?aid=304142&label=gen173nr-1FCAQoggJCEHNlYXJjaF9tYXJzZWlsbGVIM1gEaE2IAQGYAQm4AQrIAQXYAQHoAQH4AQOIAgGoAgO4ApvN0LgGwAIB0gIkYjUwM2RmYzctODRhMS00ZTFhLTg5ZDAtYTY2MjhlNWI5ZDRj2AIF4AIB&ucfs=1&arphpl=1&group_adults=2&req_adults=2&no_rooms=1&group_children=0&req_children=0&hpos=7&hapos=7&sr_order=popularity&srpvid=adca980dc6f600ee&srepoch=1729373852&from_sustainable_property_sr=1&from=searchresults,9.5,"In the centre of Marseille, located within a short distance of Plage des Catalans and Saint-Ferreol Street, La Pitcholine: Superbe studio au Vieux-Port offers free WiFi, air conditioning and household...",Marseille,43.2921892,5.3700136
228,Hôtel Hermès,https://www.booking.com/hotel/fr/hermes.en-gb.html?aid=304142&label=gen173nr-1FCAQoggJCEHNlYXJjaF9tYXJzZWlsbGVIM1gEaE2IAQGYAQm4AQrIAQXYAQHoAQH4AQOIAgGoAgO4ApvN0LgGwAIB0gIkYjUwM2RmYzctODRhMS00ZTFhLTg5ZDAtYTY2MjhlNWI5ZDRj2AIF4AIB&ucfs=1&arphpl=1&group_adults=2&req_adults=2&no_rooms=1&group_children=0&req_children=0&hpos=6&hapos=6&sr_order=popularity&srpvid=adca980dc6f600ee&srepoch=1729373852&from=searchresults,8.2,"Hôtel Hermès is just 35 metres from the Vieux Port in central Marseilles. It offers a roof-top terrace with panoramic views of the harbour and the city, and free Wi-Fi. ",Marseille,43.29655283,5.37188329
229,PARADISE Earth & Sea,https://www.booking.com/hotel/fr/paradise-eart-amp-sea.en-gb.html?aid=304142&label=gen173nr-1FCAQoggJCEHNlYXJjaF9tYXJzZWlsbGVIM1gEaE2IAQGYAQm4AQrIAQXYAQHoAQH4AQOIAgGoAgO4ApvN0LgGwAIB0gIkYjUwM2RmYzctODRhMS00ZTFhLTg5ZDAtYTY2MjhlNWI5ZDRj2AIF4AIB&ucfs=1&arphpl=1&group_adults=2&req_adults=2&no_rooms=1&group_children=0&req_children=0&hpos=5&hapos=5&sr_order=popularity&srpvid=adca980dc6f600ee&srepoch=1729373852&from_sustainable_property_sr=1&from=searchresults,8.6,"Providing city views, PARADISE Earth & Sea is located in the Vieux Port - La Canebière district of Marseille, 2.9 km from Fausse Monnaie and 400 metres from Vieux Port Metro station. ",Marseille,43.2933693,5.376677
230,LES TOITS DU VIEUX-PORT,https://www.booking.com/hotel/fr/les-toits-du-vieux-port.en-gb.html?aid=304142&label=gen173nr-1FCAQoggJCEHNlYXJjaF9tYXJzZWlsbGVIM1gEaE2IAQGYAQm4AQrIAQXYAQHoAQH4AQOIAgGoAgO4ApvN0LgGwAIB0gIkYjUwM2RmYzctODRhMS00ZTFhLTg5ZDAtYTY2MjhlNWI5ZDRj2AIF4AIB&ucfs=1&arphpl=1&group_adults=2&req_adults=2&no_rooms=1&group_children=0&req_children=0&hpos=4&hapos=4&sr_order=popularity&srpvid=adca980dc6f600ee&srepoch=1729373852&from=searchresults,8.4,"LES TOITS DU VIEUX-PORT offers accommodation within 600 metres of the centre of Marseille, with free WiFi, and a kitchenette with a microwave, a toaster and a fridge. ",Marseille,43.296695,5.372832
231,Toyoko INN Marseille Saint Charles,https://www.booking.com/hotel/fr/toyoko-inn-marseille-saint-charles.en-gb.html?aid=304142&label=gen173nr-1FCAQoggJCEHNlYXJjaF9tYXJzZWlsbGVIM1gEaE2IAQGYAQm4AQrIAQXYAQHoAQH4AQOIAgGoAgO4ApvN0LgGwAIB0gIkYjUwM2RmYzctODRhMS00ZTFhLTg5ZDAtYTY2MjhlNWI5ZDRj2AIF4AIB&ucfs=1&arphpl=1&group_adults=2&req_adults=2&no_rooms=1&group_children=0&req_children=0&hpos=3&hapos=3&sr_order=popularity&srpvid=adca980dc6f600ee&srepoch=1729373852&from_sustainable_property_sr=1&from=searchresults,7.7,"Set in Marseille, just a 5-minute walk from Marseille Saint Charles Train Station, Toyoko INN Marseille Saint Charles features a garden and free WiFi. The hotel is easily accessible from A7 highway. ",Marseille,43.304229,5.376624
232,"Studio Bleu 29M2, 120m Vieux-Port , Clim ,Wifi, Accès avec code",https://www.booking.com/hotel/fr/studio-bleu-120m-vieux-port-clim-confort-calme-wifi.en-gb.html?aid=304142&label=gen173nr-1FCAQoggJCEHNlYXJjaF9tYXJzZWlsbGVIM1gEaE2IAQGYAQm4AQrIAQXYAQHoAQH4AQOIAgGoAgO4ApvN0LgGwAIB0gIkYjUwM2RmYzctODRhMS00ZTFhLTg5ZDAtYTY2MjhlNWI5ZDRj2AIF4AIB&ucfs=1&arphpl=1&group_adults=2&req_adults=2&no_rooms=1&group_children=0&req_children=0&hpos=2&hapos=2&sr_order=popularity&srpvid=adca980dc6f600ee&srepoch=1729373852&from=searchresults,9.2,"In a central area of Marseille, located within a short distance of Plage des Catalans and Saint-Ferreol Street, Studio Bleu 29M2, 120m Vieux-Port, Clim, Wifi, Accès avec code offers free WiFi, air...",Marseille,43.29345009,5.37461463
233,Marseille City Chambres&Appartements,https://www.booking.com/hotel/fr/marseillecity-chambre-d-ha-tes-dans-un-loft.en-gb.html?aid=304142&label=gen173nr-1FCAQoggJCEHNlYXJjaF9tYXJzZWlsbGVIM1gEaE2IAQGYAQm4AQrIAQXYAQHoAQH4AQOIAgGoAgO4ApvN0LgGwAIB0gIkYjUwM2RmYzctODRhMS00ZTFhLTg5ZDAtYTY2MjhlNWI5ZDRj2AIF4AIB&ucfs=1&arphpl=1&group_adults=2&req_adults=2&no_rooms=1&group_children=0&req_children=0&hpos=1&hapos=1&sr_order=popularity&srpvid=adca980dc6f600ee&srepoch=1729373852&from_sustainable_property_sr=1&from=searchresults,9.3,"Marseille City Chambres&Appartements offers rooms and apartments located a 10-minute walk from Marseille’s Old Port and from Saint-Charles, the main train station. It features free Wi-Fi access. ",Marseille,43.30195653,5.37229434
234,My Pad Provence 6,https://www.booking.com/hotel/fr/my-pad-provence-6.en-gb.html?aid=304142&label=gen173nr-1FCAQoggJCDnNlYXJjaF9hdmlnbm9uSDNYBGhNiAEBmAEJuAEKyAEF2AEB6AEB-AEDiAIBqAIDuAKbzdC4BsACAdICJGZkOTFkOTA4LThmNGUtNDQxOC04OTNlLTUyMTI0OGVlMDA4Y9gCBeACAQ&ucfs=1&arphpl=1&group_adults=2&req_adults=2&no_rooms=1&group_children=0&req_children=0&hpos=25&hapos=25&sr_order=popularity&srpvid=127e980d287402a5&srepoch=1729373852&from=searchresults,9.3,"In the Avignon City Centre district of Avignon, close to Avignon Central Station, My Pad Provence 6 has a terrace, free WiFi and a washing machine. ",Avignon,43.9515236,4.8170918
235,Joli Studio Avec Jardinet,https://www.booking.com/hotel/fr/joli-studio-avec-jardinet.en-gb.html?aid=304142&label=gen173nr-1FCAQoggJCDnNlYXJjaF9hdmlnbm9uSDNYBGhNiAEBmAEJuAEKyAEF2AEB6AEB-AEDiAIBqAIDuAKbzdC4BsACAdICJGZkOTFkOTA4LThmNGUtNDQxOC04OTNlLTUyMTI0OGVlMDA4Y9gCBeACAQ&ucfs=1&arphpl=1&group_adults=2&req_adults=2&no_rooms=1&group_children=0&req_children=0&hpos=24&hapos=24&sr_order=popularity&srpvid=127e980d287402a5&srepoch=1729373852&from_sustainable_property_sr=1&from=searchresults,8.5,"Joli Studio Avec Jardinet, a property with a garden, is located in Avignon, 1.4 km from Papal Palace, 5.1 km from Avignon TGV Train Station, as well as 9.4 km from Parc des Expositions Avignon. ",Avignon,43.94182031,4.81495336
236,Les petits poissons,https://www.booking.com/hotel/fr/les-petits-poissons.en-gb.html?aid=304142&label=gen173nr-1FCAQoggJCDnNlYXJjaF9hdmlnbm9uSDNYBGhNiAEBmAEJuAEKyAEF2AEB6AEB-AEDiAIBqAIDuAKbzdC4BsACAdICJGZkOTFkOTA4LThmNGUtNDQxOC04OTNlLTUyMTI0OGVlMDA4Y9gCBeACAQ&ucfs=1&arphpl=1&group_adults=2&req_adults=2&no_rooms=1&group_children=0&req_children=0&hpos=23&hapos=23&sr_order=popularity&srpvid=127e980d287402a5&srepoch=1729373852&from_sustainable_property_sr=1&from=searchresults,9.3,"Offering a garden and garden view, Les petits poissons is situated in Avignon, 2.1 km from Avignon Central Station and 3.4 km from Papal Palace. ",Avignon,43.9361955,4.82600075
237,Le Petit Avignon - chambres & appartement à deux pas du Pont d'Avignon et du Palais des Papes,https://www.booking.com/hotel/fr/le-petit-avignon.en-gb.html?aid=304142&label=gen173nr-1FCAQoggJCDnNlYXJjaF9hdmlnbm9uSDNYBGhNiAEBmAEJuAEKyAEF2AEB6AEB-AEDiAIBqAIDuAKbzdC4BsACAdICJGZkOTFkOTA4LThmNGUtNDQxOC04OTNlLTUyMTI0OGVlMDA4Y9gCBeACAQ&ucfs=1&arphpl=1&group_adults=2&req_adults=2&no_rooms=1&group_children=0&req_children=0&hpos=22&hapos=22&sr_order=popularity&srpvid=127e980d287402a5&srepoch=1729373852&from=searchresults,9.3,"Set in the centre of Avignon, Le Petit Avignon - chambres & appartement à deux pas du Pont d'Avignon et du Palais des Papes is a recently renovated accommodation, which offers soundproof rooms. ",Avignon,43.95065388,4.8033086
238,Camping du Pont d'Avignon,https://www.booking.com/hotel/fr/camping-du-pont-d-avignon.en-gb.html?aid=304142&label=gen173nr-1FCAQoggJCDnNlYXJjaF9hdmlnbm9uSDNYBGhNiAEBmAEJuAEKyAEF2AEB6AEB-AEDiAIBqAIDuAKbzdC4BsACAdICJGZkOTFkOTA4LThmNGUtNDQxOC04OTNlLTUyMTI0OGVlMDA4Y9gCBeACAQ&ucfs=1&arphpl=1&group_adults=2&req_adults=2&no_rooms=1&group_children=0&req_children=0&hpos=21&hapos=21&sr_order=popularity&srpvid=127e980d287402a5&srepoch=1729373852&from=searchresults,8.1,Camping du Pont d'Avignon offers self-catering accommodation in Avignon with an outdoor pool and a tennis court. Wi-Fi access is available at this campsite for free The camping includes mobile homes. ,Avignon,43.95638753,4.80199099
239,Appartement GOOD MINDSET,https://www.booking.com/hotel/fr/sunset-design-touristic-center.en-gb.html?aid=304142&label=gen173nr-1FCAQoggJCDnNlYXJjaF9hdmlnbm9uSDNYBGhNiAEBmAEJuAEKyAEF2AEB6AEB-AEDiAIBqAIDuAKbzdC4BsACAdICJGZkOTFkOTA4LThmNGUtNDQxOC04OTNlLTUyMTI0OGVlMDA4Y9gCBeACAQ&ucfs=1&arphpl=1&group_adults=2&req_adults=2&no_rooms=1&group_children=0&req_children=0&hpos=20&hapos=20&sr_order=popularity&srpvid=127e980d287402a5&srepoch=1729373852&from=searchresults,8.0,"Offering free WiFi and city views, Appartement GOOD MINDSET is an accommodation situated right in the centre of Avignon, just less than 1 km from Papal Palace and a 16-minute walk from Avignon Central...",Avignon,43.950083,4.814253
240,Apartment Limas,https://www.booking.com/hotel/fr/apartment-limas.en-gb.html?aid=304142&label=gen173nr-1FCAQoggJCDnNlYXJjaF9hdmlnbm9uSDNYBGhNiAEBmAEJuAEKyAEF2AEB6AEB-AEDiAIBqAIDuAKbzdC4BsACAdICJGZkOTFkOTA4LThmNGUtNDQxOC04OTNlLTUyMTI0OGVlMDA4Y9gCBeACAQ&ucfs=1&arphpl=1&group_adults=2&req_adults=2&no_rooms=1&group_children=0&req_children=0&hpos=19&hapos=19&sr_order=popularity&srpvid=127e980d287402a5&srepoch=1729373852&from=searchresults,8.8,"Located 200 metres from Papal Palace and 200 metres from Pont d'Avignon, Apartment Limas offers pet-friendly accommodation in Avignon. The apartment is 300 metres from Avignon City Hall. ",Avignon,43.95130663,4.80400931
241,Appartement Porte Évêque,https://www.booking.com/hotel/fr/porte-eveque.en-gb.html?aid=304142&label=gen173nr-1FCAQoggJCDnNlYXJjaF9hdmlnbm9uSDNYBGhNiAEBmAEJuAEKyAEF2AEB6AEB-AEDiAIBqAIDuAKbzdC4BsACAdICJGZkOTFkOTA4LThmNGUtNDQxOC04OTNlLTUyMTI0OGVlMDA4Y9gCBeACAQ&ucfs=1&arphpl=1&group_adults=2&req_adults=2&no_rooms=1&group_children=0&req_children=0&hpos=18&hapos=18&sr_order=popularity&srpvid=127e980d287402a5&srepoch=1729373852&from=searchresults,8.6,"Located 700 metres from Avignon Central Station and less than 1 km from Papal Palace in the centre of Avignon, Appartement Porte Évêque provides accommodation with free WiFi and free private parking. ",Avignon,43.94622485,4.801812
242,Le Chapeau Rouge au coeur du centre historique,https://www.booking.com/hotel/fr/les-halles-avignon.en-gb.html?aid=304142&label=gen173nr-1FCAQoggJCDnNlYXJjaF9hdmlnbm9uSDNYBGhNiAEBmAEJuAEKyAEF2AEB6AEB-AEDiAIBqAIDuAKbzdC4BsACAdICJGZkOTFkOTA4LThmNGUtNDQxOC04OTNlLTUyMTI0OGVlMDA4Y9gCBeACAQ&ucfs=1&arphpl=1&group_adults=2&req_adults=2&no_rooms=1&group_children=0&req_children=0&hpos=17&hapos=17&sr_order=popularity&srpvid=127e980d287402a5&srepoch=1729373852&from_sustainable_property_sr=1&from=searchresults,9.0,"In the heart of Avignon, set within a short distance of Papal Palace and Avignon Central Station, Le Chapeau Rouge au coeur du centre historique offers free WiFi, air conditioning and household...",Avignon,43.9478896,4.8109505
243,La Banasterie,https://www.booking.com/hotel/fr/la-banasterie.en-gb.html?aid=304142&label=gen173nr-1FCAQoggJCDnNlYXJjaF9hdmlnbm9uSDNYBGhNiAEBmAEJuAEKyAEF2AEB6AEB-AEDiAIBqAIDuAKbzdC4BsACAdICJGZkOTFkOTA4LThmNGUtNDQxOC04OTNlLTUyMTI0OGVlMDA4Y9gCBeACAQ&ucfs=1&arphpl=1&group_adults=2&req_adults=2&no_rooms=1&group_children=0&req_children=0&hpos=16&hapos=16&sr_order=popularity&srpvid=127e980d287402a5&srepoch=1729373852&from_sustainable_property_sr=1&from=searchresults,9.3,"La Banasterie is the oldest B&B in Avignon, dating back to the year 1521 and it is located in the heart of the city just 50 metres from the Palais des Papes. ",Avignon,43.94986998,4.80851546
244,Mini-loft Clos des Arts - parking gratuit,https://www.booking.com/hotel/fr/home-sweet-home-avignon.en-gb.html?aid=304142&label=gen173nr-1FCAQoggJCDnNlYXJjaF9hdmlnbm9uSDNYBGhNiAEBmAEJuAEKyAEF2AEB6AEB-AEDiAIBqAIDuAKbzdC4BsACAdICJGZkOTFkOTA4LThmNGUtNDQxOC04OTNlLTUyMTI0OGVlMDA4Y9gCBeACAQ&ucfs=1&arphpl=1&group_adults=2&req_adults=2&no_rooms=1&group_children=0&req_children=0&hpos=15&hapos=15&sr_order=popularity&srpvid=127e980d287402a5&srepoch=1729373852&from=searchresults,9.6,"Set 700 metres from Avignon Central Station and less than 1 km from Papal Palace in the centre of Avignon, Mini-loft Clos des Arts - parking gratuit offers accommodation with free WiFi and free...",Avignon,43.9455886,4.81012279
245,Studios du Rempart,https://www.booking.com/hotel/fr/studio-du-rempart.en-gb.html?aid=304142&label=gen173nr-1FCAQoggJCDnNlYXJjaF9hdmlnbm9uSDNYBGhNiAEBmAEJuAEKyAEF2AEB6AEB-AEDiAIBqAIDuAKbzdC4BsACAdICJGZkOTFkOTA4LThmNGUtNDQxOC04OTNlLTUyMTI0OGVlMDA4Y9gCBeACAQ&ucfs=1&arphpl=1&group_adults=2&req_adults=2&no_rooms=1&group_children=0&req_children=0&hpos=14&hapos=14&sr_order=popularity&srpvid=127e980d287402a5&srepoch=1729373852&from_sustainable_property_sr=1&from=searchresults,8.6,"Offering city views, a terrace and free WiFi, Studios du Rempart offers accommodation ideally located in Avignon, within a short distance of Pont d'Avignon, University of Avignon and Ceccano Media...",Avignon,43.95219788,4.8170012
246,Studio avec beaucoup de Charme intra muros,https://www.booking.com/hotel/fr/studio-avignon2.en-gb.html?aid=304142&label=gen173nr-1FCAQoggJCDnNlYXJjaF9hdmlnbm9uSDNYBGhNiAEBmAEJuAEKyAEF2AEB6AEB-AEDiAIBqAIDuAKbzdC4BsACAdICJGZkOTFkOTA4LThmNGUtNDQxOC04OTNlLTUyMTI0OGVlMDA4Y9gCBeACAQ&ucfs=1&arphpl=1&group_adults=2&req_adults=2&no_rooms=1&group_children=0&req_children=0&hpos=13&hapos=13&sr_order=popularity&srpvid=127e980d287402a5&srepoch=1729373852&from=searchresults,8.5,"Offering free WiFi and city views, Studio avec beaucoup de Charme intra muros is an accommodation located in Avignon, just 500 metres from Papal Palace and less than 1 km from Pont d'Avignon. ",Avignon,43.947331,4.80649861
247,ApartHotel Sainte-Marthe,https://www.booking.com/hotel/fr/ra-c-sidence-sainte-marthe.en-gb.html?aid=304142&label=gen173nr-1FCAQoggJCDnNlYXJjaF9hdmlnbm9uSDNYBGhNiAEBmAEJuAEKyAEF2AEB6AEB-AEDiAIBqAIDuAKbzdC4BsACAdICJGZkOTFkOTA4LThmNGUtNDQxOC04OTNlLTUyMTI0OGVlMDA4Y9gCBeACAQ&ucfs=1&arphpl=1&group_adults=2&req_adults=2&no_rooms=1&group_children=0&req_children=0&hpos=12&hapos=12&sr_order=popularity&srpvid=127e980d287402a5&srepoch=1729373852&from_sustainable_property_sr=1&from=searchresults,7.9,"Located opposite the Université Sainte Marthe, just a 15-minute walk from the Palais des Papes and the historical centre of Avignon, Apart'Hotel Sainte-Marthe offers self-catering apartments and free...",Avignon,43.94989514,4.81986389
248,Hotel de l'île,https://www.booking.com/hotel/fr/de-l-ile-avignon.en-gb.html?aid=304142&label=gen173nr-1FCAQoggJCDnNlYXJjaF9hdmlnbm9uSDNYBGhNiAEBmAEJuAEKyAEF2AEB6AEB-AEDiAIBqAIDuAKbzdC4BsACAdICJGZkOTFkOTA4LThmNGUtNDQxOC04OTNlLTUyMTI0OGVlMDA4Y9gCBeACAQ&ucfs=1&arphpl=1&group_adults=2&req_adults=2&no_rooms=1&group_children=0&req_children=0&hpos=11&hapos=11&sr_order=popularity&srpvid=127e980d287402a5&srepoch=1729373852&from=searchresults,7.8,"Situated in Avignon, 1.8 km from Papal Palace, Hotel de l'île features accommodation with a garden, free private parking and a terrace. ",Avignon,43.9569418,4.8029451
249,Le Studio de Véra - Intra Muros - Wifi,https://www.booking.com/hotel/fr/le-studio-de-vera-wifi-intra-muros-of-avignon.en-gb.html?aid=304142&label=gen173nr-1FCAQoggJCDnNlYXJjaF9hdmlnbm9uSDNYBGhNiAEBmAEJuAEKyAEF2AEB6AEB-AEDiAIBqAIDuAKbzdC4BsACAdICJGZkOTFkOTA4LThmNGUtNDQxOC04OTNlLTUyMTI0OGVlMDA4Y9gCBeACAQ&ucfs=1&arphpl=1&group_adults=2&req_adults=2&no_rooms=1&group_children=0&req_children=0&hpos=10&hapos=10&sr_order=popularity&srpvid=127e980d287402a5&srepoch=1729373852&from=searchresults,8.5,"Le Studio de Véra - Intra Muros - Wifi is a recently renovated apartment in the centre of Avignon, less than 1 km from Papal Palace and a 17-minute walk from Avignon Central Station. ",Avignon,43.9505235,4.8137329
250,A la terrasse d'Avignon,https://www.booking.com/hotel/fr/a-la-terrasse-d-avignon.en-gb.html?aid=304142&label=gen173nr-1FCAQoggJCDnNlYXJjaF9hdmlnbm9uSDNYBGhNiAEBmAEJuAEKyAEF2AEB6AEB-AEDiAIBqAIDuAKbzdC4BsACAdICJGZkOTFkOTA4LThmNGUtNDQxOC04OTNlLTUyMTI0OGVlMDA4Y9gCBeACAQ&ucfs=1&arphpl=1&group_adults=2&req_adults=2&no_rooms=1&group_children=0&req_children=0&hpos=9&hapos=9&sr_order=popularity&srpvid=127e980d287402a5&srepoch=1729373852&from=searchresults,9.6,A la terrasse d'Avignon is a self-catering accommodation located in Avignon. Free WiFi access is available. The property is 500 metres from Avignon Central Station and 700 metres from Papal Palace. ,Avignon,43.9466755,4.8033064
251,Appartement AvignonMaProvence,https://www.booking.com/hotel/fr/appartement-avignonmaprovence.en-gb.html?aid=304142&label=gen173nr-1FCAQoggJCDnNlYXJjaF9hdmlnbm9uSDNYBGhNiAEBmAEJuAEKyAEF2AEB6AEB-AEDiAIBqAIDuAKbzdC4BsACAdICJGZkOTFkOTA4LThmNGUtNDQxOC04OTNlLTUyMTI0OGVlMDA4Y9gCBeACAQ&ucfs=1&arphpl=1&group_adults=2&req_adults=2&no_rooms=1&group_children=0&req_children=0&hpos=8&hapos=8&sr_order=popularity&srpvid=127e980d287402a5&srepoch=1729373852&from=searchresults,8.7,"Right in the centre of Avignon, situated within a short distance of Papal Palace and Avignon Central Station, Appartement AvignonMaProvence offers free WiFi, air conditioning and household amenities...",Avignon,43.9500835,4.8142527
252,L'appart d'Avignon,https://www.booking.com/hotel/fr/l-appart-d-avignon.en-gb.html?aid=304142&label=gen173nr-1FCAQoggJCDnNlYXJjaF9hdmlnbm9uSDNYBGhNiAEBmAEJuAEKyAEF2AEB6AEB-AEDiAIBqAIDuAKbzdC4BsACAdICJGZkOTFkOTA4LThmNGUtNDQxOC04OTNlLTUyMTI0OGVlMDA4Y9gCBeACAQ&ucfs=1&arphpl=1&group_adults=2&req_adults=2&no_rooms=1&group_children=0&req_children=0&hpos=7&hapos=7&sr_order=popularity&srpvid=127e980d287402a5&srepoch=1729373852&from=searchresults,9.3,"In a central area of Avignon, located within a short distance of Papal Palace and Avignon Central Station, L'appart d'Avignon offers free WiFi, air conditioning and household amenities such as a...",Avignon,43.95017142,4.81440939
253,Les Carmes - Le charme de la pierre en Intras Muros,https://www.booking.com/hotel/fr/les-carmes-avignon.en-gb.html?aid=304142&label=gen173nr-1FCAQoggJCDnNlYXJjaF9hdmlnbm9uSDNYBGhNiAEBmAEJuAEKyAEF2AEB6AEB-AEDiAIBqAIDuAKbzdC4BsACAdICJGZkOTFkOTA4LThmNGUtNDQxOC04OTNlLTUyMTI0OGVlMDA4Y9gCBeACAQ&ucfs=1&arphpl=1&group_adults=2&req_adults=2&no_rooms=1&group_children=0&req_children=0&hpos=6&hapos=6&sr_order=popularity&srpvid=127e980d287402a5&srepoch=1729373852&from=searchresults,9.5,"Set in Avignon, 1.4 km from Avignon Central Station and 6 km from Avignon TGV Train Station, Les Carmes - Le charme de la pierre en Intras Muros offers city views and free WiFi. ",Avignon,43.950138,4.8141978
254,Charmant studio 25 m2 centre ville Avignon,https://www.booking.com/hotel/fr/charmant-studio-25-m2-centre-ville-avignon.en-gb.html?aid=304142&label=gen173nr-1FCAQoggJCDnNlYXJjaF9hdmlnbm9uSDNYBGhNiAEBmAEJuAEKyAEF2AEB6AEB-AEDiAIBqAIDuAKbzdC4BsACAdICJGZkOTFkOTA4LThmNGUtNDQxOC04OTNlLTUyMTI0OGVlMDA4Y9gCBeACAQ&ucfs=1&arphpl=1&group_adults=2&req_adults=2&no_rooms=1&group_children=0&req_children=0&hpos=5&hapos=5&sr_order=popularity&srpvid=127e980d287402a5&srepoch=1729373852&from=searchresults,8.5,"Right in the heart of Avignon, situated within a short distance of Avignon Central Station and Papal Palace, Charmant studio 25 m2 centre ville Avignon offers free WiFi, air conditioning and household...",Avignon,43.9450644,4.8138442
255,La Chapelle du Miracle,https://www.booking.com/hotel/fr/chapelle-du-miracle.en-gb.html?aid=304142&label=gen173nr-1FCAQoggJCDnNlYXJjaF9hdmlnbm9uSDNYBGhNiAEBmAEJuAEKyAEF2AEB6AEB-AEDiAIBqAIDuAKbzdC4BsACAdICJGZkOTFkOTA4LThmNGUtNDQxOC04OTNlLTUyMTI0OGVlMDA4Y9gCBeACAQ&ucfs=1&arphpl=1&group_adults=2&req_adults=2&no_rooms=1&group_children=0&req_children=0&hpos=4&hapos=4&sr_order=popularity&srpvid=127e980d287402a5&srepoch=1729373852&from=searchresults,8.9,"Located in Avignon, La Chapelle du Miracle is a 14th century chapel, renovated in 2006 and is a listed historical monument. This self-catering accommodation features free WiFi. ",Avignon,43.94448303,4.79949588
256,Face au Palais,https://www.booking.com/hotel/fr/le-jardin-du-palais.en-gb.html?aid=304142&label=gen173nr-1FCAQoggJCDnNlYXJjaF9hdmlnbm9uSDNYBGhNiAEBmAEJuAEKyAEF2AEB6AEB-AEDiAIBqAIDuAKbzdC4BsACAdICJGZkOTFkOTA4LThmNGUtNDQxOC04OTNlLTUyMTI0OGVlMDA4Y9gCBeACAQ&ucfs=1&arphpl=1&group_adults=2&req_adults=2&no_rooms=1&group_children=0&req_children=0&hpos=3&hapos=3&sr_order=popularity&srpvid=127e980d287402a5&srepoch=1729373852&from=searchresults,9.7,Face au Palais is located across the Papal Palace in the centre of Avignon. Free WiFi access is available. The rooms offer air conditioning and garden views. All rooms come with a refrigerator. ,Avignon,43.9509511,4.8062009
257,Le Magnan,https://www.booking.com/hotel/fr/hotellemagnan.en-gb.html?aid=304142&label=gen173nr-1FCAQoggJCDnNlYXJjaF9hdmlnbm9uSDNYBGhNiAEBmAEJuAEKyAEF2AEB6AEB-AEDiAIBqAIDuAKbzdC4BsACAdICJGZkOTFkOTA4LThmNGUtNDQxOC04OTNlLTUyMTI0OGVlMDA4Y9gCBeACAQ&ucfs=1&arphpl=1&group_adults=2&req_adults=2&no_rooms=1&group_children=0&req_children=0&hpos=2&hapos=2&sr_order=popularity&srpvid=127e980d287402a5&srepoch=1729373852&from_sustainable_property_sr=1&from=searchresults,8.3,"Located in a verdant setting within the ancient city walls, Le Magnan offers free WiFi. It is a 10-minute walk from the Papal Palace. ",Avignon,43.94362946,4.81217131
258,Maison d'hôtes L'îlot bambou,https://www.booking.com/hotel/fr/l-39-ilot-bambou.en-gb.html?aid=304142&label=gen173nr-1FCAQoggJCDnNlYXJjaF9hdmlnbm9uSDNYBGhNiAEBmAEJuAEKyAEF2AEB6AEB-AEDiAIBqAIDuAKbzdC4BsACAdICJGZkOTFkOTA4LThmNGUtNDQxOC04OTNlLTUyMTI0OGVlMDA4Y9gCBeACAQ&ucfs=1&arphpl=1&group_adults=2&req_adults=2&no_rooms=1&group_children=0&req_children=0&hpos=1&hapos=1&sr_order=popularity&srpvid=127e980d287402a5&srepoch=1729373852&from=searchresults,9.2,"Set in Avignon, L'îlot bambou is a guest house with a seasonal outdoor swimming pool. Boasting a garden, this property is situated near attractions such as Papal Palace. ",Avignon,43.95108984,4.79801933
259,Chez Marie,https://www.booking.com/hotel/fr/les-jardins-sainte-blandine.en-gb.html?aid=304142&label=gen173nr-1FCAQoggJCC3NlYXJjaF9seW9uSDNYBGhNiAEBmAEJuAEKyAEF2AEB6AEB-AEDiAIBqAIDuAKazdC4BsACAdICJGYxYjdmNDQ2LWVmZmItNGQ5Ni04ODcyLTk2ZDY4N2RiMWIzMdgCBeACAQ&ucfs=1&arphpl=1&group_adults=2&req_adults=2&no_rooms=1&group_children=0&req_children=0&hpos=23&hapos=23&sr_order=popularity&srpvid=551f980d5aba0370&srepoch=1729373851&from=searchresults,9.2,"Boasting accommodation with a balcony, Chez Marie is situated in Lyon. Free WiFi is available throughout the property and private parking is available on site. ",Lyon,45.74621768,4.82411548
260,HONORÊ SUITE SAINT PAUL,https://www.booking.com/hotel/fr/honore-suite-saint-paul.en-gb.html?aid=304142&label=gen173nr-1FCAQoggJCC3NlYXJjaF9seW9uSDNYBGhNiAEBmAEJuAEKyAEF2AEB6AEB-AEDiAIBqAIDuAKazdC4BsACAdICJGYxYjdmNDQ2LWVmZmItNGQ5Ni04ODcyLTk2ZDY4N2RiMWIzMdgCBeACAQ&ucfs=1&arphpl=1&group_adults=2&req_adults=2&no_rooms=1&group_children=0&req_children=0&hpos=22&hapos=22&sr_order=popularity&srpvid=551f980d5aba0370&srepoch=1729373851&from_sustainable_property_sr=1&from=searchresults,8.5,"Located in the centre of Lyon, just 1 km from Fourviere Roman Theatre and less than 1 km from Basilica of Notre-Dame de Fourviere, HONORÊ SUITE SAINT PAUL provides accommodation with river views and...",Lyon,45.7667094,4.827859
261,Hotel Elysée,https://www.booking.com/hotel/fr/elysee-lyon.en-gb.html?aid=304142&label=gen173nr-1FCAQoggJCC3NlYXJjaF9seW9uSDNYBGhNiAEBmAEJuAEKyAEF2AEB6AEB-AEDiAIBqAIDuAKazdC4BsACAdICJGYxYjdmNDQ2LWVmZmItNGQ5Ni04ODcyLTk2ZDY4N2RiMWIzMdgCBeACAQ&ucfs=1&arphpl=1&group_adults=2&req_adults=2&no_rooms=1&group_children=0&req_children=0&hpos=21&hapos=21&sr_order=popularity&srpvid=551f980d5aba0370&srepoch=1729373851&from=searchresults,8.2,"Hotel Elysée is located in the heart of Lyon city centre, just a few steps from the Place Bellecour. It offers soundproofed accommodation with free WiFi internet access. ",Lyon,45.75963881,4.83390257
262,Residence Montempo Lyon Cite Internationale,https://www.booking.com/hotel/fr/residence-hoteliere-temporim-cite-internationale.en-gb.html?aid=304142&label=gen173nr-1FCAQoggJCC3NlYXJjaF9seW9uSDNYBGhNiAEBmAEJuAEKyAEF2AEB6AEB-AEDiAIBqAIDuAKazdC4BsACAdICJGYxYjdmNDQ2LWVmZmItNGQ5Ni04ODcyLTk2ZDY4N2RiMWIzMdgCBeACAQ&ucfs=1&arphpl=1&group_adults=2&req_adults=2&no_rooms=1&group_children=0&req_children=0&hpos=20&hapos=20&sr_order=popularity&srpvid=551f980d5aba0370&srepoch=1729373851&from=searchresults,8.0,"Residence Montempo Lyon Cite Internationale offers ApartHotel accommodation next to the Parc de la Tête d'Or, in the heart of the Congress Centre area and a 15-minute drive from the centre of Lyon. ",Lyon,45.78501661,4.85641569
263,Pullman Lyon,https://www.booking.com/hotel/fr/pullman-lyon.en-gb.html?aid=304142&label=gen173nr-1FCAQoggJCC3NlYXJjaF9seW9uSDNYBGhNiAEBmAEJuAEKyAEF2AEB6AEB-AEDiAIBqAIDuAKazdC4BsACAdICJGYxYjdmNDQ2LWVmZmItNGQ5Ni04ODcyLTk2ZDY4N2RiMWIzMdgCBeACAQ&ucfs=1&arphpl=1&group_adults=2&req_adults=2&no_rooms=1&group_children=0&req_children=0&hpos=19&hapos=19&sr_order=popularity&srpvid=551f980d5aba0370&srepoch=1729373851&from_sustainable_property_sr=1&from=searchresults,9.1,"Situated in Lyon and with Part-Dieu Train Station reachable within 200 metres, Pullman Lyon features concierge services, non-smoking rooms, a terrace, free WiFi throughout the property and a...",Lyon,45.76040258,4.85792056
264,Mercure Lyon Centre Beaux-Arts,https://www.booking.com/hotel/fr/lyon-beaux-arts.en-gb.html?aid=304142&label=gen173nr-1FCAQoggJCC3NlYXJjaF9seW9uSDNYBGhNiAEBmAEJuAEKyAEF2AEB6AEB-AEDiAIBqAIDuAKazdC4BsACAdICJGYxYjdmNDQ2LWVmZmItNGQ5Ni04ODcyLTk2ZDY4N2RiMWIzMdgCBeACAQ&ucfs=1&arphpl=1&group_adults=2&req_adults=2&no_rooms=1&group_children=0&req_children=0&hpos=18&hapos=18&sr_order=popularity&srpvid=551f980d5aba0370&srepoch=1729373851&from_sustainable_property_sr=1&from=searchresults,8.5,,Lyon,45.76095151,4.83413994
265,Nemea Appart Hotel So Cloud Lyon Gare Part-Dieu,https://www.booking.com/hotel/fr/nemea-appart-residence-so-cloud.en-gb.html?aid=304142&label=gen173nr-1FCAQoggJCC3NlYXJjaF9seW9uSDNYBGhNiAEBmAEJuAEKyAEF2AEB6AEB-AEDiAIBqAIDuAKazdC4BsACAdICJGYxYjdmNDQ2LWVmZmItNGQ5Ni04ODcyLTk2ZDY4N2RiMWIzMdgCBeACAQ&ucfs=1&arphpl=1&group_adults=2&req_adults=2&no_rooms=1&group_children=0&req_children=0&hpos=17&hapos=17&sr_order=popularity&srpvid=551f980d5aba0370&srepoch=1729373851&from=searchresults,7.7,"Situated 3.5 km from Musée Miniature et Cinéma, Nemea Appart Hotel So Cloud Lyon Gare Part-Dieu offers accommodation with a balcony. This 4-star aparthotel offers a 24-hour front desk and a lift. ",Lyon,45.75769,4.858226
266,"Radisson Blu Hotel, Lyon",https://www.booking.com/hotel/fr/radisson-blu-hotel-lyon.en-gb.html?aid=304142&label=gen173nr-1FCAQoggJCC3NlYXJjaF9seW9uSDNYBGhNiAEBmAEJuAEKyAEF2AEB6AEB-AEDiAIBqAIDuAKazdC4BsACAdICJGYxYjdmNDQ2LWVmZmItNGQ5Ni04ODcyLTk2ZDY4N2RiMWIzMdgCBeACAQ&ucfs=1&arphpl=1&group_adults=2&req_adults=2&no_rooms=1&group_children=0&req_children=0&hpos=16&hapos=16&sr_order=popularity&srpvid=551f980d5aba0370&srepoch=1729373851&from_sustainable_property_sr=1&from=searchresults,8.0,,Lyon,45.76106379,4.85515237
267,Hotel ParkSaône,https://www.booking.com/hotel/fr/parksaone.en-gb.html?aid=304142&label=gen173nr-1FCAQoggJCC3NlYXJjaF9seW9uSDNYBGhNiAEBmAEJuAEKyAEF2AEB6AEB-AEDiAIBqAIDuAKazdC4BsACAdICJGYxYjdmNDQ2LWVmZmItNGQ5Ni04ODcyLTk2ZDY4N2RiMWIzMdgCBeACAQ&ucfs=1&arphpl=1&group_adults=2&req_adults=2&no_rooms=1&group_children=0&req_children=0&hpos=15&hapos=15&sr_order=popularity&srpvid=551f980d5aba0370&srepoch=1729373851&from_sustainable_property_sr=1&from=searchresults,8.6,"Hotel ParkSaône is situated on the bank of the Saône river in Lyon. Guests can enjoy the on-site restaurant, bar and terrace. Free WiFi is available throughout the property. ",Lyon,45.79229162,4.81869468
268,HONORÊ - SUITE ARBRE SEC,https://www.booking.com/hotel/fr/honore-suite-arbre-sec.en-gb.html?aid=304142&label=gen173nr-1FCAQoggJCC3NlYXJjaF9seW9uSDNYBGhNiAEBmAEJuAEKyAEF2AEB6AEB-AEDiAIBqAIDuAKazdC4BsACAdICJGYxYjdmNDQ2LWVmZmItNGQ5Ni04ODcyLTk2ZDY4N2RiMWIzMdgCBeACAQ&ucfs=1&arphpl=1&group_adults=2&req_adults=2&no_rooms=1&group_children=0&req_children=0&hpos=14&hapos=14&sr_order=popularity&srpvid=551f980d5aba0370&srepoch=1729373851&from=searchresults,8.5,"Offering inner courtyard views, HONORÊ - SUITE ARBRE SEC is an accommodation located in Lyon, 1.1 km from Musée Miniature et Cinéma and 2.4 km from Part-Dieu Train Station. ",Lyon,45.7664094,4.8349548
269,HONORÊ - Suite Baleine,https://www.booking.com/hotel/fr/honore-suite-baleine.en-gb.html?aid=304142&label=gen173nr-1FCAQoggJCC3NlYXJjaF9seW9uSDNYBGhNiAEBmAEJuAEKyAEF2AEB6AEB-AEDiAIBqAIDuAKazdC4BsACAdICJGYxYjdmNDQ2LWVmZmItNGQ5Ni04ODcyLTk2ZDY4N2RiMWIzMdgCBeACAQ&ucfs=1&arphpl=1&group_adults=2&req_adults=2&no_rooms=1&group_children=0&req_children=0&hpos=13&hapos=13&sr_order=popularity&srpvid=551f980d5aba0370&srepoch=1729373851&from=searchresults,8.2,"Right in the heart of Lyon, situated within a short distance of Fourviere Roman Theatre and the Museum of Fine Arts of Lyon, HONORÊ - Suite Baleine offers free WiFi, air conditioning and household...",Lyon,45.7633296,4.8284824
270,Luxe et Calme en Hyper Centre - La Cour des Bois,https://www.booking.com/hotel/fr/la-cour-des-bois.en-gb.html?aid=304142&label=gen173nr-1FCAQoggJCC3NlYXJjaF9seW9uSDNYBGhNiAEBmAEJuAEKyAEF2AEB6AEB-AEDiAIBqAIDuAKazdC4BsACAdICJGYxYjdmNDQ2LWVmZmItNGQ5Ni04ODcyLTk2ZDY4N2RiMWIzMdgCBeACAQ&ucfs=1&arphpl=1&group_adults=2&req_adults=2&no_rooms=1&group_children=0&req_children=0&hpos=12&hapos=12&sr_order=popularity&srpvid=551f980d5aba0370&srepoch=1729373851&from=searchresults,8.8,"Set in the centre of Lyon, Luxe et Calme en Hyper Centre - La Cour des Bois offers accommodation with free WiFi in a historic building. ",Lyon,45.77040561,4.83163708
271,Campanile Lyon Centre Part-Dieu,https://www.booking.com/hotel/fr/campanile-lyon-centre-forum-part-dieu.en-gb.html?aid=304142&label=gen173nr-1FCAQoggJCC3NlYXJjaF9seW9uSDNYBGhNiAEBmAEJuAEKyAEF2AEB6AEB-AEDiAIBqAIDuAKazdC4BsACAdICJGYxYjdmNDQ2LWVmZmItNGQ5Ni04ODcyLTk2ZDY4N2RiMWIzMdgCBeACAQ&ucfs=1&arphpl=1&group_adults=2&req_adults=2&no_rooms=1&group_children=0&req_children=0&hpos=11&hapos=11&sr_order=popularity&srpvid=551f980d5aba0370&srepoch=1729373851&from_sustainable_property_sr=1&from=searchresults,8.4,"Located opposite Lyon’s Part-Dieu Train Station, Campanile Lyon Centre Part-Dieu offers air-conditioned rooms with free WiFi. A buffet restaurant and bar are available for meals and drinks. ",Lyon,45.76027411,4.86332774
272,HONORÊ SUITE SAINT ANTOINE,https://www.booking.com/hotel/fr/honore-suite-saint-antoine.en-gb.html?aid=304142&label=gen173nr-1FCAQoggJCC3NlYXJjaF9seW9uSDNYBGhNiAEBmAEJuAEKyAEF2AEB6AEB-AEDiAIBqAIDuAKazdC4BsACAdICJGYxYjdmNDQ2LWVmZmItNGQ5Ni04ODcyLTk2ZDY4N2RiMWIzMdgCBeACAQ&ucfs=1&arphpl=1&group_adults=2&req_adults=2&no_rooms=1&group_children=0&req_children=0&hpos=10&hapos=10&sr_order=popularity&srpvid=551f980d5aba0370&srepoch=1729373851&from=searchresults,8.5,"HONORÊ SUITE SAINT ANTOINE is located in the 2nd arr. District of Lyon, 600 metres from Musée Miniature et Cinéma, 1.3 km from Fourviere Roman Theatre and 1.2 km from Basilica of Notre-Dame de...",Lyon,45.7641751,4.8321392
273,Première Classe Lyon Centre Gare Part Dieu,https://www.booking.com/hotel/fr/premiere-classe-lyon-centre-gare-part-dieu.en-gb.html?aid=304142&label=gen173nr-1FCAQoggJCC3NlYXJjaF9seW9uSDNYBGhNiAEBmAEJuAEKyAEF2AEB6AEB-AEDiAIBqAIDuAKazdC4BsACAdICJGYxYjdmNDQ2LWVmZmItNGQ5Ni04ODcyLTk2ZDY4N2RiMWIzMdgCBeACAQ&ucfs=1&arphpl=1&group_adults=2&req_adults=2&no_rooms=1&group_children=0&req_children=0&hpos=9&hapos=9&sr_order=popularity&srpvid=551f980d5aba0370&srepoch=1729373851&from_sustainable_property_sr=1&from=searchresults,7.3,"Première Classe Lyon Centre Gare Part Dieu offers air-conditioned accommodation with free WiFi, 500 metres from the Lyon Part-Dieu Train, metro and bus station. ",Lyon,45.75603458,4.85909857
274,Jolie chambre à louer - Vue Imprenable,https://www.booking.com/hotel/fr/belle-chambre-vue-imprenable.en-gb.html?aid=304142&label=gen173nr-1FCAQoggJCC3NlYXJjaF9seW9uSDNYBGhNiAEBmAEJuAEKyAEF2AEB6AEB-AEDiAIBqAIDuAKazdC4BsACAdICJGYxYjdmNDQ2LWVmZmItNGQ5Ni04ODcyLTk2ZDY4N2RiMWIzMdgCBeACAQ&ucfs=1&arphpl=1&group_adults=2&req_adults=2&no_rooms=1&group_children=0&req_children=0&hpos=8&hapos=8&sr_order=popularity&srpvid=551f980d5aba0370&srepoch=1729373851&from_sustainable_property_sr=1&from=searchresults,9.2,"Boasting garden views, Jolie chambre à louer - Vue Imprenable features accommodation with a shared lounge and a balcony, around less than 1 km from Part-Dieu Train Station. ",Lyon,45.76103622,4.86613105
275,Le 14 Sathonay,https://www.booking.com/hotel/fr/le-14-sathonay.en-gb.html?aid=304142&label=gen173nr-1FCAQoggJCC3NlYXJjaF9seW9uSDNYBGhNiAEBmAEJuAEKyAEF2AEB6AEB-AEDiAIBqAIDuAKazdC4BsACAdICJGYxYjdmNDQ2LWVmZmItNGQ5Ni04ODcyLTk2ZDY4N2RiMWIzMdgCBeACAQ&ucfs=1&arphpl=1&group_adults=2&req_adults=2&no_rooms=1&group_children=0&req_children=0&hpos=7&hapos=7&sr_order=popularity&srpvid=551f980d5aba0370&srepoch=1729373851&from_sustainable_property_sr=1&from=searchresults,8.9,"Le 14 Sathonay in Lyon features accommodation with free WiFi, a 5-minute walk from the Museum of Fine Arts of Lyon, 400 metres from Place des Terreaux and a 7-minute walk from Opera National de Lyon. ",Lyon,45.768574,4.829146
276,Republik Hotel,https://www.booking.com/hotel/fr/republik.en-gb.html?aid=304142&label=gen173nr-1FCAQoggJCC3NlYXJjaF9seW9uSDNYBGhNiAEBmAEJuAEKyAEF2AEB6AEB-AEDiAIBqAIDuAKazdC4BsACAdICJGYxYjdmNDQ2LWVmZmItNGQ5Ni04ODcyLTk2ZDY4N2RiMWIzMdgCBeACAQ&ucfs=1&arphpl=1&group_adults=2&req_adults=2&no_rooms=1&group_children=0&req_children=0&hpos=6&hapos=6&sr_order=popularity&srpvid=551f980d5aba0370&srepoch=1729373851&from_sustainable_property_sr=1&from=searchresults,8.8,"Located in the heart of Lyon, on the Presqu’île District, Republik Hotel offers accommodation with a 24-hour reception and free WiFi. ",Lyon,45.7584012,4.8357082
277,Hôtel Charlemagne by Happyculture,https://www.booking.com/hotel/fr/hotelbestwesterncharlemagne.en-gb.html?aid=304142&label=gen173nr-1FCAQoggJCC3NlYXJjaF9seW9uSDNYBGhNiAEBmAEJuAEKyAEF2AEB6AEB-AEDiAIBqAIDuAKazdC4BsACAdICJGYxYjdmNDQ2LWVmZmItNGQ5Ni04ODcyLTk2ZDY4N2RiMWIzMdgCBeACAQ&ucfs=1&arphpl=1&group_adults=2&req_adults=2&no_rooms=1&group_children=0&req_children=0&hpos=5&hapos=5&sr_order=popularity&srpvid=551f980d5aba0370&srepoch=1729373851&from_sustainable_property_sr=1&from=searchresults,8.0,"Hôtel Charlemagne by Happyculture is located in central Lyon, a 5-minute walk from the Lyon Perrache TGV and Metro stations. It offers air-conditioned accommodation with free Wi-Fi internet access. ",Lyon,45.74602253,4.8238939
278,Ainay/centre Lyon/un cocon !,https://www.booking.com/hotel/fr/ainay-centre-lyon-un-cocon.en-gb.html?aid=304142&label=gen173nr-1FCAQoggJCC3NlYXJjaF9seW9uSDNYBGhNiAEBmAEJuAEKyAEF2AEB6AEB-AEDiAIBqAIDuAKazdC4BsACAdICJGYxYjdmNDQ2LWVmZmItNGQ5Ni04ODcyLTk2ZDY4N2RiMWIzMdgCBeACAQ&ucfs=1&arphpl=1&group_adults=2&req_adults=2&no_rooms=1&group_children=0&req_children=0&hpos=4&hapos=4&sr_order=popularity&srpvid=551f980d5aba0370&srepoch=1729373851&from=searchresults,9.0,"In the 2nd arr. District of Lyon, close to Musée Miniature et Cinéma, Ainay/centre Lyon/un cocon! has free WiFi and a washing machine. ",Lyon,45.7532192,4.8298477
279,"Honorê, Suite Saint Georges",https://www.booking.com/hotel/fr/honore-suite-saint-georges.en-gb.html?aid=304142&label=gen173nr-1FCAQoggJCC3NlYXJjaF9seW9uSDNYBGhNiAEBmAEJuAEKyAEF2AEB6AEB-AEDiAIBqAIDuAKazdC4BsACAdICJGYxYjdmNDQ2LWVmZmItNGQ5Ni04ODcyLTk2ZDY4N2RiMWIzMdgCBeACAQ&ucfs=1&arphpl=1&group_adults=2&req_adults=2&no_rooms=1&group_children=0&req_children=0&hpos=3&hapos=3&sr_order=popularity&srpvid=551f980d5aba0370&srepoch=1729373851&from_sustainable_property_sr=1&from=searchresults,8.4,"Offering free WiFi and quiet street views, Honorê, Suite Saint Georges is an accommodation located in a central area of Lyon, just 400 metres from Musée Miniature et Cinéma and 1.4 km from the Museum...",Lyon,45.75917339,4.82558557
280,Hôtel Vaubecour,https://www.booking.com/hotel/fr/vaubecour.en-gb.html?aid=304142&label=gen173nr-1FCAQoggJCC3NlYXJjaF9seW9uSDNYBGhNiAEBmAEJuAEKyAEF2AEB6AEB-AEDiAIBqAIDuAKazdC4BsACAdICJGYxYjdmNDQ2LWVmZmItNGQ5Ni04ODcyLTk2ZDY4N2RiMWIzMdgCBeACAQ&ucfs=1&arphpl=1&group_adults=2&req_adults=2&no_rooms=1&group_children=0&req_children=0&hpos=2&hapos=2&sr_order=popularity&srpvid=551f980d5aba0370&srepoch=1729373851&from_sustainable_property_sr=1&from=searchresults,8.6,"Hôtel Vaubecour is located in Lyon, on the 2nd floor of a building. Lyon’s Museum of Fine Arts is 1.6 km away and Lyon Perrache Train Station is 500 metres from the hotel. ",Lyon,45.7536869,4.8258452
281,Hotel Saint Vincent,https://www.booking.com/hotel/fr/saint-vincent-lyon.en-gb.html?aid=304142&label=gen173nr-1FCAQoggJCC3NlYXJjaF9seW9uSDNYBGhNiAEBmAEJuAEKyAEF2AEB6AEB-AEDiAIBqAIDuAKazdC4BsACAdICJGYxYjdmNDQ2LWVmZmItNGQ5Ni04ODcyLTk2ZDY4N2RiMWIzMdgCBeACAQ&ucfs=1&arphpl=1&group_adults=2&req_adults=2&no_rooms=1&group_children=0&req_children=0&hpos=1&hapos=1&sr_order=popularity&srpvid=551f980d5aba0370&srepoch=1729373851&from_sustainable_property_sr=1&from=searchresults,8.6,"Located in Lyon, Hotel Saint Vincent offers accommodation a 10-minute walk from Lyon National Opera. Free WiFi is available throughout the property. ",Lyon,45.76854482,4.82789543
282,Hotel de La Plage - Mahogany,https://www.booking.com/hotel/fr/de-la-plage-cassis.en-gb.html?aid=304142&label=gen173nr-1FCAQoggJCDXNlYXJjaF9jYXNzaXNIM1gEaE2IAQGYAQm4AQrIAQXYAQHoAQH4AQOIAgGoAgO4AprN0LgGwAIB0gIkODUyNmExMzktYjg1Zi00MmIxLWE5NDctNWNhODk1OTk5YjFh2AIF4AIB&ucfs=1&arphpl=1&group_adults=2&req_adults=2&no_rooms=1&group_children=0&req_children=0&hpos=24&hapos=24&sr_order=popularity&srpvid=e751980dc001003e&srepoch=1729373851&from=searchresults,8.6,"With views of the highest cliff in Europe and over the Mediterranean Sea, Hotel de La Plage - Mahogany is set on the beachfront in Cassis. located 30 metres away. ",Cassis,43.21334946,5.53126283
283,Villa Le Sud,https://www.booking.com/hotel/fr/villa-le-sud-cassis.en-gb.html?aid=304142&label=gen173nr-1FCAQoggJCDXNlYXJjaF9jYXNzaXNIM1gEaE2IAQGYAQm4AQrIAQXYAQHoAQH4AQOIAgGoAgO4AprN0LgGwAIB0gIkODUyNmExMzktYjg1Zi00MmIxLWE5NDctNWNhODk1OTk5YjFh2AIF4AIB&ucfs=1&arphpl=1&group_adults=2&req_adults=2&no_rooms=1&group_children=0&req_children=0&hpos=23&hapos=23&sr_order=popularity&srpvid=e751980dc001003e&srepoch=1729373851&from=searchresults,9.3,"Offering an outdoor pool, Villa Le Sud is located in Cassis. Free WiFi access is available. The accommodation is 2.5 km from Cassis cliffs. Circuit Paul Ricard is a 35-minute drive away. ",Cassis,43.23304906,5.55305108
284,LE RAVISSANT - 50m du Port - très calme,https://www.booking.com/hotel/fr/ravissant-2-pieces-50m-du-port-tres-calme.en-gb.html?aid=304142&label=gen173nr-1FCAQoggJCDXNlYXJjaF9jYXNzaXNIM1gEaE2IAQGYAQm4AQrIAQXYAQHoAQH4AQOIAgGoAgO4AprN0LgGwAIB0gIkODUyNmExMzktYjg1Zi00MmIxLWE5NDctNWNhODk1OTk5YjFh2AIF4AIB&ucfs=1&arphpl=1&group_adults=2&req_adults=2&no_rooms=1&group_children=0&req_children=0&hpos=22&hapos=22&sr_order=popularity&srpvid=e751980dc001003e&srepoch=1729373851&from=searchresults,8.3,"Set in Cassis, 300 metres from Grande Mer and 700 metres from Bestouan, LE RAVISSANT - 50m du Port - très calme offers free WiFi and air conditioning. ",Cassis,43.2145264,5.5382515
285,"L’Aiguade, appartement d'exception à Cassis",https://www.booking.com/hotel/fr/aiguade-appartement-d-exception-a-cassis.en-gb.html?aid=304142&label=gen173nr-1FCAQoggJCDXNlYXJjaF9jYXNzaXNIM1gEaE2IAQGYAQm4AQrIAQXYAQHoAQH4AQOIAgGoAgO4AprN0LgGwAIB0gIkODUyNmExMzktYjg1Zi00MmIxLWE5NDctNWNhODk1OTk5YjFh2AIF4AIB&ucfs=1&arphpl=1&group_adults=2&req_adults=2&no_rooms=1&group_children=0&req_children=0&hpos=21&hapos=21&sr_order=popularity&srpvid=e751980dc001003e&srepoch=1729373851&from=searchresults,9.7,"Situated just 800 metres from Grande Mer, L’Aiguade, appartement d'exception à Cassis provides accommodation in Cassis with access to a garden, barbecue facilities, as well as private check-in and...",Cassis,43.2141154,5.5338211
286,La petite cigale by K6conciergerie,https://www.booking.com/hotel/fr/la-petite-cigale-by-k6conciergerie.en-gb.html?aid=304142&label=gen173nr-1FCAQoggJCDXNlYXJjaF9jYXNzaXNIM1gEaE2IAQGYAQm4AQrIAQXYAQHoAQH4AQOIAgGoAgO4AprN0LgGwAIB0gIkODUyNmExMzktYjg1Zi00MmIxLWE5NDctNWNhODk1OTk5YjFh2AIF4AIB&ucfs=1&arphpl=1&group_adults=2&req_adults=2&no_rooms=1&group_children=0&req_children=0&hpos=20&hapos=20&sr_order=popularity&srpvid=e751980dc001003e&srepoch=1729373851&from=searchresults,9.1,"Located in Cassis, 400 metres from Grande Mer and 700 metres from Anse de Corton Beach, La petite cigale by K6conciergerie provides accommodation with free WiFi in a historic building. ",Cassis,43.2146968,5.53976101
287,UNE TERRASSE SUR LA MER 3 pers 2 chambres VUE MER,https://www.booking.com/hotel/fr/une-terrasse-sur-la-mer-cassis.en-gb.html?aid=304142&label=gen173nr-1FCAQoggJCDXNlYXJjaF9jYXNzaXNIM1gEaE2IAQGYAQm4AQrIAQXYAQHoAQH4AQOIAgGoAgO4AprN0LgGwAIB0gIkODUyNmExMzktYjg1Zi00MmIxLWE5NDctNWNhODk1OTk5YjFh2AIF4AIB&ucfs=1&arphpl=1&group_adults=2&req_adults=2&no_rooms=1&group_children=0&req_children=0&hpos=19&hapos=19&sr_order=popularity&srpvid=e751980dc001003e&srepoch=1729373851&from_sustainable_property_sr=1&from=searchresults,8.6,"UNE TERRASSE SUR LA MER 3 pers 2 chambres VUE MER is situated in Cassis, 1.1 km from Grande Mer, 1.6 km from Anse de Corton Beach, and 20 km from Orange Velodrome Stadium. ",Cassis,43.21407197,5.53062182
288,"The Originals Boutique, Hôtel Cassitel, Cassis",https://www.booking.com/hotel/fr/interhotel-cassitel.en-gb.html?aid=304142&label=gen173nr-1FCAQoggJCDXNlYXJjaF9jYXNzaXNIM1gEaE2IAQGYAQm4AQrIAQXYAQHoAQH4AQOIAgGoAgO4AprN0LgGwAIB0gIkODUyNmExMzktYjg1Zi00MmIxLWE5NDctNWNhODk1OTk5YjFh2AIF4AIB&ucfs=1&arphpl=1&group_adults=2&req_adults=2&no_rooms=1&group_children=0&req_children=0&hpos=18&hapos=18&sr_order=popularity&srpvid=e751980dc001003e&srepoch=1729373851&from=searchresults,7.7,"The Originals Boutique, Hôtel Cassitel, Cassis is located opposite the Cassis fishing harbour, just a 2-minute walk from the beach and 40 minutes' drive from Circuit Paul Ricard. ",Cassis,43.21370621,5.53895809
289,Best Western Plus Hôtel la Rade,https://www.booking.com/hotel/fr/la-rade-cassis.en-gb.html?aid=304142&label=gen173nr-1FCAQoggJCDXNlYXJjaF9jYXNzaXNIM1gEaE2IAQGYAQm4AQrIAQXYAQHoAQH4AQOIAgGoAgO4AprN0LgGwAIB0gIkODUyNmExMzktYjg1Zi00MmIxLWE5NDctNWNhODk1OTk5YjFh2AIF4AIB&ucfs=1&arphpl=1&group_adults=2&req_adults=2&no_rooms=1&group_children=0&req_children=0&hpos=17&hapos=17&sr_order=popularity&srpvid=e751980dc001003e&srepoch=1729373851&from=searchresults,8.1,Best Western Plus Hôtel la Rade is located 14 metres from the Cassis fishing port and the Bestouan beach. ,Cassis,43.21522997,5.53369693
290,Le Cassidain - Port et plage - Luxious appartement,https://www.booking.com/hotel/fr/le-cassidain-port-et-plage-luxious-appartement.en-gb.html?aid=304142&label=gen173nr-1FCAQoggJCDXNlYXJjaF9jYXNzaXNIM1gEaE2IAQGYAQm4AQrIAQXYAQHoAQH4AQOIAgGoAgO4AprN0LgGwAIB0gIkODUyNmExMzktYjg1Zi00MmIxLWE5NDctNWNhODk1OTk5YjFh2AIF4AIB&ucfs=1&arphpl=1&group_adults=2&req_adults=2&no_rooms=1&group_children=0&req_children=0&hpos=16&hapos=16&sr_order=popularity&srpvid=e751980dc001003e&srepoch=1729373851&from=searchresults,9.3,"Located in Cassis, 200 metres from Grande Mer and 600 metres from Anse de Corton Beach, Le Cassidain - Port et plage - Luxious appartement provides air-conditioned accommodation with a balcony and...",Cassis,43.213529,5.5397747
291,Rêves de vie Studio Morgiou avec terrasse et parking privé,https://www.booking.com/hotel/fr/reves-de-vie-studio-20m2-avec-terrasse-et-parking-prive.en-gb.html?aid=304142&label=gen173nr-1FCAQoggJCDXNlYXJjaF9jYXNzaXNIM1gEaE2IAQGYAQm4AQrIAQXYAQHoAQH4AQOIAgGoAgO4AprN0LgGwAIB0gIkODUyNmExMzktYjg1Zi00MmIxLWE5NDctNWNhODk1OTk5YjFh2AIF4AIB&ucfs=1&arphpl=1&group_adults=2&req_adults=2&no_rooms=1&group_children=0&req_children=0&hpos=15&hapos=15&sr_order=popularity&srpvid=e751980dc001003e&srepoch=1729373851&from_sustainable_property_sr=1&from=searchresults,8.7,"Rêves de vie Studio Morgiou avec terrasse et parking privé is situated in Cassis, 19 km from Marseille Chanot Exhibition and Convention Centre, 20 km from La Timone Metro Station, and 21 km from...",Cassis,43.22734823,5.53326269
292,Zina,https://www.booking.com/hotel/fr/zina.en-gb.html?aid=304142&label=gen173nr-1FCAQoggJCDXNlYXJjaF9jYXNzaXNIM1gEaE2IAQGYAQm4AQrIAQXYAQHoAQH4AQOIAgGoAgO4AprN0LgGwAIB0gIkODUyNmExMzktYjg1Zi00MmIxLWE5NDctNWNhODk1OTk5YjFh2AIF4AIB&ucfs=1&arphpl=1&group_adults=2&req_adults=2&no_rooms=1&group_children=0&req_children=0&hpos=14&hapos=14&sr_order=popularity&srpvid=e751980dc001003e&srepoch=1729373851&from=searchresults,9.5,"Located 1.2 km from Bestouan, 1.5 km from Anse de Corton Beach and 19 km from Orange Velodrome Stadium, Zina provides accommodation situated in Cassis. ",Cassis,43.2201785,5.5401764
293,"""Côté Soubeyran"" Centre-ville, Garage, Piscine, Terrasse",https://www.booking.com/hotel/fr/studio-le-club-cassis.en-gb.html?aid=304142&label=gen173nr-1FCAQoggJCDXNlYXJjaF9jYXNzaXNIM1gEaE2IAQGYAQm4AQrIAQXYAQHoAQH4AQOIAgGoAgO4AprN0LgGwAIB0gIkODUyNmExMzktYjg1Zi00MmIxLWE5NDctNWNhODk1OTk5YjFh2AIF4AIB&ucfs=1&arphpl=1&group_adults=2&req_adults=2&no_rooms=1&group_children=0&req_children=0&hpos=13&hapos=13&sr_order=popularity&srpvid=e751980dc001003e&srepoch=1729373851&from=searchresults,9.4,"""Côté Soubeyran"" Centre-ville, Garage, Piscine, Terrasse is located in Cassis. Set 2.8 km from Cap Canaille, the property offers a terrace. The apartment conveniently has an outdoor pool. ",Cassis,43.21791848,5.53863698
294,Magnifique appartement Cassis,https://www.booking.com/hotel/fr/magnifique-appartement-cassis.en-gb.html?aid=304142&label=gen173nr-1FCAQoggJCDXNlYXJjaF9jYXNzaXNIM1gEaE2IAQGYAQm4AQrIAQXYAQHoAQH4AQOIAgGoAgO4AprN0LgGwAIB0gIkODUyNmExMzktYjg1Zi00MmIxLWE5NDctNWNhODk1OTk5YjFh2AIF4AIB&ucfs=1&arphpl=1&group_adults=2&req_adults=2&no_rooms=1&group_children=0&req_children=0&hpos=12&hapos=12&sr_order=popularity&srpvid=e751980dc001003e&srepoch=1729373851&from=searchresults,9.3,"Located in Cassis, 500 metres from Grande Mer and 700 metres from Bestouan, Magnifique appartement Cassis offers air conditioning. ",Cassis,43.2162109,5.5365082
295,Villa W,https://www.booking.com/hotel/fr/villa-w.en-gb.html?aid=304142&label=gen173nr-1FCAQoggJCDXNlYXJjaF9jYXNzaXNIM1gEaE2IAQGYAQm4AQrIAQXYAQHoAQH4AQOIAgGoAgO4AprN0LgGwAIB0gIkODUyNmExMzktYjg1Zi00MmIxLWE5NDctNWNhODk1OTk5YjFh2AIF4AIB&ucfs=1&arphpl=1&group_adults=2&req_adults=2&no_rooms=1&group_children=0&req_children=0&hpos=11&hapos=11&sr_order=popularity&srpvid=e751980dc001003e&srepoch=1729373851&from=searchresults,9.0,"Located just 500 metres from the harbour in Cassis, Villa W features a swimming pool, a spa, a sauna and a fitness room. The stylish apartments include free Wi-Fi access. ",Cassis,43.21884421,5.53340793
296,"AQUARIUS IN CASSIS, Chambres d'Hôtes",https://www.booking.com/hotel/fr/aquarius-in-cassis-chambres-d-hotes.en-gb.html?aid=304142&label=gen173nr-1FCAQoggJCDXNlYXJjaF9jYXNzaXNIM1gEaE2IAQGYAQm4AQrIAQXYAQHoAQH4AQOIAgGoAgO4AprN0LgGwAIB0gIkODUyNmExMzktYjg1Zi00MmIxLWE5NDctNWNhODk1OTk5YjFh2AIF4AIB&ucfs=1&arphpl=1&group_adults=2&req_adults=2&no_rooms=1&group_children=0&req_children=0&hpos=10&hapos=10&sr_order=popularity&srpvid=e751980dc001003e&srepoch=1729373851&from_sustainable_property_sr=1&from=searchresults,9.4,"Featuring pool with a view and views of mountain, AQUARIUS IN CASSIS, Chambres d'Hôtes is a recently renovated guest house set in Cassis, 1.2 km from Bestouan. ",Cassis,43.2223547,5.5345386
297,Vue de rêve,https://www.booking.com/hotel/fr/vue-de-reve.en-gb.html?aid=304142&label=gen173nr-1FCAQoggJCDXNlYXJjaF9jYXNzaXNIM1gEaE2IAQGYAQm4AQrIAQXYAQHoAQH4AQOIAgGoAgO4AprN0LgGwAIB0gIkODUyNmExMzktYjg1Zi00MmIxLWE5NDctNWNhODk1OTk5YjFh2AIF4AIB&ucfs=1&arphpl=1&group_adults=2&req_adults=2&no_rooms=1&group_children=0&req_children=0&hpos=9&hapos=9&sr_order=popularity&srpvid=e751980dc001003e&srepoch=1729373851&from=searchresults,8.3,"Offering free WiFi and city views, Vue de rêve is an accommodation located in Cassis, just 300 metres from Bestouan and 700 metres from Grande Mer. ",Cassis,43.2142373,5.5346136
298,Entre Ciel et Mer Appartement Cassis,https://www.booking.com/hotel/fr/spacious-apartment-with-large-terrace-and-sea-view.en-gb.html?aid=304142&label=gen173nr-1FCAQoggJCDXNlYXJjaF9jYXNzaXNIM1gEaE2IAQGYAQm4AQrIAQXYAQHoAQH4AQOIAgGoAgO4AprN0LgGwAIB0gIkODUyNmExMzktYjg1Zi00MmIxLWE5NDctNWNhODk1OTk5YjFh2AIF4AIB&ucfs=1&arphpl=1&group_adults=2&req_adults=2&no_rooms=1&group_children=0&req_children=0&hpos=8&hapos=8&sr_order=popularity&srpvid=e751980dc001003e&srepoch=1729373851&from=searchresults,9.5,"Entre Ciel et Mer Appartement Cassis is set in Cassis, 1.2 km from Anse de Corton Beach, 20 km from Orange Velodrome Stadium, as well as 20 km from Rond-Point du Prado Metro Station. ",Cassis,43.214407,5.534905
299,HPC Suites - Parking Gratuit & Piscine Chauffée,https://www.booking.com/hotel/fr/hpc-suites.en-gb.html?aid=304142&label=gen173nr-1FCAQoggJCDXNlYXJjaF9jYXNzaXNIM1gEaE2IAQGYAQm4AQrIAQXYAQHoAQH4AQOIAgGoAgO4AprN0LgGwAIB0gIkODUyNmExMzktYjg1Zi00MmIxLWE5NDctNWNhODk1OTk5YjFh2AIF4AIB&ucfs=1&arphpl=1&group_adults=2&req_adults=2&no_rooms=1&group_children=0&req_children=0&hpos=7&hapos=7&sr_order=popularity&srpvid=e751980dc001003e&srepoch=1729373851&from=searchresults,9.2,"Offering a shared outdoor pool with a terrace and views of the sea, HPC Suites - Parking Gratuit & Piscine Chauffée is situated in a 4000 metres² park in the centre of Cassis. ",Cassis,43.21644024,5.54174572
300,LE SEPT charmant studio aux portes des calanques,https://www.booking.com/hotel/fr/le-sept-charmant-studio-aux-portes-des-calanques.en-gb.html?aid=304142&label=gen173nr-1FCAQoggJCDXNlYXJjaF9jYXNzaXNIM1gEaE2IAQGYAQm4AQrIAQXYAQHoAQH4AQOIAgGoAgO4AprN0LgGwAIB0gIkODUyNmExMzktYjg1Zi00MmIxLWE5NDctNWNhODk1OTk5YjFh2AIF4AIB&ucfs=1&arphpl=1&group_adults=2&req_adults=2&no_rooms=1&group_children=0&req_children=0&hpos=6&hapos=6&sr_order=popularity&srpvid=e751980dc001003e&srepoch=1729373851&from_sustainable_property_sr=1&from=searchresults,9.8,"Set in Cassis, LE SEPT charmant studio aux portes des calanques offers accommodation with private pool, free WiFi and free private parking for guests who drive. ",Cassis,43.2175997,5.53235
301,"Magnifique Appartement à Cassis,Parking,2 pas du Port",https://www.booking.com/hotel/fr/magnifique-appartement-cassis-pres-du-port.en-gb.html?aid=304142&label=gen173nr-1FCAQoggJCDXNlYXJjaF9jYXNzaXNIM1gEaE2IAQGYAQm4AQrIAQXYAQHoAQH4AQOIAgGoAgO4AprN0LgGwAIB0gIkODUyNmExMzktYjg1Zi00MmIxLWE5NDctNWNhODk1OTk5YjFh2AIF4AIB&ucfs=1&arphpl=1&group_adults=2&req_adults=2&no_rooms=1&group_children=0&req_children=0&hpos=5&hapos=5&sr_order=popularity&srpvid=e751980dc001003e&srepoch=1729373851&from_sustainable_property_sr=1&from=searchresults,9.3,"Situated in Cassis, 500 metres from Grande Mer and 700 metres from Bestouan, Magnifique Appartement à Cassis, Parking,2 pas du Port offers air conditioning. ",Cassis,43.216323,5.536496
302,LE CLOS DES ARÔMES,https://www.booking.com/hotel/fr/le-clos-des-aromes-cassis.en-gb.html?aid=304142&label=gen173nr-1FCAQoggJCDXNlYXJjaF9jYXNzaXNIM1gEaE2IAQGYAQm4AQrIAQXYAQHoAQH4AQOIAgGoAgO4AprN0LgGwAIB0gIkODUyNmExMzktYjg1Zi00MmIxLWE5NDctNWNhODk1OTk5YjFh2AIF4AIB&ucfs=1&arphpl=1&group_adults=2&req_adults=2&no_rooms=1&group_children=0&req_children=0&hpos=4&hapos=4&sr_order=popularity&srpvid=e751980dc001003e&srepoch=1729373851&from=searchresults,8.7,"Located in Cassis, 500 metres from Grande Mer, LE CLOS DES ARÔMES provides accommodation with a garden, private parking, a terrace and a restaurant. ",Cassis,43.21621735,5.53802689
303,Mistral gagnant - parking privé,https://www.booking.com/hotel/fr/mistral-gagnant-cassis.en-gb.html?aid=304142&label=gen173nr-1FCAQoggJCDXNlYXJjaF9jYXNzaXNIM1gEaE2IAQGYAQm4AQrIAQXYAQHoAQH4AQOIAgGoAgO4AprN0LgGwAIB0gIkODUyNmExMzktYjg1Zi00MmIxLWE5NDctNWNhODk1OTk5YjFh2AIF4AIB&ucfs=1&arphpl=1&group_adults=2&req_adults=2&no_rooms=1&group_children=0&req_children=0&hpos=3&hapos=3&sr_order=popularity&srpvid=e751980dc001003e&srepoch=1729373851&from=searchresults,9.5,"Boasting air-conditioned accommodation with a balcony, Mistral gagnant - parking privé is situated in Cassis. This property offers access to a terrace and free private parking. ",Cassis,43.2160986,5.5378404
304,Best Western Hotel & SPA Coeur De Cassis,https://www.booking.com/hotel/fr/du-grand-jardin.en-gb.html?aid=304142&label=gen173nr-1FCAQoggJCDXNlYXJjaF9jYXNzaXNIM1gEaE2IAQGYAQm4AQrIAQXYAQHoAQH4AQOIAgGoAgO4AprN0LgGwAIB0gIkODUyNmExMzktYjg1Zi00MmIxLWE5NDctNWNhODk1OTk5YjFh2AIF4AIB&ucfs=1&arphpl=1&group_adults=2&req_adults=2&no_rooms=1&group_children=0&req_children=0&hpos=2&hapos=2&sr_order=popularity&srpvid=e751980dc001003e&srepoch=1729373851&from=searchresults,8.4,"Located in the center of Cassis, Best Western Hotel & SPA Coeur de Cassis welcomes you 200 meters from the port and 300 meters from the beach. ",Cassis,43.21457326,5.54014698
305,Hotel Le Golfe,https://www.booking.com/hotel/fr/le-golfe-cassis.en-gb.html?aid=304142&label=gen173nr-1FCAQoggJCDXNlYXJjaF9jYXNzaXNIM1gEaE2IAQGYAQm4AQrIAQXYAQHoAQH4AQOIAgGoAgO4AprN0LgGwAIB0gIkODUyNmExMzktYjg1Zi00MmIxLWE5NDctNWNhODk1OTk5YjFh2AIF4AIB&ucfs=1&arphpl=1&group_adults=2&req_adults=2&no_rooms=1&group_children=0&req_children=0&hpos=1&hapos=1&sr_order=popularity&srpvid=e751980dc001003e&srepoch=1729373851&from=searchresults,8.1,"Situated on the fishing port of Cassis, Hotel Le Golfe is just 400 metres from the sandy beach. It features an ice-cream parlour and a shaded terrace overlooking the harbour. ",Cassis,43.21443438,5.53529486
306,"room five - parking, balnéothérapie, place nationale, un havre de paix",https://www.booking.com/hotel/fr/room-five-montauban.en-gb.html?aid=304142&label=gen173nr-1FCAQoggJCEHNlYXJjaF9tb250YXViYW5IM1gEaE2IAQGYAQm4AQrIAQXYAQHoAQH4AQOIAgGoAgO4ApnN0LgGwAIB0gIkMzViYjc3YzEtYWI0Ny00YmNlLTkxMzgtYmFjYjk3MmQ4ZWQ32AIF4AIB&ucfs=1&arphpl=1&group_adults=2&req_adults=2&no_rooms=1&group_children=0&req_children=0&hpos=24&hapos=24&sr_order=popularity&srpvid=5f36980c3276027d&srepoch=1729373850&from=searchresults,9.5,"Featuring a spa bath, room five - parking, balnéothérapie, place nationale, un havre de paix is situated in Montauban. This 4-star apartment offers a lift, full-day security and free WiFi. ",Montauban,44.01774544,1.35399336
307,Sublime cocon pour 2 aux portes de la Place Nationale - Proximité immédiate toutes commodités et sites d'intérêts,https://www.booking.com/hotel/fr/appart-place-nationale.en-gb.html?aid=304142&label=gen173nr-1FCAQoggJCEHNlYXJjaF9tb250YXViYW5IM1gEaE2IAQGYAQm4AQrIAQXYAQHoAQH4AQOIAgGoAgO4ApnN0LgGwAIB0gIkMzViYjc3YzEtYWI0Ny00YmNlLTkxMzgtYmFjYjk3MmQ4ZWQ32AIF4AIB&ucfs=1&arphpl=1&group_adults=2&req_adults=2&no_rooms=1&group_children=0&req_children=0&hpos=23&hapos=23&sr_order=popularity&srpvid=5f36980c3276027d&srepoch=1729373850&from_sustainable_property_sr=1&from=searchresults,8.5,"A recently renovated apartment, Sublime cocon pour 2 aux portes de la Place Nationale - Proximité immédiate toutes commodités et sites d'intérêts offers accommodation in Montauban. ",Montauban,44.0186177,1.3543484
308,Sure Hotel by Best Western Les Portes de Montauban,https://www.booking.com/hotel/fr/sure-by-best-western-les-portes-de-montauban.en-gb.html?aid=304142&label=gen173nr-1FCAQoggJCEHNlYXJjaF9tb250YXViYW5IM1gEaE2IAQGYAQm4AQrIAQXYAQHoAQH4AQOIAgGoAgO4ApnN0LgGwAIB0gIkMzViYjc3YzEtYWI0Ny00YmNlLTkxMzgtYmFjYjk3MmQ4ZWQ32AIF4AIB&ucfs=1&arphpl=1&group_adults=2&req_adults=2&no_rooms=1&group_children=0&req_children=0&hpos=22&hapos=22&sr_order=popularity&srpvid=5f36980c3276027d&srepoch=1729373850&from_sustainable_property_sr=1&from=searchresults,8.7,,Montauban,43.93628721,1.32209783
309,Brit Hotel Confort Montauban,https://www.booking.com/hotel/fr/deltour-montauban-city.en-gb.html?aid=304142&label=gen173nr-1FCAQoggJCEHNlYXJjaF9tb250YXViYW5IM1gEaE2IAQGYAQm4AQrIAQXYAQHoAQH4AQOIAgGoAgO4ApnN0LgGwAIB0gIkMzViYjc3YzEtYWI0Ny00YmNlLTkxMzgtYmFjYjk3MmQ4ZWQ32AIF4AIB&ucfs=1&arphpl=1&group_adults=2&req_adults=2&no_rooms=1&group_children=0&req_children=0&hpos=21&hapos=21&sr_order=popularity&srpvid=5f36980c3276027d&srepoch=1729373850&from_sustainable_property_sr=1&from=searchresults,8.0,"Brit Hotel Confort Montauban is located south of Montauban City, 300 metres from junction 66 of the A20 motorway. It offers air-conditioned guestrooms with LCD cable TV and free Wi-Fi. ",Montauban,43.98081084,1.33039445
310,Manoir de la Gravette,https://www.booking.com/hotel/fr/le-manoir-de-la-gravette.en-gb.html?aid=304142&label=gen173nr-1FCAQoggJCEHNlYXJjaF9tb250YXViYW5IM1gEaE2IAQGYAQm4AQrIAQXYAQHoAQH4AQOIAgGoAgO4ApnN0LgGwAIB0gIkMzViYjc3YzEtYWI0Ny00YmNlLTkxMzgtYmFjYjk3MmQ4ZWQ32AIF4AIB&ucfs=1&arphpl=1&group_adults=2&req_adults=2&no_rooms=1&group_children=0&req_children=0&hpos=20&hapos=20&sr_order=popularity&srpvid=5f36980c3276027d&srepoch=1729373850&from_sustainable_property_sr=1&from=searchresults,9.5,"Le Manoir de la Gravette features a seasonal outdoor swimming pool, a bar and shared lounge in Montauban. Among the various facilities are a 1-hectare park and a terrace. ",Montauban,44.04904337,1.34388352
311,Studio Tamaris au coeur historique de Montauban,https://www.booking.com/hotel/fr/studio-tamaris-au-coeur-historique-de-montauban.en-gb.html?aid=304142&label=gen173nr-1FCAQoggJCEHNlYXJjaF9tb250YXViYW5IM1gEaE2IAQGYAQm4AQrIAQXYAQHoAQH4AQOIAgGoAgO4ApnN0LgGwAIB0gIkMzViYjc3YzEtYWI0Ny00YmNlLTkxMzgtYmFjYjk3MmQ4ZWQ32AIF4AIB&ucfs=1&arphpl=1&group_adults=2&req_adults=2&no_rooms=1&group_children=0&req_children=0&hpos=19&hapos=19&sr_order=popularity&srpvid=5f36980c3276027d&srepoch=1729373850&from=searchresults,8.9,Studio Tamaris au coeur historique de Montauban is located in Montauban. ,Montauban,44.01702,1.3545639
312,Studio plein Sud au calme,https://www.booking.com/hotel/fr/studios-plein-sud-au-calme.en-gb.html?aid=304142&label=gen173nr-1FCAQoggJCEHNlYXJjaF9tb250YXViYW5IM1gEaE2IAQGYAQm4AQrIAQXYAQHoAQH4AQOIAgGoAgO4ApnN0LgGwAIB0gIkMzViYjc3YzEtYWI0Ny00YmNlLTkxMzgtYmFjYjk3MmQ4ZWQ32AIF4AIB&ucfs=1&arphpl=1&group_adults=2&req_adults=2&no_rooms=1&group_children=0&req_children=0&hpos=18&hapos=18&sr_order=popularity&srpvid=5f36980c3276027d&srepoch=1729373850&from=searchresults,9.3,"A recently renovated apartment set in Montauban, Studio plein Sud au calme features a garden. There is a private entrance at the apartment for the convenience of those who stay. ",Montauban,44.0077748,1.3266783
313,"La Halte Occitane - Pour 6 personnes, 3 chambres, parking, terrasse, tout inclus",https://www.booking.com/hotel/fr/beau-t4-tout-neuf-amp-tout-inclus.en-gb.html?aid=304142&label=gen173nr-1FCAQoggJCEHNlYXJjaF9tb250YXViYW5IM1gEaE2IAQGYAQm4AQrIAQXYAQHoAQH4AQOIAgGoAgO4ApnN0LgGwAIB0gIkMzViYjc3YzEtYWI0Ny00YmNlLTkxMzgtYmFjYjk3MmQ4ZWQ32AIF4AIB&ucfs=1&arphpl=1&group_adults=2&req_adults=2&no_rooms=1&group_children=0&req_children=0&hpos=17&hapos=17&sr_order=popularity&srpvid=5f36980c3276027d&srepoch=1729373850&from_sustainable_property_sr=1&from=searchresults,9.6,"Featuring air-conditioned accommodation with a patio, La Halte Occitane - Pour 6 personnes, 3 chambres, parking, terrasse, tout inclus is set in Montauban. ",Montauban,44.01506802,1.31544556
314,L’appartement de Manon,https://www.booking.com/hotel/fr/appartement-de-manon-montauban.en-gb.html?aid=304142&label=gen173nr-1FCAQoggJCEHNlYXJjaF9tb250YXViYW5IM1gEaE2IAQGYAQm4AQrIAQXYAQHoAQH4AQOIAgGoAgO4ApnN0LgGwAIB0gIkMzViYjc3YzEtYWI0Ny00YmNlLTkxMzgtYmFjYjk3MmQ4ZWQ32AIF4AIB&ucfs=1&arphpl=1&group_adults=2&req_adults=2&no_rooms=1&group_children=0&req_children=0&hpos=16&hapos=16&sr_order=popularity&srpvid=5f36980c3276027d&srepoch=1729373850&from=searchresults,8.8,L’appartement de Manon is located in Montauban. The property features inner courtyard views. Free WiFi is available throughout the property. ,Montauban,44.01682795,1.3424565
315,Le Paisible - Cœur historique - Terrasse,https://www.booking.com/hotel/fr/le-paisible-coeur-historique-terrasse.en-gb.html?aid=304142&label=gen173nr-1FCAQoggJCEHNlYXJjaF9tb250YXViYW5IM1gEaE2IAQGYAQm4AQrIAQXYAQHoAQH4AQOIAgGoAgO4ApnN0LgGwAIB0gIkMzViYjc3YzEtYWI0Ny00YmNlLTkxMzgtYmFjYjk3MmQ4ZWQ32AIF4AIB&ucfs=1&arphpl=1&group_adults=2&req_adults=2&no_rooms=1&group_children=0&req_children=0&hpos=15&hapos=15&sr_order=popularity&srpvid=5f36980c3276027d&srepoch=1729373850&from=searchresults,9.0,"Set in Montauban in the Midi-Pyrénées region, Le Paisible - Cœur historique - Terrasse has a terrace. Free WiFi is at guests' disposal throughout the property. ",Montauban,44.0188131,1.3532097
316,La croisée des chemins,https://www.booking.com/hotel/fr/appart-de-l-impasse-n1-centre-ville-et-parking.en-gb.html?aid=304142&label=gen173nr-1FCAQoggJCEHNlYXJjaF9tb250YXViYW5IM1gEaE2IAQGYAQm4AQrIAQXYAQHoAQH4AQOIAgGoAgO4ApnN0LgGwAIB0gIkMzViYjc3YzEtYWI0Ny00YmNlLTkxMzgtYmFjYjk3MmQ4ZWQ32AIF4AIB&ucfs=1&arphpl=1&group_adults=2&req_adults=2&no_rooms=1&group_children=0&req_children=0&hpos=14&hapos=14&sr_order=popularity&srpvid=5f36980c3276027d&srepoch=1729373850&from=searchresults,8.4,La croisée des chemins offers accommodation in Montauban. Both free WiFi and parking on-site are accessible at the apartment free of charge. Guests can access the apartment via private entrance. ,Montauban,44.0131966,1.35501863
317,B&B HOTEL Montauban,https://www.booking.com/hotel/fr/b-amp-b-montauban.en-gb.html?aid=304142&label=gen173nr-1FCAQoggJCEHNlYXJjaF9tb250YXViYW5IM1gEaE2IAQGYAQm4AQrIAQXYAQHoAQH4AQOIAgGoAgO4ApnN0LgGwAIB0gIkMzViYjc3YzEtYWI0Ny00YmNlLTkxMzgtYmFjYjk3MmQ4ZWQ32AIF4AIB&ucfs=1&arphpl=1&group_adults=2&req_adults=2&no_rooms=1&group_children=0&req_children=0&hpos=13&hapos=13&sr_order=popularity&srpvid=5f36980c3276027d&srepoch=1729373850&from=searchresults,7.8,"Hôtel B&B Montauban is located north of Montauban, a 50-minute drive from the centre of Toulouse, a 65-minute drive from the Aveyron gorges and a 45-minute drive from Cahors. ",Montauban,44.04011965,1.3860239
318,"""Le Cocon"" 4 Pers - Neuf et Confortable - So Cozy",https://www.booking.com/hotel/fr/cosy-red.en-gb.html?aid=304142&label=gen173nr-1FCAQoggJCEHNlYXJjaF9tb250YXViYW5IM1gEaE2IAQGYAQm4AQrIAQXYAQHoAQH4AQOIAgGoAgO4ApnN0LgGwAIB0gIkMzViYjc3YzEtYWI0Ny00YmNlLTkxMzgtYmFjYjk3MmQ4ZWQ32AIF4AIB&ucfs=1&arphpl=1&group_adults=2&req_adults=2&no_rooms=1&group_children=0&req_children=0&hpos=12&hapos=12&sr_order=popularity&srpvid=5f36980c3276027d&srepoch=1729373850&from=searchresults,8.9,"Set in Montauban in the Midi-Pyrénées region, ""Le Cocon"" 4 Pers - Neuf et Confortable - So Cozy offers accommodation with free WiFi. ",Montauban,44.013431,1.3609724
319,"Castel Bois Marie, Maison d'hôtes",https://www.booking.com/hotel/fr/castel-bois-marie.en-gb.html?aid=304142&label=gen173nr-1FCAQoggJCEHNlYXJjaF9tb250YXViYW5IM1gEaE2IAQGYAQm4AQrIAQXYAQHoAQH4AQOIAgGoAgO4ApnN0LgGwAIB0gIkMzViYjc3YzEtYWI0Ny00YmNlLTkxMzgtYmFjYjk3MmQ4ZWQ32AIF4AIB&ucfs=1&arphpl=1&group_adults=2&req_adults=2&no_rooms=1&group_children=0&req_children=0&hpos=11&hapos=11&sr_order=popularity&srpvid=5f36980c3276027d&srepoch=1729373850&from_sustainable_property_sr=1&from=searchresults,9.1,"Featuring pool views, Castel Bois Marie, Maison d'hôtes is set in Montauban, around 50 km from Amphitheatre Purpan-Ancely. This guest house features a private pool, a garden and free private parking. ",Montauban,43.979174,1.309142
320,Vanille Bourbon,https://www.booking.com/hotel/fr/vanille-bourbon.en-gb.html?aid=304142&label=gen173nr-1FCAQoggJCEHNlYXJjaF9tb250YXViYW5IM1gEaE2IAQGYAQm4AQrIAQXYAQHoAQH4AQOIAgGoAgO4ApnN0LgGwAIB0gIkMzViYjc3YzEtYWI0Ny00YmNlLTkxMzgtYmFjYjk3MmQ4ZWQ32AIF4AIB&ucfs=1&arphpl=1&group_adults=2&req_adults=2&no_rooms=1&group_children=0&req_children=0&hpos=10&hapos=10&sr_order=popularity&srpvid=5f36980c3276027d&srepoch=1729373850&from=searchresults,9.1,"Situated within 50 km of Amphitheatre Purpan-Ancely in Montauban, Vanille Bourbon offers accommodation with seating area. The property has city views. ",Montauban,44.01324,1.344591
321,Studio Meublé Tout Confort,https://www.booking.com/hotel/fr/studio-meuble-tout-confort-montauban.en-gb.html?aid=304142&label=gen173nr-1FCAQoggJCEHNlYXJjaF9tb250YXViYW5IM1gEaE2IAQGYAQm4AQrIAQXYAQHoAQH4AQOIAgGoAgO4ApnN0LgGwAIB0gIkMzViYjc3YzEtYWI0Ny00YmNlLTkxMzgtYmFjYjk3MmQ4ZWQ32AIF4AIB&ucfs=1&arphpl=1&group_adults=2&req_adults=2&no_rooms=1&group_children=0&req_children=0&hpos=9&hapos=9&sr_order=popularity&srpvid=5f36980c3276027d&srepoch=1729373850&from=searchresults,8.4,"Studio Meublé Tout Confort is located in Montauban. With free WiFi, this 1-bedroom apartment provides a flat-screen TV and a kitchen with an oven and microwave. ",Montauban,44.0188971,1.3522876
322,Abbaye des Capucins Spa & Resort,https://www.booking.com/hotel/fr/abbaye-des-capucins-spa-and-resort.en-gb.html?aid=304142&label=gen173nr-1FCAQoggJCEHNlYXJjaF9tb250YXViYW5IM1gEaE2IAQGYAQm4AQrIAQXYAQHoAQH4AQOIAgGoAgO4ApnN0LgGwAIB0gIkMzViYjc3YzEtYWI0Ny00YmNlLTkxMzgtYmFjYjk3MmQ4ZWQ32AIF4AIB&ucfs=1&arphpl=1&group_adults=2&req_adults=2&no_rooms=1&group_children=0&req_children=0&hpos=8&hapos=8&sr_order=popularity&srpvid=5f36980c3276027d&srepoch=1729373850&from_sustainable_property_sr=1&from=searchresults,8.5,"Abbaye des Capucins Spa & Resort is located in Montauban, a 30-minute drive from Toulouse. It offers free access to the outdoor pool, spa centre and fitness room with cardio gym equipment. ",Montauban,44.02054293,1.34956688
323,Résidence Richelieu,https://www.booking.com/hotel/fr/residence-richelieu-montauban.en-gb.html?aid=304142&label=gen173nr-1FCAQoggJCEHNlYXJjaF9tb250YXViYW5IM1gEaE2IAQGYAQm4AQrIAQXYAQHoAQH4AQOIAgGoAgO4ApnN0LgGwAIB0gIkMzViYjc3YzEtYWI0Ny00YmNlLTkxMzgtYmFjYjk3MmQ4ZWQ32AIF4AIB&ucfs=1&arphpl=1&group_adults=2&req_adults=2&no_rooms=1&group_children=0&req_children=0&hpos=7&hapos=7&sr_order=popularity&srpvid=5f36980c3276027d&srepoch=1729373850&from=searchresults,8.8,"Set in Montauban in the Midi-Pyrénées region, Résidence Richelieu has a balcony and inner courtyard views. ",Montauban,44.0185782,1.3528926
324,En toute intimité dans le centre historique,https://www.booking.com/hotel/fr/en-toute-intimite-dans-le-centre-historique.en-gb.html?aid=304142&label=gen173nr-1FCAQoggJCEHNlYXJjaF9tb250YXViYW5IM1gEaE2IAQGYAQm4AQrIAQXYAQHoAQH4AQOIAgGoAgO4ApnN0LgGwAIB0gIkMzViYjc3YzEtYWI0Ny00YmNlLTkxMzgtYmFjYjk3MmQ4ZWQ32AIF4AIB&ucfs=1&arphpl=1&group_adults=2&req_adults=2&no_rooms=1&group_children=0&req_children=0&hpos=6&hapos=6&sr_order=popularity&srpvid=5f36980c3276027d&srepoch=1729373850&from=searchresults,9.1,En toute intimité dans le centre historique is situated in Montauban. The property has quiet street views. ,Montauban,44.0175635,1.3551575
325,"Chez Juliette, proche Place Nationale avec parking",https://www.booking.com/hotel/fr/chez-juliette-close-to-place-nationale-amp-parking.en-gb.html?aid=304142&label=gen173nr-1FCAQoggJCEHNlYXJjaF9tb250YXViYW5IM1gEaE2IAQGYAQm4AQrIAQXYAQHoAQH4AQOIAgGoAgO4ApnN0LgGwAIB0gIkMzViYjc3YzEtYWI0Ny00YmNlLTkxMzgtYmFjYjk3MmQ4ZWQ32AIF4AIB&ucfs=1&arphpl=1&group_adults=2&req_adults=2&no_rooms=1&group_children=0&req_children=0&hpos=5&hapos=5&sr_order=popularity&srpvid=5f36980c3276027d&srepoch=1729373850&from=searchresults,9.5,"Set in Montauban in the Midi-Pyrénées region, Chez Juliette, proche Place Nationale avec parking offers accommodation with free WiFi and free private parking. The property features city views. ",Montauban,44.0180363,1.3548583
326,LOFT 40 m2 avec parking,https://www.booking.com/hotel/fr/studio-40-m2-avec-parking.en-gb.html?aid=304142&label=gen173nr-1FCAQoggJCEHNlYXJjaF9tb250YXViYW5IM1gEaE2IAQGYAQm4AQrIAQXYAQHoAQH4AQOIAgGoAgO4ApnN0LgGwAIB0gIkMzViYjc3YzEtYWI0Ny00YmNlLTkxMzgtYmFjYjk3MmQ4ZWQ32AIF4AIB&ucfs=1&arphpl=1&group_adults=2&req_adults=2&no_rooms=1&group_children=0&req_children=0&hpos=4&hapos=4&sr_order=popularity&srpvid=5f36980c3276027d&srepoch=1729373850&from_sustainable_property_sr=1&from=searchresults,9.1,"LOFT 40 m2 avec parking is set in Montauban. This apartment offers free private parking, a lift and free WiFi. The apartment has beauty services and full-day security. ",Montauban,44.01633137,1.34679784
327,Hôtel du Commerce,https://www.booking.com/hotel/fr/hotel-du-commerce-montauban.en-gb.html?aid=304142&label=gen173nr-1FCAQoggJCEHNlYXJjaF9tb250YXViYW5IM1gEaE2IAQGYAQm4AQrIAQXYAQHoAQH4AQOIAgGoAgO4ApnN0LgGwAIB0gIkMzViYjc3YzEtYWI0Ny00YmNlLTkxMzgtYmFjYjk3MmQ4ZWQ32AIF4AIB&ucfs=1&arphpl=1&group_adults=2&req_adults=2&no_rooms=1&group_children=0&req_children=0&hpos=3&hapos=3&sr_order=popularity&srpvid=5f36980c3276027d&srepoch=1729373850&from=searchresults,8.3,"Located in the centre of Montauban, Hôtel du Commerce offers soundproofed guest rooms set in a renovated, 18th-century house with a lift. ",Montauban,44.01542573,1.35407299
328,L'authentique,https://www.booking.com/hotel/fr/authentique-montauban1.en-gb.html?aid=304142&label=gen173nr-1FCAQoggJCEHNlYXJjaF9tb250YXViYW5IM1gEaE2IAQGYAQm4AQrIAQXYAQHoAQH4AQOIAgGoAgO4ApnN0LgGwAIB0gIkMzViYjc3YzEtYWI0Ny00YmNlLTkxMzgtYmFjYjk3MmQ4ZWQ32AIF4AIB&ucfs=1&arphpl=1&group_adults=2&req_adults=2&no_rooms=1&group_children=0&req_children=0&hpos=2&hapos=2&sr_order=popularity&srpvid=5f36980c3276027d&srepoch=1729373850&from=searchresults,9.6,"A recently renovated apartment, L'authentique offers accommodation in Montauban. Free WiFi is included throughout the property. ",Montauban,44.01751995,1.35570879
329,Dali Hôtel Montauban,https://www.booking.com/hotel/fr/dali-montauban.en-gb.html?aid=304142&label=gen173nr-1FCAQoggJCEHNlYXJjaF9tb250YXViYW5IM1gEaE2IAQGYAQm4AQrIAQXYAQHoAQH4AQOIAgGoAgO4ApnN0LgGwAIB0gIkMzViYjc3YzEtYWI0Ny00YmNlLTkxMzgtYmFjYjk3MmQ4ZWQ32AIF4AIB&ucfs=1&arphpl=1&group_adults=2&req_adults=2&no_rooms=1&group_children=0&req_children=0&hpos=1&hapos=1&sr_order=popularity&srpvid=5f36980c3276027d&srepoch=1729373850&from_sustainable_property_sr=1&from=searchresults,9.1,Dali Hôtel Montauban features a terrace and a restaurant in Montauban. ,Montauban,44.02099556,1.34924001
330,Résidence Biarritz Ocean,https://www.booking.com/hotel/fr/biarritz-ocean.en-gb.html?aid=304142&label=gen173nr-1FCAQoggJCD3NlYXJjaF9iaWFycml0ekgzWARoTYgBAZgBCbgBCsgBBdgBAegBAfgBA4gCAagCA7gCmM3QuAbAAgHSAiQ2YzFiNzc3Zi1iZjEyLTRhYmYtYTFiZC03YzgwNzQ1NjgzNzTYAgXgAgE&ucfs=1&arphpl=1&group_adults=2&req_adults=2&no_rooms=1&group_children=0&req_children=0&hpos=24&hapos=24&sr_order=popularity&srpvid=ca84980c9180007d&srepoch=1729373849&from=searchresults,8.4,"Résidence Biarritz Ocean is located in the heart of Biarritz, just 400 metres from the famous beach, la Grande Plage and 240 metres from Biarritz’s casino. ",Biarritz,43.48040601,
331,Studio Arché - Welkeys,https://www.booking.com/hotel/fr/large-studio-design-w-47-balcony-at-the-heart-of-biarritz-welkeys.en-gb.html?aid=304142&label=gen173nr-1FCAQoggJCD3NlYXJjaF9iaWFycml0ekgzWARoTYgBAZgBCbgBCsgBBdgBAegBAfgBA4gCAagCA7gCmM3QuAbAAgHSAiQ2YzFiNzc3Zi1iZjEyLTRhYmYtYTFiZC03YzgwNzQ1NjgzNzTYAgXgAgE&ucfs=1&arphpl=1&group_adults=2&req_adults=2&no_rooms=1&group_children=0&req_children=0&hpos=23&hapos=23&sr_order=popularity&srpvid=ca84980c9180007d&srepoch=1729373849&from=searchresults,8.5,"Studio Arché - Welkeys features a balcony and is located in Biarritz, within just 200 metres of Plage Pêcheurs and 700 metres of Cote des Basques Beach. ",Biarritz,43.4826292,
332,Hôtel Le Windsor Biarritz,https://www.booking.com/hotel/fr/inter-windsor.en-gb.html?aid=304142&label=gen173nr-1FCAQoggJCD3NlYXJjaF9iaWFycml0ekgzWARoTYgBAZgBCbgBCsgBBdgBAegBAfgBA4gCAagCA7gCmM3QuAbAAgHSAiQ2YzFiNzc3Zi1iZjEyLTRhYmYtYTFiZC03YzgwNzQ1NjgzNzTYAgXgAgE&ucfs=1&arphpl=1&group_adults=2&req_adults=2&no_rooms=1&group_children=0&req_children=0&hpos=22&hapos=22&sr_order=popularity&srpvid=ca84980c9180007d&srepoch=1729373849&from_sustainable_property_sr=1&from=searchresults,8.3,,Biarritz,43.48437426,
333,Studio Tercio - Welkeys,https://www.booking.com/hotel/fr/beautiful-studio-near-beach-and-town-center-in-biarritz-welkeys.en-gb.html?aid=304142&label=gen173nr-1FCAQoggJCD3NlYXJjaF9iaWFycml0ekgzWARoTYgBAZgBCbgBCsgBBdgBAegBAfgBA4gCAagCA7gCmM3QuAbAAgHSAiQ2YzFiNzc3Zi1iZjEyLTRhYmYtYTFiZC03YzgwNzQ1NjgzNzTYAgXgAgE&ucfs=1&arphpl=1&group_adults=2&req_adults=2&no_rooms=1&group_children=0&req_children=0&hpos=21&hapos=21&sr_order=popularity&srpvid=ca84980c9180007d&srepoch=1729373849&from=searchresults,8.1,"Offering city views, Studio Tercio - Welkeys is an accommodation located in Biarritz, 700 metres from Plage Miramar and less than 1 km from Plage Pêcheurs. ",Biarritz,43.48497,
334,Hôtel Parc Mazon-Biarritz,https://www.booking.com/hotel/fr/baron-de-biarritz.en-gb.html?aid=304142&label=gen173nr-1FCAQoggJCD3NlYXJjaF9iaWFycml0ekgzWARoTYgBAZgBCbgBCsgBBdgBAegBAfgBA4gCAagCA7gCmM3QuAbAAgHSAiQ2YzFiNzc3Zi1iZjEyLTRhYmYtYTFiZC03YzgwNzQ1NjgzNzTYAgXgAgE&ucfs=1&arphpl=1&group_adults=2&req_adults=2&no_rooms=1&group_children=0&req_children=0&hpos=20&hapos=20&sr_order=popularity&srpvid=ca84980c9180007d&srepoch=1729373849&from_sustainable_property_sr=1&from=searchresults,7.8,"Located in the centre of Biarritz, 450 metres from the beach, Hôtel Parc Mazon-Biarritz has soundproofed accommodation, free Wi-Fi throughout, and newspapers are available free of charge. ",Biarritz,43.47772404,
335,Hôtel AKENA Biarritz - Grande plage,https://www.booking.com/hotel/fr/altess-hotel.en-gb.html?aid=304142&label=gen173nr-1FCAQoggJCD3NlYXJjaF9iaWFycml0ekgzWARoTYgBAZgBCbgBCsgBBdgBAegBAfgBA4gCAagCA7gCmM3QuAbAAgHSAiQ2YzFiNzc3Zi1iZjEyLTRhYmYtYTFiZC03YzgwNzQ1NjgzNzTYAgXgAgE&ucfs=1&arphpl=1&group_adults=2&req_adults=2&no_rooms=1&group_children=0&req_children=0&hpos=19&hapos=19&sr_order=popularity&srpvid=ca84980c9180007d&srepoch=1729373849&from=searchresults,8.2,"The Hotel Hôtel AKENA Biarritz - Grande plage is located just 300 metres from the main beach of Biarritz, close to the town centre. The hotel offers free Wi-Fi internet access. ",Biarritz,43.48534146,
336,Studio Thalmar - Welkeys,https://www.booking.com/hotel/fr/cozy-studio-just-nearby-biarritz-beach.en-gb.html?aid=304142&label=gen173nr-1FCAQoggJCD3NlYXJjaF9iaWFycml0ekgzWARoTYgBAZgBCbgBCsgBBdgBAegBAfgBA4gCAagCA7gCmM3QuAbAAgHSAiQ2YzFiNzc3Zi1iZjEyLTRhYmYtYTFiZC03YzgwNzQ1NjgzNzTYAgXgAgE&ucfs=1&arphpl=1&group_adults=2&req_adults=2&no_rooms=1&group_children=0&req_children=0&hpos=18&hapos=18&sr_order=popularity&srpvid=ca84980c9180007d&srepoch=1729373849&from=searchresults,8.2,"Studio Thalmar - Welkeys has a balcony and is situated in Biarritz, within just 500 metres of Grande Plage and 500 metres of Plage Miramar. ",Biarritz,43.4836116,
337,Hotel Edouard VII,https://www.booking.com/hotel/fr/edouard-vii.en-gb.html?aid=304142&label=gen173nr-1FCAQoggJCD3NlYXJjaF9iaWFycml0ekgzWARoTYgBAZgBCbgBCsgBBdgBAegBAfgBA4gCAagCA7gCmM3QuAbAAgHSAiQ2YzFiNzc3Zi1iZjEyLTRhYmYtYTFiZC03YzgwNzQ1NjgzNzTYAgXgAgE&ucfs=1&arphpl=1&group_adults=2&req_adults=2&no_rooms=1&group_children=0&req_children=0&hpos=17&hapos=17&sr_order=popularity&srpvid=ca84980c9180007d&srepoch=1729373849&from=searchresults,8.9,"Just 5 minutes walking distance from the Biarritz beaches, sits Hotel Edouard VII, a 19th-century residence that combines the charm of yesterday and the comfort of today. ",Biarritz,43.47920322,
338,Grand Tonic Hotel & SPA NUXE,https://www.booking.com/hotel/fr/tonic-hotel-biarritz.en-gb.html?aid=304142&label=gen173nr-1FCAQoggJCD3NlYXJjaF9iaWFycml0ekgzWARoTYgBAZgBCbgBCsgBBdgBAegBAfgBA4gCAagCA7gCmM3QuAbAAgHSAiQ2YzFiNzc3Zi1iZjEyLTRhYmYtYTFiZC03YzgwNzQ1NjgzNzTYAgXgAgE&ucfs=1&arphpl=1&group_adults=2&req_adults=2&no_rooms=1&group_children=0&req_children=0&hpos=16&hapos=16&sr_order=popularity&srpvid=ca84980c9180007d&srepoch=1729373849&from_sustainable_property_sr=1&from=searchresults,7.9," Situated in the seaside town of Biarritz, the Grand Tonic Hotel & SPA Biarritz is only 200 metres from the Grand Plage for a perfect stay on foot. ",Biarritz,43.48447351,
339,Grande Plage - T3 Carlton -70m2,https://www.booking.com/hotel/fr/grande-plage-t3-carlton-70m2-biarritz.en-gb.html?aid=304142&label=gen173nr-1FCAQoggJCD3NlYXJjaF9iaWFycml0ekgzWARoTYgBAZgBCbgBCsgBBdgBAegBAfgBA4gCAagCA7gCmM3QuAbAAgHSAiQ2YzFiNzc3Zi1iZjEyLTRhYmYtYTFiZC03YzgwNzQ1NjgzNzTYAgXgAgE&ucfs=1&arphpl=1&group_adults=2&req_adults=2&no_rooms=1&group_children=0&req_children=0&hpos=15&hapos=15&sr_order=popularity&srpvid=ca84980c9180007d&srepoch=1729373849&from=searchresults,9.8,"Offering sea views, Grande Plage - T3 Carlton -70m2 is an accommodation situated in Biarritz, 300 metres from Plage Miramar and 300 metres from Grande Plage. ",Biarritz,43.48565712,
340,STUDIO Grande Plage de BIARRITZ,https://www.booking.com/hotel/fr/studio-grand-plage-de-biarritz.en-gb.html?aid=304142&label=gen173nr-1FCAQoggJCD3NlYXJjaF9iaWFycml0ekgzWARoTYgBAZgBCbgBCsgBBdgBAegBAfgBA4gCAagCA7gCmM3QuAbAAgHSAiQ2YzFiNzc3Zi1iZjEyLTRhYmYtYTFiZC03YzgwNzQ1NjgzNzTYAgXgAgE&ucfs=1&arphpl=1&group_adults=2&req_adults=2&no_rooms=1&group_children=0&req_children=0&hpos=14&hapos=14&sr_order=popularity&srpvid=ca84980c9180007d&srepoch=1729373849&from_sustainable_property_sr=1&from=searchresults,8.1,"STUDIO Grande Plage de BIARRITZ offers accommodation in Biarritz, 1 km from Rock of the Blessed Virgin and 50 metres from Biarritz Tourist Office. ",Biarritz,43.484017,
341,Hôtel PALMITO,https://www.booking.com/hotel/fr/palym-biarritz.en-gb.html?aid=304142&label=gen173nr-1FCAQoggJCD3NlYXJjaF9iaWFycml0ekgzWARoTYgBAZgBCbgBCsgBBdgBAegBAfgBA4gCAagCA7gCmM3QuAbAAgHSAiQ2YzFiNzc3Zi1iZjEyLTRhYmYtYTFiZC03YzgwNzQ1NjgzNzTYAgXgAgE&ucfs=1&arphpl=1&group_adults=2&req_adults=2&no_rooms=1&group_children=0&req_children=0&hpos=13&hapos=13&sr_order=popularity&srpvid=ca84980c9180007d&srepoch=1729373849&from_sustainable_property_sr=1&from=searchresults,8.6,"Set in the Old Town in Biarritz, this non-smoking hotel is located just 100 metres from the beach. Free Wi-Fi and an LCD TV are provided in the guest rooms. ",Biarritz,43.48205056,
342,Apartment Les Jardins Victoria-2 by Interhome,https://www.booking.com/hotel/fr/apartment-les-jardins-victoria-2-by-interhome.en-gb.html?aid=304142&label=gen173nr-1FCAQoggJCD3NlYXJjaF9iaWFycml0ekgzWARoTYgBAZgBCbgBCsgBBdgBAegBAfgBA4gCAagCA7gCmM3QuAbAAgHSAiQ2YzFiNzc3Zi1iZjEyLTRhYmYtYTFiZC03YzgwNzQ1NjgzNzTYAgXgAgE&ucfs=1&arphpl=1&group_adults=2&req_adults=2&no_rooms=1&group_children=0&req_children=0&hpos=12&hapos=12&sr_order=popularity&srpvid=ca84980c9180007d&srepoch=1729373849&from_sustainable_property_sr=1&from=searchresults,8.6,"Located less than 1 km from Plage Marbella, a 11-minute walk from Plage Milady and 2.8 km from Biarritz La Négresse Train Station, Apartment Les Jardins Victoria-2 by Interhome offers accommodation...",Biarritz,43.4711,
343,Studio Leggia - Welkeys,https://www.booking.com/hotel/fr/nice-calm-studio-w-balcony-in-beaurivage-district-in-biarritz-welkeys.en-gb.html?aid=304142&label=gen173nr-1FCAQoggJCD3NlYXJjaF9iaWFycml0ekgzWARoTYgBAZgBCbgBCsgBBdgBAegBAfgBA4gCAagCA7gCmM3QuAbAAgHSAiQ2YzFiNzc3Zi1iZjEyLTRhYmYtYTFiZC03YzgwNzQ1NjgzNzTYAgXgAgE&ucfs=1&arphpl=1&group_adults=2&req_adults=2&no_rooms=1&group_children=0&req_children=0&hpos=11&hapos=11&sr_order=popularity&srpvid=ca84980c9180007d&srepoch=1729373849&from=searchresults,8.5,"Studio Leggia - Welkeys features a balcony and is located in Biarritz, within just 1 km of Plage Port Vieux and 1.1 km of Plage Pêcheurs. ",Biarritz,43.476466,
344,Résidence Vacances Bleues Le Grand Large,https://www.booking.com/hotel/fr/le-grand-large-biarritz.en-gb.html?aid=304142&label=gen173nr-1FCAQoggJCD3NlYXJjaF9iaWFycml0ekgzWARoTYgBAZgBCbgBCsgBBdgBAegBAfgBA4gCAagCA7gCmM3QuAbAAgHSAiQ2YzFiNzc3Zi1iZjEyLTRhYmYtYTFiZC03YzgwNzQ1NjgzNzTYAgXgAgE&ucfs=1&arphpl=1&group_adults=2&req_adults=2&no_rooms=1&group_children=0&req_children=0&hpos=10&hapos=10&sr_order=popularity&srpvid=ca84980c9180007d&srepoch=1729373849&from_sustainable_property_sr=1&from=searchresults,8.3,"Offering panoramic views of Biarritz Cote des Basques Beach and a heated outdoor swimming pool, Le Grand Large is an aparthotel situated in the heart of Biarritz, just 200 metres from the Old Harbour...",Biarritz,43.48065123,
345,Hôtel Le Saphir,https://www.booking.com/hotel/fr/le-saphir.en-gb.html?aid=304142&label=gen173nr-1FCAQoggJCD3NlYXJjaF9iaWFycml0ekgzWARoTYgBAZgBCbgBCsgBBdgBAegBAfgBA4gCAagCA7gCmM3QuAbAAgHSAiQ2YzFiNzc3Zi1iZjEyLTRhYmYtYTFiZC03YzgwNzQ1NjgzNzTYAgXgAgE&ucfs=1&arphpl=1&group_adults=2&req_adults=2&no_rooms=1&group_children=0&req_children=0&hpos=9&hapos=9&sr_order=popularity&srpvid=ca84980c9180007d&srepoch=1729373849&from=searchresults,8.5,"Le Saphir is located in Biarritz, just 200 metres from the Old Port and the sandy beaches. It offers free Wi-Fi access in each en-suite guest room. ",Biarritz,43.48177906,
346,Studio Marisca - Welkeys,https://www.booking.com/hotel/fr/splendid-studio-with-parking-lot-right-in-the-center-of-biarritz-welkeys.en-gb.html?aid=304142&label=gen173nr-1FCAQoggJCD3NlYXJjaF9iaWFycml0ekgzWARoTYgBAZgBCbgBCsgBBdgBAegBAfgBA4gCAagCA7gCmM3QuAbAAgHSAiQ2YzFiNzc3Zi1iZjEyLTRhYmYtYTFiZC03YzgwNzQ1NjgzNzTYAgXgAgE&ucfs=1&arphpl=1&group_adults=2&req_adults=2&no_rooms=1&group_children=0&req_children=0&hpos=8&hapos=8&sr_order=popularity&srpvid=ca84980c9180007d&srepoch=1729373849&from=searchresults,8.5,"Set in Biarritz in the Aquitaine region, with Plage Pêcheurs and Cote des Basques Beach nearby, Studio Marisca - Welkeys provides accommodation with free private parking. ",Biarritz,43.478673,
347,Nemea Appart Hotel Les Hauts de Milady Biarritz,https://www.booking.com/hotel/fr/nemea-appart-les-hauts-de-milady.en-gb.html?aid=304142&label=gen173nr-1FCAQoggJCD3NlYXJjaF9iaWFycml0ekgzWARoTYgBAZgBCbgBCsgBBdgBAegBAfgBA4gCAagCA7gCmM3QuAbAAgHSAiQ2YzFiNzc3Zi1iZjEyLTRhYmYtYTFiZC03YzgwNzQ1NjgzNzTYAgXgAgE&ucfs=1&arphpl=1&group_adults=2&req_adults=2&no_rooms=1&group_children=0&req_children=0&hpos=7&hapos=7&sr_order=popularity&srpvid=ca84980c9180007d&srepoch=1729373849&from=searchresults,7.6,"Situated 600 metres from Cote des Basques Beach, Nemea Appart Hotel Les Hauts de Milady Biarritz offers 4-star accommodation in Biarritz and has an indoor pool. ",Biarritz,43.4702245,
348,"Maison MAÏTÉ, au cœur de Biarritz",https://www.booking.com/hotel/fr/maison-maite-au-coeur-de-biarritz.en-gb.html?aid=304142&label=gen173nr-1FCAQoggJCD3NlYXJjaF9iaWFycml0ekgzWARoTYgBAZgBCbgBCsgBBdgBAegBAfgBA4gCAagCA7gCmM3QuAbAAgHSAiQ2YzFiNzc3Zi1iZjEyLTRhYmYtYTFiZC03YzgwNzQ1NjgzNzTYAgXgAgE&ucfs=1&arphpl=1&group_adults=2&req_adults=2&no_rooms=1&group_children=0&req_children=0&hpos=6&hapos=6&sr_order=popularity&srpvid=ca84980c9180007d&srepoch=1729373849&from=searchresults,9.4,"Featuring inner courtyard views, Maison MAÏTÉ, au cœur de Biarritz provides accommodation with patio, around 600 metres from Plage Pêcheurs. ",Biarritz,43.48027311,
349,Hôtel Saint James,https://www.booking.com/hotel/fr/saint-james.en-gb.html?aid=304142&label=gen173nr-1FCAQoggJCD3NlYXJjaF9iaWFycml0ekgzWARoTYgBAZgBCbgBCsgBBdgBAegBAfgBA4gCAagCA7gCmM3QuAbAAgHSAiQ2YzFiNzc3Zi1iZjEyLTRhYmYtYTFiZC03YzgwNzQ1NjgzNzTYAgXgAgE&ucfs=1&arphpl=1&group_adults=2&req_adults=2&no_rooms=1&group_children=0&req_children=0&hpos=5&hapos=5&sr_order=popularity&srpvid=ca84980c9180007d&srepoch=1729373849&from=searchresults,8.0,"A 14-room hotel set in a early 20th-century house, Hôtel Saint James is located at the historic centre of Biarritz, just a 5-minute walk from the main beaches, including Côte des Basques and La Grande...",Biarritz,43.48131684,
350,Hôtel Barnea,https://www.booking.com/hotel/fr/hotelargieder.en-gb.html?aid=304142&label=gen173nr-1FCAQoggJCD3NlYXJjaF9iaWFycml0ekgzWARoTYgBAZgBCbgBCsgBBdgBAegBAfgBA4gCAagCA7gCmM3QuAbAAgHSAiQ2YzFiNzc3Zi1iZjEyLTRhYmYtYTFiZC03YzgwNzQ1NjgzNzTYAgXgAgE&ucfs=1&arphpl=1&group_adults=2&req_adults=2&no_rooms=1&group_children=0&req_children=0&hpos=4&hapos=4&sr_order=popularity&srpvid=ca84980c9180007d&srepoch=1729373849&from=searchresults,9.1,"Hotel Hôtel Barnea is located in the centre of Biarritz, just a 3-minute walk from the beach, shops and restaurants. Each soundproofed room has a private bathroom, TV and free Wi-Fi internet access. ",Biarritz,43.48072811,
351,Hôtel Les Baigneuses de Biarritz,https://www.booking.com/hotel/fr/le-caritz.en-gb.html?aid=304142&label=gen173nr-1FCAQoggJCD3NlYXJjaF9iaWFycml0ekgzWARoTYgBAZgBCbgBCsgBBdgBAegBAfgBA4gCAagCA7gCmM3QuAbAAgHSAiQ2YzFiNzc3Zi1iZjEyLTRhYmYtYTFiZC03YzgwNzQ1NjgzNzTYAgXgAgE&ucfs=1&arphpl=1&group_adults=2&req_adults=2&no_rooms=1&group_children=0&req_children=0&hpos=3&hapos=3&sr_order=popularity&srpvid=ca84980c9180007d&srepoch=1729373849&from_sustainable_property_sr=1&from=searchresults,8.1,"Facing the Atlantic Ocean and featuring a terrace, Hôtel Les Baigneuses de Biarritz is located in the heart of Biarritz, just 50 metres from the Plage du Port Vieux. ",Biarritz,43.48230843,
352,Hôtel & Espace Bien-être La Maison du Lierre,https://www.booking.com/hotel/fr/la-maison-du-lierre.en-gb.html?aid=304142&label=gen173nr-1FCAQoggJCD3NlYXJjaF9iaWFycml0ekgzWARoTYgBAZgBCbgBCsgBBdgBAegBAfgBA4gCAagCA7gCmM3QuAbAAgHSAiQ2YzFiNzc3Zi1iZjEyLTRhYmYtYTFiZC03YzgwNzQ1NjgzNzTYAgXgAgE&ucfs=1&arphpl=1&group_adults=2&req_adults=2&no_rooms=1&group_children=0&req_children=0&hpos=2&hapos=2&sr_order=popularity&srpvid=ca84980c9180007d&srepoch=1729373849&from_sustainable_property_sr=1&from=searchresults,8.9,"Hôtel & Espace Bien-être La Maison du Lierre is located in Biarritz, 300 metres from the beach and 5 minutes from the convention centres Bellevue, Casino and Gare du Midi as well as 100 metres from...",Biarritz,43.48013354,
353,Hôtel de La Plage,https://www.booking.com/hotel/fr/de-la-plage-biarritz.en-gb.html?aid=304142&label=gen173nr-1FCAQoggJCD3NlYXJjaF9iaWFycml0ekgzWARoTYgBAZgBCbgBCsgBBdgBAegBAfgBA4gCAagCA7gCmM3QuAbAAgHSAiQ2YzFiNzc3Zi1iZjEyLTRhYmYtYTFiZC03YzgwNzQ1NjgzNzTYAgXgAgE&ucfs=1&arphpl=1&group_adults=2&req_adults=2&no_rooms=1&group_children=0&req_children=0&hpos=1&hapos=1&sr_order=popularity&srpvid=ca84980c9180007d&srepoch=1729373849&from_sustainable_property_sr=1&from=searchresults,9.2,"Situated in Biarritz and facing the ocean, Hôtel de La Plage offers rooms with a flat-screen TV and free Wi-Fi access just 50 metres from the Plage du Vieux Port. ",Biarritz,43.48213327,
354,Hôtel l'Aragon,https://www.booking.com/hotel/fr/l-aragon.en-gb.html?aid=304142&label=gen173nr-1FCAQoggJCEnNlYXJjaF9jYXJjYXNzb25uZUgzWARoTYgBAZgBCbgBCsgBBdgBAegBAfgBA4gCAagCA7gClM3QuAbAAgHSAiQ3Mjc3ZDg3My05YjgxLTQ0NWItODVkYS05YmUwZDJiM2E0MDfYAgXgAgE&ucfs=1&arphpl=1&group_adults=2&req_adults=2&no_rooms=1&group_children=0&req_children=0&hpos=24&hapos=24&sr_order=popularity&srpvid=c826980ab39500d2&srepoch=1729373845&from=searchresults,8.4,"Situated just 50 metres from the historic centre of Carcassone in the Aude region, Hôtel l'Aragon features free WiFi throughout the property. ",Carcassonne,43.20779948,2.36734718
355,La Maison de Jean by Maison Bacou,https://www.booking.com/hotel/fr/la-maison-de-jean-by-maison-bacou.en-gb.html?aid=304142&label=gen173nr-1FCAQoggJCEnNlYXJjaF9jYXJjYXNzb25uZUgzWARoTYgBAZgBCbgBCsgBBdgBAegBAfgBA4gCAagCA7gClM3QuAbAAgHSAiQ3Mjc3ZDg3My05YjgxLTQ0NWItODVkYS05YmUwZDJiM2E0MDfYAgXgAgE&ucfs=1&arphpl=1&group_adults=2&req_adults=2&no_rooms=1&group_children=0&req_children=0&hpos=23&hapos=23&sr_order=popularity&srpvid=c826980ab39500d2&srepoch=1729373845&from=searchresults,8.8,"Featuring an outdoor pool and garden views, La Maison de Jean by Maison Bacou is located in Carcassonne. ",Carcassonne,43.208541,2.362671
356,Tribe Carcassonne,https://www.booking.com/hotel/fr/des-trois-couronnes.en-gb.html?aid=304142&label=gen173nr-1FCAQoggJCEnNlYXJjaF9jYXJjYXNzb25uZUgzWARoTYgBAZgBCbgBCsgBBdgBAegBAfgBA4gCAagCA7gClM3QuAbAAgHSAiQ3Mjc3ZDg3My05YjgxLTQ0NWItODVkYS05YmUwZDJiM2E0MDfYAgXgAgE&ucfs=1&arphpl=1&group_adults=2&req_adults=2&no_rooms=1&group_children=0&req_children=0&hpos=22&hapos=22&sr_order=popularity&srpvid=c826980ab39500d2&srepoch=1729373845&from_sustainable_property_sr=1&from=searchresults,8.0,"In the heart of the historic Bastide Saint-Louis district, at the foot of the Pont Vieux, the TRIBE CARCASSONNE hotel enjoys a privileged location to shine in the lower town and invites you to...",Carcassonne,43.21030573,2.3577556
357,La Demeure de la Cité by Jean Bacou,https://www.booking.com/hotel/fr/la-demeure-de-la-cite-by-jean-bacou.en-gb.html?aid=304142&label=gen173nr-1FCAQoggJCEnNlYXJjaF9jYXJjYXNzb25uZUgzWARoTYgBAZgBCbgBCsgBBdgBAegBAfgBA4gCAagCA7gClM3QuAbAAgHSAiQ3Mjc3ZDg3My05YjgxLTQ0NWItODVkYS05YmUwZDJiM2E0MDfYAgXgAgE&ucfs=1&arphpl=1&group_adults=2&req_adults=2&no_rooms=1&group_children=0&req_children=0&hpos=21&hapos=21&sr_order=popularity&srpvid=c826980ab39500d2&srepoch=1729373845&from_sustainable_property_sr=1&from=searchresults,8.9,"50 km from Termes Chateau, La Demeure de la Cité by Jean Bacou is a recently renovated property located in Carcassonne and provides air-conditioned rooms with free WiFi and private parking. ",Carcassonne,43.207684,2.364483
358,SalutBB Chambre d'hote,https://www.booking.com/hotel/fr/salut-chambre-d-hote.en-gb.html?aid=304142&label=gen173nr-1FCAQoggJCEnNlYXJjaF9jYXJjYXNzb25uZUgzWARoTYgBAZgBCbgBCsgBBdgBAegBAfgBA4gCAagCA7gClM3QuAbAAgHSAiQ3Mjc3ZDg3My05YjgxLTQ0NWItODVkYS05YmUwZDJiM2E0MDfYAgXgAgE&ucfs=1&arphpl=1&group_adults=2&req_adults=2&no_rooms=1&group_children=0&req_children=0&hpos=20&hapos=20&sr_order=popularity&srpvid=c826980ab39500d2&srepoch=1729373845&from_sustainable_property_sr=1&from=searchresults,9.7,"Housed in a historic building, SalutBB Chambre d'hote features accommodation with a garden and free WiFi in Carcassonne, 49 km from Termes Chateau. ",Carcassonne,43.2114488,2.3462993
359,101 Cour de la Bastide,https://www.booking.com/hotel/fr/101-cour-de-la-bastide.en-gb.html?aid=304142&label=gen173nr-1FCAQoggJCEnNlYXJjaF9jYXJjYXNzb25uZUgzWARoTYgBAZgBCbgBCsgBBdgBAegBAfgBA4gCAagCA7gClM3QuAbAAgHSAiQ3Mjc3ZDg3My05YjgxLTQ0NWItODVkYS05YmUwZDJiM2E0MDfYAgXgAgE&ucfs=1&arphpl=1&group_adults=2&req_adults=2&no_rooms=1&group_children=0&req_children=0&hpos=19&hapos=19&sr_order=popularity&srpvid=c826980ab39500d2&srepoch=1729373845&from=searchresults,9.3,"Situated in Carcassonne, 50 km from Termes Chateau and 100 metres from Memorial House (Maison des Memoires), 101 Cour de la Bastide features air-conditioned accommodation with a terrace and free WiFi....",Carcassonne,43.2122996,2.3525118
360,le joyau de la cite,https://www.booking.com/hotel/fr/le-joyau-de-la-cite.en-gb.html?aid=304142&label=gen173nr-1FCAQoggJCEnNlYXJjaF9jYXJjYXNzb25uZUgzWARoTYgBAZgBCbgBCsgBBdgBAegBAfgBA4gCAagCA7gClM3QuAbAAgHSAiQ3Mjc3ZDg3My05YjgxLTQ0NWItODVkYS05YmUwZDJiM2E0MDfYAgXgAgE&ucfs=1&arphpl=1&group_adults=2&req_adults=2&no_rooms=1&group_children=0&req_children=0&hpos=18&hapos=18&sr_order=popularity&srpvid=c826980ab39500d2&srepoch=1729373845&from=searchresults,8.5,"Situated 1.4 km from Carcassonne Cathedral and less than 1 km from Comtal Castle, le joyau de la cite provides accommodation in Carcassonne. ",Carcassonne,43.21074384,2.36423002
361,A l ombre des remparts 3,https://www.booking.com/hotel/fr/canal-du-midi-carcassonne.en-gb.html?aid=304142&label=gen173nr-1FCAQoggJCEnNlYXJjaF9jYXJjYXNzb25uZUgzWARoTYgBAZgBCbgBCsgBBdgBAegBAfgBA4gCAagCA7gClM3QuAbAAgHSAiQ3Mjc3ZDg3My05YjgxLTQ0NWItODVkYS05YmUwZDJiM2E0MDfYAgXgAgE&ucfs=1&arphpl=1&group_adults=2&req_adults=2&no_rooms=1&group_children=0&req_children=0&hpos=17&hapos=17&sr_order=popularity&srpvid=c826980ab39500d2&srepoch=1729373845&from_sustainable_property_sr=1&from=searchresults,9.2,"Offering a shared lounge and quiet street view, A l ombre des remparts 3 is located in Carcassonne, 1 km from Memorial House (Maison des Memoires) and 1 km from Carcassonne Cathedral. ",Carcassonne,43.20917994,2.36191293
362,45BB,https://www.booking.com/hotel/fr/45bb.en-gb.html?aid=304142&label=gen173nr-1FCAQoggJCEnNlYXJjaF9jYXJjYXNzb25uZUgzWARoTYgBAZgBCbgBCsgBBdgBAegBAfgBA4gCAagCA7gClM3QuAbAAgHSAiQ3Mjc3ZDg3My05YjgxLTQ0NWItODVkYS05YmUwZDJiM2E0MDfYAgXgAgE&ucfs=1&arphpl=1&group_adults=2&req_adults=2&no_rooms=1&group_children=0&req_children=0&hpos=16&hapos=16&sr_order=popularity&srpvid=c826980ab39500d2&srepoch=1729373845&from_sustainable_property_sr=1&from=searchresults,9.7,"Boasting a seasonal outdoor swimming pool and views of pool, 45BB is a bed and breakfast set in a historic building in Carcassonne, 50 km from Termes Chateau. ",Carcassonne,43.210256,2.350132
363,Hotel de la Cité & Spa MGallery,https://www.booking.com/hotel/fr/hotel-de-la-cite.en-gb.html?aid=304142&label=gen173nr-1FCAQoggJCEnNlYXJjaF9jYXJjYXNzb25uZUgzWARoTYgBAZgBCbgBCsgBBdgBAegBAfgBA4gCAagCA7gClM3QuAbAAgHSAiQ3Mjc3ZDg3My05YjgxLTQ0NWItODVkYS05YmUwZDJiM2E0MDfYAgXgAgE&ucfs=1&arphpl=1&group_adults=2&req_adults=2&no_rooms=1&group_children=0&req_children=0&hpos=15&hapos=15&sr_order=popularity&srpvid=c826980ab39500d2&srepoch=1729373845&from_sustainable_property_sr=1&from=searchresults,8.9,"Set in Carcassonne's circular walls, Hotel de la Cite Carcassonne - MGallery Collection is set in a Medieval-style chateau. ",Carcassonne,43.205627,2.362696
364,LA COUR CARREE - chambres d'hôtes,https://www.booking.com/hotel/fr/la-cour-carree-carcassonne.en-gb.html?aid=304142&label=gen173nr-1FCAQoggJCEnNlYXJjaF9jYXJjYXNzb25uZUgzWARoTYgBAZgBCbgBCsgBBdgBAegBAfgBA4gCAagCA7gClM3QuAbAAgHSAiQ3Mjc3ZDg3My05YjgxLTQ0NWItODVkYS05YmUwZDJiM2E0MDfYAgXgAgE&ucfs=1&arphpl=1&group_adults=2&req_adults=2&no_rooms=1&group_children=0&req_children=0&hpos=14&hapos=14&sr_order=popularity&srpvid=c826980ab39500d2&srepoch=1729373845&from=searchresults,9.7,"Located in Carcassonne, 50 km from Termes Chateau and 80 metres from Carcassonne Cathedral, LA COUR CARREE - chambres d'hôtes provides accommodation with free WiFi in a historic building. ",Carcassonne,43.21088,2.350076
365,Gîte Carcasso,https://www.booking.com/hotel/fr/carcasso.en-gb.html?aid=304142&label=gen173nr-1FCAQoggJCEnNlYXJjaF9jYXJjYXNzb25uZUgzWARoTYgBAZgBCbgBCsgBBdgBAegBAfgBA4gCAagCA7gClM3QuAbAAgHSAiQ3Mjc3ZDg3My05YjgxLTQ0NWItODVkYS05YmUwZDJiM2E0MDfYAgXgAgE&ucfs=1&arphpl=1&group_adults=2&req_adults=2&no_rooms=1&group_children=0&req_children=0&hpos=13&hapos=13&sr_order=popularity&srpvid=c826980ab39500d2&srepoch=1729373845&from_sustainable_property_sr=1&from=searchresults,9.6,"Gîte Carcasso is located near the city walls, 100 metres from the medieval castle and opposite Saint Gimer church. The property offers a free WiFi connection. ",Carcassonne,43.207065,2.361346
366,La Maison des Templiers ~ Ostal Médiéval ~ Logis enchantés,https://www.booking.com/hotel/fr/la-maison-des-templiers-ostal-medieval-logis-enchantes.en-gb.html?aid=304142&label=gen173nr-1FCAQoggJCEnNlYXJjaF9jYXJjYXNzb25uZUgzWARoTYgBAZgBCbgBCsgBBdgBAegBAfgBA4gCAagCA7gClM3QuAbAAgHSAiQ3Mjc3ZDg3My05YjgxLTQ0NWItODVkYS05YmUwZDJiM2E0MDfYAgXgAgE&ucfs=1&arphpl=1&group_adults=2&req_adults=2&no_rooms=1&group_children=0&req_children=0&hpos=12&hapos=12&sr_order=popularity&srpvid=c826980ab39500d2&srepoch=1729373845&from=searchresults,9.4,"Located within 1 km of Memorial House (Maison des Memoires) and 1 km of Carcassonne Cathedral in Carcassonne, La Maison des Templiers ~ Ostal Médiéval ~ Logis enchantés provides accommodation with...",Carcassonne,43.20915604,2.36227168
367,Carcassonne Guesthouse,https://www.booking.com/hotel/fr/carcassonne-guesthouse.en-gb.html?aid=304142&label=gen173nr-1FCAQoggJCEnNlYXJjaF9jYXJjYXNzb25uZUgzWARoTYgBAZgBCbgBCsgBBdgBAegBAfgBA4gCAagCA7gClM3QuAbAAgHSAiQ3Mjc3ZDg3My05YjgxLTQ0NWItODVkYS05YmUwZDJiM2E0MDfYAgXgAgE&ucfs=1&arphpl=1&group_adults=2&req_adults=2&no_rooms=1&group_children=0&req_children=0&hpos=11&hapos=11&sr_order=popularity&srpvid=c826980ab39500d2&srepoch=1729373845&from=searchresults,9.4,Carcassonne Guesthouse is a B&B located in Carcassonne. The property is situated on the river Aude and features a shared terrace with views of the castle. ,Carcassonne,43.20869364,2.35533625
368,Couleur des Champs appartement avec extérieur - 15 mn à pied de la Cité,https://www.booking.com/hotel/fr/la-couleur-des-champs.en-gb.html?aid=304142&label=gen173nr-1FCAQoggJCEnNlYXJjaF9jYXJjYXNzb25uZUgzWARoTYgBAZgBCbgBCsgBBdgBAegBAfgBA4gCAagCA7gClM3QuAbAAgHSAiQ3Mjc3ZDg3My05YjgxLTQ0NWItODVkYS05YmUwZDJiM2E0MDfYAgXgAgE&ucfs=1&arphpl=1&group_adults=2&req_adults=2&no_rooms=1&group_children=0&req_children=0&hpos=10&hapos=10&sr_order=popularity&srpvid=c826980ab39500d2&srepoch=1729373845&from_sustainable_property_sr=1&from=searchresults,9.8,"Offering a garden and inner courtyard view, Couleur des Champs appartement avec extérieur - 15 mn à pied de la Cité is set in Carcassonne, 600 metres from Carcassonne Cathedral and less than 1 km from...",Carcassonne,43.2073791,2.3494274
369,Hôtel Le Donjon - Cœur de La Cité Médiévale,https://www.booking.com/hotel/fr/bestwesternledonjon.en-gb.html?aid=304142&label=gen173nr-1FCAQoggJCEnNlYXJjaF9jYXJjYXNzb25uZUgzWARoTYgBAZgBCbgBCsgBBdgBAegBAfgBA4gCAagCA7gClM3QuAbAAgHSAiQ3Mjc3ZDg3My05YjgxLTQ0NWItODVkYS05YmUwZDJiM2E0MDfYAgXgAgE&ucfs=1&arphpl=1&group_adults=2&req_adults=2&no_rooms=1&group_children=0&req_children=0&hpos=9&hapos=9&sr_order=popularity&srpvid=c826980ab39500d2&srepoch=1729373845&from_sustainable_property_sr=1&from=searchresults,8.3,"Located in the heart of the medieval city of Carcassonne, Hôtel Le Donjon - Cœur de La Cité Médiévale is surrounded by the city’s ancient ramparts. The hotel features a restaurant and bar. ",Carcassonne,43.2064642,2.36363366
370,Le Cœur de la Bastide - Adult only,https://www.booking.com/hotel/fr/le-coeur-de-la-bastide.en-gb.html?aid=304142&label=gen173nr-1FCAQoggJCEnNlYXJjaF9jYXJjYXNzb25uZUgzWARoTYgBAZgBCbgBCsgBBdgBAegBAfgBA4gCAagCA7gClM3QuAbAAgHSAiQ3Mjc3ZDg3My05YjgxLTQ0NWItODVkYS05YmUwZDJiM2E0MDfYAgXgAgE&ucfs=1&arphpl=1&group_adults=2&req_adults=2&no_rooms=1&group_children=0&req_children=0&hpos=8&hapos=8&sr_order=popularity&srpvid=c826980ab39500d2&srepoch=1729373845&from=searchresults,9.5,Le Cœur de la Bastide - Adult only in Carcassonne provides adults-only accommodation with a garden and a terrace. ,Carcassonne,43.214181,2.35006
371,Carcassonne Bed and Breakfast du Palais,https://www.booking.com/hotel/fr/carcassonne-bed-and-breakfast-du-palais.en-gb.html?aid=304142&label=gen173nr-1FCAQoggJCEnNlYXJjaF9jYXJjYXNzb25uZUgzWARoTYgBAZgBCbgBCsgBBdgBAegBAfgBA4gCAagCA7gClM3QuAbAAgHSAiQ3Mjc3ZDg3My05YjgxLTQ0NWItODVkYS05YmUwZDJiM2E0MDfYAgXgAgE&ucfs=1&arphpl=1&group_adults=2&req_adults=2&no_rooms=1&group_children=0&req_children=0&hpos=7&hapos=7&sr_order=popularity&srpvid=c826980ab39500d2&srepoch=1729373845&from=searchresults,9.7,Carcassonne Bed and Breakfast du Palais in Carcassonne provides adults-only accommodation with a seasonal outdoor swimming pool and a garden. ,Carcassonne,43.2135992,2.3570812
372,Face Cité - Chambres D'Hôtes - Parking & Garage Gratuit - Wi-Fi Gratuit,https://www.booking.com/hotel/fr/face-cite-chambres-double-avec-vue-cite-medievale-carcassonne.en-gb.html?aid=304142&label=gen173nr-1FCAQoggJCEnNlYXJjaF9jYXJjYXNzb25uZUgzWARoTYgBAZgBCbgBCsgBBdgBAegBAfgBA4gCAagCA7gClM3QuAbAAgHSAiQ3Mjc3ZDg3My05YjgxLTQ0NWItODVkYS05YmUwZDJiM2E0MDfYAgXgAgE&ucfs=1&arphpl=1&group_adults=2&req_adults=2&no_rooms=1&group_children=0&req_children=0&hpos=6&hapos=6&sr_order=popularity&srpvid=c826980ab39500d2&srepoch=1729373845&from=searchresults,9.5,"1.1 km from Memorial House (Maison des Memoires), Face Cité - Chambres D'Hôtes - Parking & Garage Gratuit - Wi-Fi Gratuit is a recently renovated property situated in Carcassonne and features...",Carcassonne,43.2103561,2.362719
373,Situation exceptionnelle HARMONY III,https://www.booking.com/hotel/fr/harmony-3.en-gb.html?aid=304142&label=gen173nr-1FCAQoggJCEnNlYXJjaF9jYXJjYXNzb25uZUgzWARoTYgBAZgBCbgBCsgBBdgBAegBAfgBA4gCAagCA7gClM3QuAbAAgHSAiQ3Mjc3ZDg3My05YjgxLTQ0NWItODVkYS05YmUwZDJiM2E0MDfYAgXgAgE&ucfs=1&arphpl=1&group_adults=2&req_adults=2&no_rooms=1&group_children=0&req_children=0&hpos=5&hapos=5&sr_order=popularity&srpvid=c826980ab39500d2&srepoch=1729373845&from=searchresults,9.8,"A recently renovated property, Situation exceptionnelle HARMONY III is situated in Carcassonne near Memorial House (Maison des Memoires), Carcassonne Cathedral and Comtal Castle. ",Carcassonne,43.21181391,2.35220498
374,A l'ombre des remparts,https://www.booking.com/hotel/fr/a-l-39-ombre-des-remparts.en-gb.html?aid=304142&label=gen173nr-1FCAQoggJCEnNlYXJjaF9jYXJjYXNzb25uZUgzWARoTYgBAZgBCbgBCsgBBdgBAegBAfgBA4gCAagCA7gClM3QuAbAAgHSAiQ3Mjc3ZDg3My05YjgxLTQ0NWItODVkYS05YmUwZDJiM2E0MDfYAgXgAgE&ucfs=1&arphpl=1&group_adults=2&req_adults=2&no_rooms=1&group_children=0&req_children=0&hpos=4&hapos=4&sr_order=popularity&srpvid=c826980ab39500d2&srepoch=1729373845&from_sustainable_property_sr=1&from=searchresults,9.1,"Boasting free bikes and views of inner courtyard, A l'ombre des remparts is an apartment set in a historic building in Carcassonne, 1 km from Memorial House (Maison des Memoires). ",Carcassonne,43.2091252,2.3619773
375,Carcassonne Townhouse,https://www.booking.com/hotel/fr/carcassonne-townhouse.en-gb.html?aid=304142&label=gen173nr-1FCAQoggJCEnNlYXJjaF9jYXJjYXNzb25uZUgzWARoTYgBAZgBCbgBCsgBBdgBAegBAfgBA4gCAagCA7gClM3QuAbAAgHSAiQ3Mjc3ZDg3My05YjgxLTQ0NWItODVkYS05YmUwZDJiM2E0MDfYAgXgAgE&ucfs=1&arphpl=1&group_adults=2&req_adults=2&no_rooms=1&group_children=0&req_children=0&hpos=3&hapos=3&sr_order=popularity&srpvid=c826980ab39500d2&srepoch=1729373845&from=searchresults,9.4,"Carcassonne Townhouse is set 1.1 km form the Cité Médiévale, and 800 metres from the Place Carnot and shops and restaurants. The Pont Vieux can be reached within 280 metres. ",Carcassonne,43.209841,2.356905
376,GOOD KNIGHT,https://www.booking.com/hotel/fr/good-knight.en-gb.html?aid=304142&label=gen173nr-1FCAQoggJCEnNlYXJjaF9jYXJjYXNzb25uZUgzWARoTYgBAZgBCbgBCsgBBdgBAegBAfgBA4gCAagCA7gClM3QuAbAAgHSAiQ3Mjc3ZDg3My05YjgxLTQ0NWItODVkYS05YmUwZDJiM2E0MDfYAgXgAgE&ucfs=1&arphpl=1&group_adults=2&req_adults=2&no_rooms=1&group_children=0&req_children=0&hpos=2&hapos=2&sr_order=popularity&srpvid=c826980ab39500d2&srepoch=1729373845&from=searchresults,8.8,"Located 5 metres rfom the Carcassonne Castle, 2.4 km from Carcassonne Cathedral, GOOD KNIGHT provides accommodation with a garden, private parking and a terrace. ",Carcassonne,43.207746,2.366914
377,La Maison de L' Ambassadeur Carcassonne B&B,https://www.booking.com/hotel/fr/la-maison-de-l-39-ambassadeur-carcassonne.en-gb.html?aid=304142&label=gen173nr-1FCAQoggJCEnNlYXJjaF9jYXJjYXNzb25uZUgzWARoTYgBAZgBCbgBCsgBBdgBAegBAfgBA4gCAagCA7gClM3QuAbAAgHSAiQ3Mjc3ZDg3My05YjgxLTQ0NWItODVkYS05YmUwZDJiM2E0MDfYAgXgAgE&ucfs=1&arphpl=1&group_adults=2&req_adults=2&no_rooms=1&group_children=0&req_children=0&hpos=1&hapos=1&sr_order=popularity&srpvid=c826980ab39500d2&srepoch=1729373845&from_sustainable_property_sr=1&from=searchresults,9.1,"Located in Carcassonne, La Maison de L' Ambassadeur Carcassonne B&B is a historic bed and breakfast that provides free WiFi, and guests can enjoy a garden and a terrace. ",Carcassonne,43.21189357,2.35187625
378,Hotel Ours Blanc - Wilson,https://www.booking.com/hotel/fr/ours-blanc-wilson.en-gb.html?aid=304142&label=gen173nr-1FCAQoggJCD3NlYXJjaF90b3Vsb3VzZUgzWARoTYgBAZgBCbgBCsgBBdgBAegBAfgBA4gCAagCA7gCj83QuAbAAgHSAiRjOTQ0NTQxYi0yYmJmLTQ5NDAtOTU3Yi1kZTZiZjZhYzZiZDnYAgXgAgE&ucfs=1&arphpl=1&group_adults=2&req_adults=2&no_rooms=1&group_children=0&req_children=0&hpos=3&hapos=3&sr_order=popularity&srpvid=42a3980772750259&srepoch=1729373840&from=searchresults,8.0,"Located in the very heart of Toulouse, Hotels Ours Blanc is in a prime position close to the Wilson, Victor Hugo and Capitole squares. Toulouse Stadium is 3.5 km away. ",Toulouse,43.6057195,1.4473287
379,Montempô + Apparthôtel Toulouse Cité Internationale,https://www.booking.com/hotel/fr/montempo-apparthotel-toulouse-cite-internationale.en-gb.html?aid=304142&label=gen173nr-1FCAQoggJCD3NlYXJjaF90b3Vsb3VzZUgzWARoTYgBAZgBCbgBCsgBBdgBAegBAfgBA4gCAagCA7gCj83QuAbAAgHSAiRjOTQ0NTQxYi0yYmJmLTQ5NDAtOTU3Yi1kZTZiZjZhYzZiZDnYAgXgAgE&ucfs=1&arphpl=1&group_adults=2&req_adults=2&no_rooms=1&group_children=0&req_children=0&hpos=2&hapos=2&sr_order=popularity&srpvid=42a3980772750259&srepoch=1729373840&from_sustainable_property_sr=1&from=searchresults,8.1,"Montempô + Apparthôtel Toulouse Cité Internationale, a property with a garden, is situated in Toulouse, 1.8 km from Toulouse Stadium, 4.4 km from Zénith de Toulouse, as well as 7.3 km from...",Toulouse,43.5908572,1.4468588
380,Hôtel Innes by HappyCulture,https://www.booking.com/hotel/fr/best-western-athenee.en-gb.html?aid=304142&label=gen173nr-1FCAQoggJCD3NlYXJjaF90b3Vsb3VzZUgzWARoTYgBAZgBCbgBCsgBBdgBAegBAfgBA4gCAagCA7gCj83QuAbAAgHSAiRjOTQ0NTQxYi0yYmJmLTQ5NDAtOTU3Yi1kZTZiZjZhYzZiZDnYAgXgAgE&ucfs=1&arphpl=1&group_adults=2&req_adults=2&no_rooms=1&group_children=0&req_children=0&hpos=1&hapos=1&sr_order=popularity&srpvid=42a3980772750259&srepoch=1729373840&from_sustainable_property_sr=1&from=searchresults,8.4,"This hotel is located in Toulouse city centre, next to the Jeanne d’Arc Metro stop. Free Wi-Fi access is provided, and guests have a coffee corner at their disposal in the reception hall. ",Toulouse,43.61060878,1.44708797
381,☆ CHARMANT STUDIO ☆ Calme & Lumineux - CENTRE VILLE ☆,https://www.booking.com/hotel/fr/charmant-studio-calme-amp-lumineux-centre-ville.en-gb.html?aid=304142&label=gen173nr-1FCAQoggJCEXNlYXJjaF9zdHJhc2JvdXJnSDNYBGhNiAEBmAEJuAEKyAEF2AEB6AEB-AEDiAIBqAIDuAKuz9C4BsACAdICJDM4MjhhNGMyLTYwNWItNGZkOC04NmQ1LTk5M2M3NWZlYjkzMtgCBeACAQ&ucfs=1&arphpl=1&group_adults=2&req_adults=2&no_rooms=1&group_children=0&req_children=0&hpos=5&hapos=5&sr_order=popularity&srpvid=427d9897ba94023f&srepoch=1729374127&from_sustainable_property_sr=1&from=searchresults,9.0,"☆ CHARMANT STUDIO ☆ Calme & Lumineux - CENTRE VILLE ☆ is situated in the City-Centre - Petite France district of Strasbourg, just steps from Strasbourg Christmas Market and 650 metres from Strasbourg...",Strasbourg,48.5816963,7.7437093
382,Au Coup de Cœur,https://www.booking.com/hotel/fr/apartment-au-coup-de-coeur.en-gb.html?aid=304142&label=gen173nr-1FCAQoggJCDXNlYXJjaF9jb2xtYXJIM1gEaE2IAQGYAQm4AQrIAQXYAQHoAQH4AQOIAgGoAgO4Aq_P0LgGwAIB0gIkNzU5MzFjOWMtZDFhMy00NTc2LWE1NmQtYWYyYjJjOWJmZWFh2AIF4AIB&ucfs=1&arphpl=1&group_adults=2&req_adults=2&no_rooms=1&group_children=0&req_children=0&hpos=25&hapos=25&sr_order=popularity&srpvid=3e4698971cc9011b&srepoch=1729374128&from=searchresults,7.9,"Located in the historic centre of Colmar, Au Coup de Cœur is a one-bedroom apartment with air-conditioning, flat-screen TV and DVD player. ",Colmar,48.07742348,7.36173443
383,Maison Caju - La Rochelle,https://www.booking.com/hotel/fr/maison-plume-la-rochelle.en-gb.html?aid=304142&label=gen173nr-1FCAQoggJCEnNlYXJjaF9sYSByb2NoZWxsZUgzWARoTYgBAZgBCbgBCsgBBdgBAegBAfgBA4gCAagCA7gCsM_QuAbAAgHSAiQxMmM5ODY0Mi1lY2VjLTQxNzUtODc2Yy04OWI2ZjMxZjhlZjHYAgXgAgE&ucfs=1&arphpl=1&group_adults=2&req_adults=2&no_rooms=1&group_children=0&req_children=0&hpos=25&hapos=25&sr_order=popularity&srpvid=c80498988b450180&srepoch=1729374129&from_sustainable_property_sr=1&from=searchresults,9.2,"Maison Caju - La Rochelle provides accommodation within 400 metres of the centre of La Rochelle, with free WiFi, and a kitchen with a dishwasher, an oven and a microwave. ",La Rochelle,46.15797733,
384,Sézam-Appart-Hôtel,https://www.booking.com/hotel/fr/de-l-europe-appartements.en-gb.html?aid=304142&label=gen173nr-1FCAQoggJCDnNlYXJjaF9zdCBtYWxvSDNYBGhNiAEBmAEJuAEKyAEF2AEB6AEB-AEDiAIBqAIDuAKxz9C4BsACAdICJDQ4YTc3MzljLWNiYzgtNDk5NS05NjgyLTlmMGU4YzUwY2E5Y9gCBeACAQ&ucfs=1&arphpl=1&group_adults=2&req_adults=2&no_rooms=1&group_children=0&req_children=0&hpos=25&hapos=25&sr_order=popularity&srpvid=4deb9898f62f046e&srepoch=1729374130&from=searchresults,8.5,"Sézam-Appart-Hôtel is situated in Saint Malo, within 1.8 km of Grand Bé and 2.6 km of Solidor Tower. ",St Malo,48.64788206,
385,Best Western Ronceray Opéra,https://www.booking.com/hotel/fr/paris-ronceray-opera.en-gb.html?aid=304142&label=gen173nr-1FCAQoggJCDHNlYXJjaF9wYXJpc0gzWARoTYgBAZgBCbgBCsgBBdgBAegBAfgBA4gCAagCA7gCsc_QuAbAAgHSAiQyYWE0NDgxMi0xZGQwLTRiYTItOGZmYS1kZDBmZDY1MzdkMDnYAgXgAgE&ucfs=1&arphpl=1&group_adults=2&req_adults=2&no_rooms=1&group_children=0&req_children=0&hpos=25&hapos=25&sr_order=popularity&srpvid=005a9898ae7000d7&srepoch=1729374130&from=searchresults,7.7,The Best Western Ronceray Opéra is centrally located near the Opéra Garnier and a short walk from Montmartre village. ,Paris,48.87181842,2.34195068
386,Vieille Bourse - Studio close to stations and old city - Welkeys,https://www.booking.com/hotel/fr/vieille-bourse-cozy-studio-close-to-stations-and-old-city-welkeys.en-gb.html?aid=304142&label=gen173nr-1FCAQoggJCDHNlYXJjaF9saWxsZUgzWARoTYgBAZgBCbgBCsgBBdgBAegBAfgBA4gCAagCA7gCss_QuAbAAgHSAiQ0NmEwNWQyYS0zNDQ1LTQwZmMtYmZiNi0zNDVhOTA1ZGFhMTjYAgXgAgE&ucfs=1&arphpl=1&group_adults=2&req_adults=2&no_rooms=1&group_children=0&req_children=0&hpos=25&hapos=25&sr_order=popularity&srpvid=4f249899f22512de&srepoch=1729374131&from=searchresults,8.0,"Vieille Bourse - Studio close to stations and old city - Welkeys is set in the Lille Centre district of Lille, 500 metres from Grand Place Lille, 300 metres from Lille Flandres Train Station and 700...",Lille,50.6372416,3.0691052
387,GITE LE COQ ROUGE,https://www.booking.com/hotel/fr/gite-le-coq-rouge.en-gb.html?aid=304142&label=gen173nr-1FCAQoggJCEHNlYXJjaF9lZ3Vpc2hlaW1IM1gEaE2IAQGYAQm4AQrIAQXYAQHoAQH4AQOIAgGoAgO4ArLP0LgGwAIB0gIkZGU3NWVjNmYtNDg0YS00MTVmLWJkMDEtZDhlODkzMzU0MjU12AIF4AIB&ucfs=1&arphpl=1&group_adults=2&req_adults=2&no_rooms=1&group_children=0&req_children=0&hpos=25&hapos=25&sr_order=popularity&srpvid=013a98999861016c&srepoch=1729374131&from_sustainable_property_sr=1&from=searchresults,9.8,"Located in Eguisheim, 6 km from Colmar Train Station and 6.9 km from House of the Heads, GITE LE COQ ROUGE provides air-conditioned accommodation with a patio and free WiFi. ",Eguisheim,48.04170911,7.3056928
388,Duplex Le Louisels,https://www.booking.com/hotel/fr/duplex-le-louisels.en-gb.html?aid=304142&label=gen173nr-1FCAQoggJCDXNlYXJjaF9iYXlldXhIM1gEaE2IAQGYAQm4AQrIAQXYAQHoAQH4AQOIAgGoAgO4ArPP0LgGwAIB0gIkZThkYThiZmItZDVlOS00MjIzLWE5ODYtNzRmZDFiMjQ0NTYx2AIF4AIB&ucfs=1&arphpl=1&group_adults=2&req_adults=2&no_rooms=1&group_children=0&req_children=0&hpos=25&hapos=25&sr_order=popularity&srpvid=52a49899583403b7&srepoch=1729374132&from_sustainable_property_sr=1&from=searchresults,8.9,"The recently renovated Duplex Le Louisels is situated in Bayeux, near Baron Gerard Museum and Cathedrale Notre Dame de Bayeux. ",Bayeux,49.2753944,
389,Gîte de la Grève,https://www.booking.com/hotel/fr/gite-de-la-greve.en-gb.html?aid=304142&label=gen173nr-1FCAQoggJCGHNlYXJjaF9tb250IHNhaW50IG1pY2hlbEgzWARoTYgBAZgBCbgBCsgBBdgBAegBAfgBA4gCAagCA7gCs8_QuAbAAgHSAiQ3NTUwN2I4Mi0wNDAzLTQ1N2MtOGFjMi0xZmNiYjk3ZTA1YmbYAgXgAgE&ucfs=1&arphpl=1&group_adults=2&req_adults=2&no_rooms=1&group_children=0&req_children=0&hpos=25&hapos=25&sr_order=popularity&srpvid=4bad989955810128&srepoch=1729374132&from=searchresults,9.0,"Boasting garden views, Gîte de la Grève provides accommodation with a garden, barbecue facilities and a shared lounge, around 5.1 km from Mont Saint-Michel. ",Mont Saint Michel,48.5973128,
390,"Chambres d'Hôtes Farcy ""La P'tite Transhumance""",https://www.booking.com/hotel/fr/chambres-d-hotes-farcy.en-gb.html?aid=304142&label=gen173nr-1FCAQoggJCGHNlYXJjaF9tb250IHNhaW50IG1pY2hlbEgzWARoTYgBAZgBCbgBCsgBBdgBAegBAfgBA4gCAagCA7gCs8_QuAbAAgHSAiQ3NTUwN2I4Mi0wNDAzLTQ1N2MtOGFjMi0xZmNiYjk3ZTA1YmbYAgXgAgE&ucfs=1&arphpl=1&group_adults=2&req_adults=2&no_rooms=1&group_children=0&req_children=0&hpos=24&hapos=24&sr_order=popularity&srpvid=4bad989955810128&srepoch=1729374132&from=searchresults,8.4,"Located in the countryside of Ardevon, Chambres d'Hôtes Farcy is just a 10-minute drive from the Mont Saint-Michel. It offers B&B accommodation and free private parking on site. ",Mont Saint Michel,48.61435411,
391,Studio La Grenouillère,https://www.booking.com/hotel/fr/apt-la-grenouillere-de-turckheim.en-gb.html?aid=304142&label=gen173nr-1FCAQoggJCI3NlYXJjaF9jaGF0ZWF1IGR1IGhhdXQga29lbmlnc2JvdXJnSDNYBGhNiAEBmAEJuAEKyAEF2AEB6AEB-AEDiAIBqAIDuAK0z9C4BsACAdICJDU5OTA1NGVmLWI5MjAtNGE4OC04OTFjLWVlNWEyODg1OGUzM9gCBeACAQ&ucfs=1&arphpl=1&group_adults=2&req_adults=2&no_rooms=1&group_children=0&req_children=0&hpos=26&hapos=26&sr_order=popularity&srpvid=168b989a4b3e0119&srepoch=1729374133&from=searchresults,9.0,"Housed in a historic building, Studio La Grenouillère features accommodation with a garden and free WiFi in Turckheim, 6.6 km from House of the Heads. ",Chateau du Haut Koenigsbourg,48.08770101,7.27909069
392,Highly recommended apartment steps from the lake,https://www.booking.com/hotel/fr/annecy-vacation-apartment-rental.en-gb.html?aid=304142&label=gen173nr-1FCAQoggJCDXNlYXJjaF9hbm5lY3lIM1gEaE2IAQGYAQm4AQrIAQXYAQHoAQH4AQOIAgGoAgO4ArTP0LgGwAIB0gIkOWUzMjU4MWYtYjBlYS00NjliLTg2NzktNjU5YzEzM2Q3OWRi2AIF4AIB&ucfs=1&arphpl=1&group_adults=2&req_adults=2&no_rooms=1&group_children=0&req_children=0&hpos=25&hapos=25&sr_order=popularity&srpvid=c47b989a9778078b&srepoch=1729374133&from=searchresults,9.2,"Highly recommended apartment steps from the lake is situated in the Old Town district of Annecy, 38 km from Bourget Lake, 38 km from Stade de Genève and 42 km from Jet d'Eau. ",Annecy,45.901008,6.126982
393,Appartement typique Rouen centre tout confort,https://www.booking.com/hotel/fr/appartement-centre-2-chambres-tout-confort.en-gb.html?aid=304142&label=gen173nr-1FCAQoggJCDHNlYXJjaF9yb3VlbkgzWARoTYgBAZgBCbgBCsgBBdgBAegBAfgBA4gCAagCA7gCtM_QuAbAAgHSAiRmZjY5NTM2YS1jZDMwLTQwMTktYTg5Yi02NGU0YzdhYTM4YTfYAgXgAgE&ucfs=1&arphpl=1&group_adults=2&req_adults=2&no_rooms=1&group_children=0&req_children=0&hpos=25&hapos=25&sr_order=popularity&srpvid=96f3989acaee012f&srepoch=1729374133&from=searchresults,8.2,"Situated in the centre of Rouen, within 1.4 km of Notre-Dame Cathedral of Rouen, Appartement typique Rouen centre tout confort is an accommodation offering city views. ",Rouen,49.4462748,1.0991111
394,Clos Augusta,https://www.booking.com/hotel/fr/clos-augusta.en-gb.html?aid=304142&label=gen173nr-1FCAQoggJCF3NlYXJjaF9nb3JnZXMgZHUgdmVyZG9uSDNYBGhNiAEBmAEJuAEKyAEF2AEB6AEB-AEDiAIBqAIDuAK1z9C4BsACAdICJDQ3ODhhOTMxLTFiMjAtNGUzYy1iMmU4LWVhMmFjZTY5YmRhZNgCBeACAQ&ucfs=1&arphpl=1&group_adults=2&req_adults=2&no_rooms=1&group_children=0&req_children=0&hpos=25&hapos=25&sr_order=popularity&srpvid=28e4989a5a96003d&srepoch=1729374133&from=searchresults,8.5,"Clos Augusta is set in Riez. Providing free private parking, the 3-star apartment is 35 km from Digne Golf Course. The property is non-smoking and is located 42 km from Golf du Luberon. ",Gorges du Verdon,43.81755696,6.09606973
395,DOWNTOWN LOFT - CENTRE VILLE - WiFi - NETFLIX,https://www.booking.com/hotel/fr/downtown-loft-centre-ville-wifi-netflix.en-gb.html?aid=304142&label=gen173nr-1FCAQoggJCDXNlYXJjaF9hbWllbnNIM1gEaE2IAQGYAQm4AQrIAQXYAQHoAQH4AQOIAgGoAgO4ArXP0LgGwAIB0gIkZGFmMWEwOTgtODdlNS00OTgxLWIwYjYtMjNkZjZkNWQ1N2Yz2AIF4AIB&ucfs=1&arphpl=1&group_adults=2&req_adults=2&no_rooms=1&group_children=0&req_children=0&hpos=25&hapos=25&sr_order=popularity&srpvid=ee7c989aac240107&srepoch=1729374134&from=searchresults,9.6,"Situated 1.2 km from Amiens Train Station, 2.9 km from Zénith d'Amiens and 800 metres from Berny's Museum, DOWNTOWN LOFT - CENTRE VILLE - WiFi - NETFLIX features accommodation set in Amiens. ",Amiens,49.89219043,2.29471652
396,Ethic Etapes CIS de Besançon,https://www.booking.com/hotel/fr/ethic-etapes-centre-international-de-sa-c-jour-de-besanasson.en-gb.html?aid=304142&label=gen173nr-1FCAQoggJCD3NlYXJjaF9iZXNhbmNvbkgzWARoTYgBAZgBCbgBCsgBBdgBAegBAfgBA4gCAagCA7gCtc_QuAbAAgHSAiQ2NjIyNjZhOS0yMWY1LTQ1ZGMtYjYyNy1lODhkNGI0MjAyYTjYAgXgAgE&ucfs=1&arphpl=1&group_adults=2&req_adults=2&no_rooms=1&group_children=0&req_children=0&hpos=25&hapos=25&sr_order=popularity&srpvid=4deb989a0e43032b&srepoch=1729374134&from=searchresults,7.0,"This residence is 3 km from La Viotte Train Station and 4 km from the centre of Besançon. It offers free Wi-Fi access, a bar and a garden. ",Besancon,47.25111839,5.99989772
397,Odalys City Le Havre Centre Les Docks,https://www.booking.com/hotel/fr/odalys-city-le-havre-centre-les-docks.en-gb.html?aid=304142&label=gen173nr-1FCAQoggJCD3NlYXJjaF9sZSBoYXZyZUgzWARoTYgBAZgBCbgBCsgBBdgBAegBAfgBA4gCAagCA7gCts_QuAbAAgHSAiQ5ZjdmOGQxNi1jYTE3LTQ5ZTUtOWEwOC0zMGRiNWM1M2E2NjPYAgXgAgE&ucfs=1&arphpl=1&group_adults=2&req_adults=2&no_rooms=1&group_children=0&req_children=0&hpos=25&hapos=25&sr_order=popularity&srpvid=5f36989a7186003d&srepoch=1729374134&from_sustainable_property_sr=1&from=searchresults,8.6,"Featuring 3-star accommodation, Odalys City Le Havre Centre Les Docks is located in Le Havre, 2.9 km from Le Havre Beach and 1.8 km from Le Volcan. ",Le Havre,49.4925039,0.129779
398,Cocon centre ville - Vue imprenable Petit Port du Havre,https://www.booking.com/hotel/fr/cocon-centre-ville-vue-imprenable-petit-port-du-havre.en-gb.html?aid=304142&label=gen173nr-1FCAQoggJCD3NlYXJjaF9sZSBoYXZyZUgzWARoTYgBAZgBCbgBCsgBBdgBAegBAfgBA4gCAagCA7gCts_QuAbAAgHSAiQ5ZjdmOGQxNi1jYTE3LTQ5ZTUtOWEwOC0zMGRiNWM1M2E2NjPYAgXgAgE&ucfs=1&arphpl=1&group_adults=2&req_adults=2&no_rooms=1&group_children=0&req_children=0&hpos=24&hapos=24&sr_order=popularity&srpvid=5f36989a7186003d&srepoch=1729374134&from=searchresults,8.6,"Cocon centre ville - Vue imprenable Petit Port du Havre is situated in Le Havre, 500 metres from Le Volcan, 700 metres from Perret Model Appartment, and less than 1 km from Eglise St-Joseph. ",Le Havre,49.4874527,0.1103335
399,Au coin du Volcan - Hypercentre,https://www.booking.com/hotel/fr/au-coin-du-volcan-hypercentre.en-gb.html?aid=304142&label=gen173nr-1FCAQoggJCD3NlYXJjaF9sZSBoYXZyZUgzWARoTYgBAZgBCbgBCsgBBdgBAegBAfgBA4gCAagCA7gCts_QuAbAAgHSAiQ5ZjdmOGQxNi1jYTE3LTQ5ZTUtOWEwOC0zMGRiNWM1M2E2NjPYAgXgAgE&ucfs=1&arphpl=1&group_adults=2&req_adults=2&no_rooms=1&group_children=0&req_children=0&hpos=23&hapos=23&sr_order=popularity&srpvid=5f36989a7186003d&srepoch=1729374134&from=searchresults,8.6,"Au coin du Volcan - Hypercentre has a balcony and is located in Le Havre, within just 200 metres of Le Volcan and 400 metres of Perret Model Appartment. ",Le Havre,49.4893559,0.1067088
400,Holiday Inn Express - Le Havre Centre,https://www.booking.com/hotel/fr/campanile-le-havre-centre.en-gb.html?aid=304142&label=gen173nr-1FCAQoggJCD3NlYXJjaF9sZSBoYXZyZUgzWARoTYgBAZgBCbgBCsgBBdgBAegBAfgBA4gCAagCA7gCts_QuAbAAgHSAiQ5ZjdmOGQxNi1jYTE3LTQ5ZTUtOWEwOC0zMGRiNWM1M2E2NjPYAgXgAgE&ucfs=1&arphpl=1&group_adults=2&req_adults=2&no_rooms=1&group_children=0&req_children=0&hpos=22&hapos=22&sr_order=popularity&srpvid=5f36989a7186003d&srepoch=1729374134&from_sustainable_property_sr=1&from=searchresults,8.3,"Our hotel, located in Le Havre downtown and at 600 meters from the SNCF train station, welcomes you for a professional and leisure stay. ",Le Havre,49.498238,0.128837
401,"LE COCON DE JADE, LA MER A PERTE DE VUE",https://www.booking.com/hotel/fr/le-cocon-de-jade-la-mer-a-perte-de-vue.en-gb.html?aid=304142&label=gen173nr-1FCAQoggJCD3NlYXJjaF9sZSBoYXZyZUgzWARoTYgBAZgBCbgBCsgBBdgBAegBAfgBA4gCAagCA7gCts_QuAbAAgHSAiQ5ZjdmOGQxNi1jYTE3LTQ5ZTUtOWEwOC0zMGRiNWM1M2E2NjPYAgXgAgE&ucfs=1&arphpl=1&group_adults=2&req_adults=2&no_rooms=1&group_children=0&req_children=0&hpos=21&hapos=21&sr_order=popularity&srpvid=5f36989a7186003d&srepoch=1729374134&from=searchresults,9.8,"A recently renovated property, LE COCON DE JADE, LA MER A PERTE DE VUE is located in Le Havre near Le Havre Beach, Eglise St-Joseph and Le Volcan. ",Le Havre,49.48911871,0.09885007
402,Escale Quai George V,https://www.booking.com/hotel/fr/escale-quai-george-v.en-gb.html?aid=304142&label=gen173nr-1FCAQoggJCD3NlYXJjaF9sZSBoYXZyZUgzWARoTYgBAZgBCbgBCsgBBdgBAegBAfgBA4gCAagCA7gCts_QuAbAAgHSAiQ5ZjdmOGQxNi1jYTE3LTQ5ZTUtOWEwOC0zMGRiNWM1M2E2NjPYAgXgAgE&ucfs=1&arphpl=1&group_adults=2&req_adults=2&no_rooms=1&group_children=0&req_children=0&hpos=20&hapos=20&sr_order=popularity&srpvid=5f36989a7186003d&srepoch=1729374134&from=searchresults,9.0,"Located in the city centre, on the edge of Bassin de Commerce, this design-style studio offers a furnished balcony and a terrace which overlook the city. ",Le Havre,49.49102588,0.11365244
403,Le Loft 1936 : centre-ville + parking privé,https://www.booking.com/hotel/fr/le-loft-1936-centre-ville-parking-prive.en-gb.html?aid=304142&label=gen173nr-1FCAQoggJCD3NlYXJjaF9sZSBoYXZyZUgzWARoTYgBAZgBCbgBCsgBBdgBAegBAfgBA4gCAagCA7gCts_QuAbAAgHSAiQ5ZjdmOGQxNi1jYTE3LTQ5ZTUtOWEwOC0zMGRiNWM1M2E2NjPYAgXgAgE&ucfs=1&arphpl=1&group_adults=2&req_adults=2&no_rooms=1&group_children=0&req_children=0&hpos=19&hapos=19&sr_order=popularity&srpvid=5f36989a7186003d&srepoch=1729374134&from=searchresults,8.6,"Located in Le Havre and only 2.2 km from Le Havre Beach, Le Loft 1936: centre-ville + parking privé provides accommodation with city views, free WiFi and free private parking. ",Le Havre,49.4951526,0.1209097
404,Vivez le Bonheur - Plage - Port de plaisance - Vue mer,https://www.booking.com/hotel/fr/nouveau-vivez-le-bonheur-au-havre.en-gb.html?aid=304142&label=gen173nr-1FCAQoggJCD3NlYXJjaF9sZSBoYXZyZUgzWARoTYgBAZgBCbgBCsgBBdgBAegBAfgBA4gCAagCA7gCts_QuAbAAgHSAiQ5ZjdmOGQxNi1jYTE3LTQ5ZTUtOWEwOC0zMGRiNWM1M2E2NjPYAgXgAgE&ucfs=1&arphpl=1&group_adults=2&req_adults=2&no_rooms=1&group_children=0&req_children=0&hpos=18&hapos=18&sr_order=popularity&srpvid=5f36989a7186003d&srepoch=1729374134&from_sustainable_property_sr=1&from=searchresults,8.9,"Vivez le Bonheur - Plage - Port de plaisance - Vue mer is a beachfront property set in Le Havre, less than 1 km from Le Havre Beach and a 7-minute walk from Eglise St-Joseph. ",Le Havre,49.48816383,0.09894181
405,Studio Meublé Vue Mer,https://www.booking.com/hotel/fr/studio-meuble-vue-mer.en-gb.html?aid=304142&label=gen173nr-1FCAQoggJCD3NlYXJjaF9sZSBoYXZyZUgzWARoTYgBAZgBCbgBCsgBBdgBAegBAfgBA4gCAagCA7gCts_QuAbAAgHSAiQ5ZjdmOGQxNi1jYTE3LTQ5ZTUtOWEwOC0zMGRiNWM1M2E2NjPYAgXgAgE&ucfs=1&arphpl=1&group_adults=2&req_adults=2&no_rooms=1&group_children=0&req_children=0&hpos=16&hapos=16&sr_order=popularity&srpvid=5f36989a7186003d&srepoch=1729374134&from_sustainable_property_sr=1&from=searchresults,7.5,"Offering inner courtyard views, Studio Meublé Vue Mer is an accommodation set in Le Havre, 800 metres from Le Havre Beach and 200 metres from Eglise St-Joseph. ",Le Havre,49.48894603,0.09955142
406,"The Originals Boutique, Hôtel d'Angleterre, Le Havre, centre, plage",https://www.booking.com/hotel/fr/comfort-d-angleterre.en-gb.html?aid=304142&label=gen173nr-1FCAQoggJCD3NlYXJjaF9sZSBoYXZyZUgzWARoTYgBAZgBCbgBCsgBBdgBAegBAfgBA4gCAagCA7gCts_QuAbAAgHSAiQ5ZjdmOGQxNi1jYTE3LTQ5ZTUtOWEwOC0zMGRiNWM1M2E2NjPYAgXgAgE&ucfs=1&arphpl=1&group_adults=2&req_adults=2&no_rooms=1&group_children=0&req_children=0&hpos=17&hapos=17&sr_order=popularity&srpvid=5f36989a7186003d&srepoch=1729374134&from=searchresults,7.6,"This hotel is located in the town centre of Le Havre, just 100 metres from the sea and next to the Malraux museum. It offers free Wi-Fi throughout the hotel. ",Le Havre,49.49404915,0.09936646
407,LA PARENTHÈSE HAVRAISE - Parking privé Plein centre & Très calme,https://www.booking.com/hotel/fr/la-parenthese-havraise-le-havre.en-gb.html?aid=304142&label=gen173nr-1FCAQoggJCD3NlYXJjaF9sZSBoYXZyZUgzWARoTYgBAZgBCbgBCsgBBdgBAegBAfgBA4gCAagCA7gCts_QuAbAAgHSAiQ5ZjdmOGQxNi1jYTE3LTQ5ZTUtOWEwOC0zMGRiNWM1M2E2NjPYAgXgAgE&ucfs=1&arphpl=1&group_adults=2&req_adults=2&no_rooms=1&group_children=0&req_children=0&hpos=15&hapos=15&sr_order=popularity&srpvid=5f36989a7186003d&srepoch=1729374134&from=searchresults,9.1,"LA PARENTHÈSE HAVRAISE - Parking privé Plein centre & Très calme, a property with a garden, is located in Le Havre, 800 metres from Perret Model Appartment, 1.1 km from Le Volcan, as well as 1.1 km...",Le Havre,49.496836,0.1068932
408,Superbe appartement quartier plage avec balcon et vue mer,https://www.booking.com/hotel/fr/superbe-appartement-quartier-plage-avec-balcon-et-vue-mer.en-gb.html?aid=304142&label=gen173nr-1FCAQoggJCD3NlYXJjaF9sZSBoYXZyZUgzWARoTYgBAZgBCbgBCsgBBdgBAegBAfgBA4gCAagCA7gCts_QuAbAAgHSAiQ5ZjdmOGQxNi1jYTE3LTQ5ZTUtOWEwOC0zMGRiNWM1M2E2NjPYAgXgAgE&ucfs=1&arphpl=1&group_adults=2&req_adults=2&no_rooms=1&group_children=0&req_children=0&hpos=14&hapos=14&sr_order=popularity&srpvid=5f36989a7186003d&srepoch=1729374134&from=searchresults,10.0,"Offering sea views, Superbe appartement quartier plage avec balcon et vue mer is an accommodation situated in Le Havre, 500 metres from Le Havre Beach and 500 metres from Eglise St-Joseph. ",Le Havre,49.4911763,0.0980954
409,Le studio des Halles,https://www.booking.com/hotel/fr/le-studio-des-halles-le-havre.en-gb.html?aid=304142&label=gen173nr-1FCAQoggJCD3NlYXJjaF9sZSBoYXZyZUgzWARoTYgBAZgBCbgBCsgBBdgBAegBAfgBA4gCAagCA7gCts_QuAbAAgHSAiQ5ZjdmOGQxNi1jYTE3LTQ5ZTUtOWEwOC0zMGRiNWM1M2E2NjPYAgXgAgE&ucfs=1&arphpl=1&group_adults=2&req_adults=2&no_rooms=1&group_children=0&req_children=0&hpos=13&hapos=13&sr_order=popularity&srpvid=5f36989a7186003d&srepoch=1729374134&from=searchresults,8.0,"Le studio des Halles is situated in the Perret district of Le Havre, 400 metres from Le Volcan, 300 metres from Eglise St-Joseph and 600 metres from Perret Model Appartment. ",Le Havre,49.488802,0.1043939
410,LE PETIT LH - PLAGE - B'PAM,https://www.booking.com/hotel/fr/le-petit-lh-plage-b-pam.en-gb.html?aid=304142&label=gen173nr-1FCAQoggJCD3NlYXJjaF9sZSBoYXZyZUgzWARoTYgBAZgBCbgBCsgBBdgBAegBAfgBA4gCAagCA7gCts_QuAbAAgHSAiQ5ZjdmOGQxNi1jYTE3LTQ5ZTUtOWEwOC0zMGRiNWM1M2E2NjPYAgXgAgE&ucfs=1&arphpl=1&group_adults=2&req_adults=2&no_rooms=1&group_children=0&req_children=0&hpos=12&hapos=12&sr_order=popularity&srpvid=5f36989a7186003d&srepoch=1729374134&from=searchresults,9.1,"LE PETIT LH - PLAGE - B'PAM is situated in the Perret district of Le Havre, 700 metres from Le Volcan, less than 1 km from Perret Model Appartment and a 16-minute walk from Saint-Michel's Church. ",Le Havre,49.4900512,0.099952
411,Vivez Le Centre ville à la Plage - Balcon,https://www.booking.com/hotel/fr/vivez-le-centre-ville-a-la-plage.en-gb.html?aid=304142&label=gen173nr-1FCAQoggJCD3NlYXJjaF9sZSBoYXZyZUgzWARoTYgBAZgBCbgBCsgBBdgBAegBAfgBA4gCAagCA7gCts_QuAbAAgHSAiQ5ZjdmOGQxNi1jYTE3LTQ5ZTUtOWEwOC0zMGRiNWM1M2E2NjPYAgXgAgE&ucfs=1&arphpl=1&group_adults=2&req_adults=2&no_rooms=1&group_children=0&req_children=0&hpos=11&hapos=11&sr_order=popularity&srpvid=5f36989a7186003d&srepoch=1729374134&from=searchresults,9.0,"Boasting garden views, Vivez Le Centre ville à la Plage - Balcon features accommodation with a balcony, around 600 metres from Le Havre Beach. ",Le Havre,49.49275943,0.10127851
412,Vivez le panorama à 180 - PARKING - Proximité de la gare,https://www.booking.com/hotel/fr/nouveau-vivez-le-panorama-a-180deg.en-gb.html?aid=304142&label=gen173nr-1FCAQoggJCD3NlYXJjaF9sZSBoYXZyZUgzWARoTYgBAZgBCbgBCsgBBdgBAegBAfgBA4gCAagCA7gCts_QuAbAAgHSAiQ5ZjdmOGQxNi1jYTE3LTQ5ZTUtOWEwOC0zMGRiNWM1M2E2NjPYAgXgAgE&ucfs=1&arphpl=1&group_adults=2&req_adults=2&no_rooms=1&group_children=0&req_children=0&hpos=10&hapos=10&sr_order=popularity&srpvid=5f36989a7186003d&srepoch=1729374134&from_sustainable_property_sr=1&from=searchresults,9.4,"Located in Le Havre and only 2.5 km from Le Havre Beach, Vivez le panorama à 180 - PARKING - Proximité de la gare provides accommodation with sea views, free WiFi and free private parking. ",Le Havre,49.49129138,0.12250416
413,Appartement Chic F2 Centre-ville,https://www.booking.com/hotel/fr/appartement-chic-f2-centre-ville.en-gb.html?aid=304142&label=gen173nr-1FCAQoggJCD3NlYXJjaF9sZSBoYXZyZUgzWARoTYgBAZgBCbgBCsgBBdgBAegBAfgBA4gCAagCA7gCts_QuAbAAgHSAiQ5ZjdmOGQxNi1jYTE3LTQ5ZTUtOWEwOC0zMGRiNWM1M2E2NjPYAgXgAgE&ucfs=1&arphpl=1&group_adults=2&req_adults=2&no_rooms=1&group_children=0&req_children=0&hpos=9&hapos=9&sr_order=popularity&srpvid=5f36989a7186003d&srepoch=1729374134&from=searchresults,8.1,"Located 1.3 km from Le Volcan, less than 1 km from Saint-Michel's Church and a 11-minute walk from Perret Model Appartment, Appartement Chic F2 Centre-ville provides accommodation situated in Le...",Le Havre,49.4942807,0.1183833
414,"La Marée, Studio vu mer Le Havre",https://www.booking.com/hotel/fr/la-maree-studio-vu-mer-le-havre.en-gb.html?aid=304142&label=gen173nr-1FCAQoggJCD3NlYXJjaF9sZSBoYXZyZUgzWARoTYgBAZgBCbgBCsgBBdgBAegBAfgBA4gCAagCA7gCts_QuAbAAgHSAiQ5ZjdmOGQxNi1jYTE3LTQ5ZTUtOWEwOC0zMGRiNWM1M2E2NjPYAgXgAgE&ucfs=1&arphpl=1&group_adults=2&req_adults=2&no_rooms=1&group_children=0&req_children=0&hpos=8&hapos=8&sr_order=popularity&srpvid=5f36989a7186003d&srepoch=1729374134&from=searchresults,8.2,"La Marée, Studio vu mer Le Havre is set in the Perret district of Le Havre, 600 metres from Le Volcan, less than 1 km from Perret Model Appartment and a 16-minute walk from Saint-Michel's Church. ",Le Havre,49.488401,0.100018
415,Appartement urbain à deux pas de la plage,https://www.booking.com/hotel/fr/appartement-urbain-a-deux-pas-de-la-plage.en-gb.html?aid=304142&label=gen173nr-1FCAQoggJCD3NlYXJjaF9sZSBoYXZyZUgzWARoTYgBAZgBCbgBCsgBBdgBAegBAfgBA4gCAagCA7gCts_QuAbAAgHSAiQ5ZjdmOGQxNi1jYTE3LTQ5ZTUtOWEwOC0zMGRiNWM1M2E2NjPYAgXgAgE&ucfs=1&arphpl=1&group_adults=2&req_adults=2&no_rooms=1&group_children=0&req_children=0&hpos=7&hapos=7&sr_order=popularity&srpvid=5f36989a7186003d&srepoch=1729374134&from=searchresults,8.8,"Offering quiet street views, Appartement urbain à deux pas de la plage is an accommodation located in Le Havre, 400 metres from Eglise St-Joseph and 800 metres from Le Volcan. ",Le Havre,49.486421,0.1034655
416,All Suites Appart Hotel Le Havre,https://www.booking.com/hotel/fr/all-suites-appart-le-havre.en-gb.html?aid=304142&label=gen173nr-1FCAQoggJCD3NlYXJjaF9sZSBoYXZyZUgzWARoTYgBAZgBCbgBCsgBBdgBAegBAfgBA4gCAagCA7gCts_QuAbAAgHSAiQ5ZjdmOGQxNi1jYTE3LTQ5ZTUtOWEwOC0zMGRiNWM1M2E2NjPYAgXgAgE&ucfs=1&arphpl=1&group_adults=2&req_adults=2&no_rooms=1&group_children=0&req_children=0&hpos=6&hapos=6&sr_order=popularity&srpvid=5f36989a7186003d&srepoch=1729374134&from_sustainable_property_sr=1&from=searchresults,8.5,"Set in Le Havre in the Upper Normandy region with Le Volcan and Perret Model Appartment nearby, All Suites Appart Hotel Le Havre provides accommodation with access to a fitness room. ",Le Havre,49.488691,0.125929
417,Vivez ZEN - Entre la gare et l'Hotel de ville,https://www.booking.com/hotel/fr/nouveau-vivez-zen.en-gb.html?aid=304142&label=gen173nr-1FCAQoggJCD3NlYXJjaF9sZSBoYXZyZUgzWARoTYgBAZgBCbgBCsgBBdgBAegBAfgBA4gCAagCA7gCts_QuAbAAgHSAiQ5ZjdmOGQxNi1jYTE3LTQ5ZTUtOWEwOC0zMGRiNWM1M2E2NjPYAgXgAgE&ucfs=1&arphpl=1&group_adults=2&req_adults=2&no_rooms=1&group_children=0&req_children=0&hpos=5&hapos=5&sr_order=popularity&srpvid=5f36989a7186003d&srepoch=1729374134&from=searchresults,9.1,"Located less than 1 km from Saint-Michel's Church, a 12-minute walk from Perret Model Appartment and 1.3 km from Le Volcan, Vivez ZEN - Entre la gare et l'Hotel de ville features accommodation set in...",Le Havre,49.4961255,0.11774114
418,"""L'escapade Havraise"" Studio Parking gratuit Coeur de Ville",https://www.booking.com/hotel/fr/escapade-havraise.en-gb.html?aid=304142&label=gen173nr-1FCAQoggJCD3NlYXJjaF9sZSBoYXZyZUgzWARoTYgBAZgBCbgBCsgBBdgBAegBAfgBA4gCAagCA7gCts_QuAbAAgHSAiQ5ZjdmOGQxNi1jYTE3LTQ5ZTUtOWEwOC0zMGRiNWM1M2E2NjPYAgXgAgE&ucfs=1&arphpl=1&group_adults=2&req_adults=2&no_rooms=1&group_children=0&req_children=0&hpos=4&hapos=4&sr_order=popularity&srpvid=5f36989a7186003d&srepoch=1729374134&from=searchresults,9.8,"Located in Le Havre in the Upper Normandy region, with Le Havre Beach and Le Volcan nearby, ""L'escapade Havraise"" Studio Parking gratuit Coeur de Ville offers accommodation with free private parking. ",Le Havre,49.49003307,0.10279658
419,"""L'ancre"" Studio Perret Pleine vue mer",https://www.booking.com/hotel/fr/ancre-studio-perret-vue-mer.en-gb.html?aid=304142&label=gen173nr-1FCAQoggJCD3NlYXJjaF9sZSBoYXZyZUgzWARoTYgBAZgBCbgBCsgBBdgBAegBAfgBA4gCAagCA7gCts_QuAbAAgHSAiQ5ZjdmOGQxNi1jYTE3LTQ5ZTUtOWEwOC0zMGRiNWM1M2E2NjPYAgXgAgE&ucfs=1&arphpl=1&group_adults=2&req_adults=2&no_rooms=1&group_children=0&req_children=0&hpos=3&hapos=3&sr_order=popularity&srpvid=5f36989a7186003d&srepoch=1729374134&from_sustainable_property_sr=1&from=searchresults,9.2,"Set just 500 metres from Le Volcan, ""L'ancre"" Studio Perret Pleine vue mer offers accommodation in Le Havre with access to a casino, free bikes, as well as a lift. ",Le Havre,49.486642,0.1112206
420,Les chambres du Chat Perché,https://www.booking.com/hotel/fr/les-chambres-du-chat-perche.en-gb.html?aid=304142&label=gen173nr-1FCAQoggJCD3NlYXJjaF9sZSBoYXZyZUgzWARoTYgBAZgBCbgBCsgBBdgBAegBAfgBA4gCAagCA7gCts_QuAbAAgHSAiQ5ZjdmOGQxNi1jYTE3LTQ5ZTUtOWEwOC0zMGRiNWM1M2E2NjPYAgXgAgE&ucfs=1&arphpl=1&group_adults=2&req_adults=2&no_rooms=1&group_children=0&req_children=0&hpos=2&hapos=2&sr_order=popularity&srpvid=5f36989a7186003d&srepoch=1729374134&from=searchresults,9.5,"Offering a garden and city view, Les chambres du Chat Perché is set in Le Havre, 1.5 km from Le Havre Beach and 500 metres from Saint-Michel's Church. ",Le Havre,49.49948951,0.10641825
421,Hilton Garden Inn Le Havre Centre,https://www.booking.com/hotel/fr/hilton-garden-inn-le-havre-centre.en-gb.html?aid=304142&label=gen173nr-1FCAQoggJCD3NlYXJjaF9sZSBoYXZyZUgzWARoTYgBAZgBCbgBCsgBBdgBAegBAfgBA4gCAagCA7gCts_QuAbAAgHSAiQ5ZjdmOGQxNi1jYTE3LTQ5ZTUtOWEwOC0zMGRiNWM1M2E2NjPYAgXgAgE&ucfs=1&arphpl=1&group_adults=2&req_adults=2&no_rooms=1&group_children=0&req_children=0&hpos=1&hapos=1&sr_order=popularity&srpvid=5f36989a7186003d&srepoch=1729374134&from_sustainable_property_sr=1&from=searchresults,8.7,,Le Havre,49.49008699,0.09774696
422,Logis Hôtel Victor Hugo & Spa,https://www.booking.com/hotel/fr/logis-de-france-florel.en-gb.html?aid=304142&label=gen173nr-1FCAQoggJCD3NlYXJjaF9iZXNhbmNvbkgzWARoTYgBAZgBCbgBCsgBBdgBAegBAfgBA4gCAagCA7gCtc_QuAbAAgHSAiQ2NjIyNjZhOS0yMWY1LTQ1ZGMtYjYyNy1lODhkNGI0MjAyYTjYAgXgAgE&ucfs=1&arphpl=1&group_adults=2&req_adults=2&no_rooms=1&group_children=0&req_children=0&hpos=24&hapos=24&sr_order=popularity&srpvid=4deb989a0e43032b&srepoch=1729374134&from=searchresults,8.3,Logis Hôtel Victor Hugo & Spa offers accommodation 50 metres from Viotte train station and just 15 minutes' walking distance from the historic city centre of Besançon. ,Besancon,47.24741871,6.02364331
423,Résidence Charles Quint,https://www.booking.com/hotel/fr/ra-c-sidence-charles-quint.en-gb.html?aid=304142&label=gen173nr-1FCAQoggJCD3NlYXJjaF9iZXNhbmNvbkgzWARoTYgBAZgBCbgBCsgBBdgBAegBAfgBA4gCAagCA7gCtc_QuAbAAgHSAiQ2NjIyNjZhOS0yMWY1LTQ1ZGMtYjYyNy1lODhkNGI0MjAyYTjYAgXgAgE&ucfs=1&arphpl=1&group_adults=2&req_adults=2&no_rooms=1&group_children=0&req_children=0&hpos=23&hapos=23&sr_order=popularity&srpvid=4deb989a0e43032b&srepoch=1729374134&from=searchresults,8.7,"Résidence Charles Quint is set in an 18th-century building in the historical centre of Besançon, offering both double rooms and self-catering apartments. The building features a garden and a...",Besancon,47.23347773,6.03081581
424,ibis Besançon Centre la City,https://www.booking.com/hotel/fr/ibis-besancon-la-city.en-gb.html?aid=304142&label=gen173nr-1FCAQoggJCD3NlYXJjaF9iZXNhbmNvbkgzWARoTYgBAZgBCbgBCsgBBdgBAegBAfgBA4gCAagCA7gCtc_QuAbAAgHSAiQ2NjIyNjZhOS0yMWY1LTQ1ZGMtYjYyNy1lODhkNGI0MjAyYTjYAgXgAgE&ucfs=1&arphpl=1&group_adults=2&req_adults=2&no_rooms=1&group_children=0&req_children=0&hpos=22&hapos=22&sr_order=popularity&srpvid=4deb989a0e43032b&srepoch=1729374134&from_sustainable_property_sr=1&from=searchresults,7.7,"Located on the banks of the Doubs River within the business complex known as La City, this ibis hotel is a 10-minute walk from Besançon city centre and its museums and a 35-minute walk from Citadelle....",Besancon,47.2354914,6.01498839
425,Appartement proche centre parking & terrasse,https://www.booking.com/hotel/fr/appartement-le-charme-de-la-boucle-du-doubs.en-gb.html?aid=304142&label=gen173nr-1FCAQoggJCD3NlYXJjaF9iZXNhbmNvbkgzWARoTYgBAZgBCbgBCsgBBdgBAegBAfgBA4gCAagCA7gCtc_QuAbAAgHSAiQ2NjIyNjZhOS0yMWY1LTQ1ZGMtYjYyNy1lODhkNGI0MjAyYTjYAgXgAgE&ucfs=1&arphpl=1&group_adults=2&req_adults=2&no_rooms=1&group_children=0&req_children=0&hpos=21&hapos=21&sr_order=popularity&srpvid=4deb989a0e43032b&srepoch=1729374134&from=searchresults,9.8,"Set 1.6 km from Besancon Viotte Train Station, 6.1 km from Micropolis and 13 km from Besançon Franche-Comté TGV train station, Appartement proche centre parking & terrasse offers accommodation located...",Besancon,47.23862632,6.03485523
426,ibis budget Besançon Centre Gare,https://www.booking.com/hotel/fr/ibis-budget-besanasson-centre-gare.en-gb.html?aid=304142&label=gen173nr-1FCAQoggJCD3NlYXJjaF9iZXNhbmNvbkgzWARoTYgBAZgBCbgBCsgBBdgBAegBAfgBA4gCAagCA7gCtc_QuAbAAgHSAiQ2NjIyNjZhOS0yMWY1LTQ1ZGMtYjYyNy1lODhkNGI0MjAyYTjYAgXgAgE&ucfs=1&arphpl=1&group_adults=2&req_adults=2&no_rooms=1&group_children=0&req_children=0&hpos=20&hapos=20&sr_order=popularity&srpvid=4deb989a0e43032b&srepoch=1729374134&from_sustainable_property_sr=1&from=searchresults,7.7,"Located in Besançon, just 100 metres from Gare de la Viotte Train Station, ibis budget Besançon Centre Gare offers simple rooms with free Wi-Fi and a 24-hour access. ",Besancon,47.24684641,6.02312028
427,Studio centre-ville,https://www.booking.com/hotel/fr/studio-centre-ville-besancon1.en-gb.html?aid=304142&label=gen173nr-1FCAQoggJCD3NlYXJjaF9iZXNhbmNvbkgzWARoTYgBAZgBCbgBCsgBBdgBAegBAfgBA4gCAagCA7gCtc_QuAbAAgHSAiQ2NjIyNjZhOS0yMWY1LTQ1ZGMtYjYyNy1lODhkNGI0MjAyYTjYAgXgAgE&ucfs=1&arphpl=1&group_adults=2&req_adults=2&no_rooms=1&group_children=0&req_children=0&hpos=19&hapos=19&sr_order=popularity&srpvid=4deb989a0e43032b&srepoch=1729374134&from=searchresults,8.7,"Located 1.2 km from Besançon-Mouillère train station, 5 km from Micropolis and 12 km from Besançon Franche-Comté TGV train station, Studio centre-ville provides accommodation situated in Besançon. ",Besancon,47.2419692,6.0204702
428,Comfort Aparthotel Besancon La City,https://www.booking.com/hotel/fr/citea-besancon.en-gb.html?aid=304142&label=gen173nr-1FCAQoggJCD3NlYXJjaF9iZXNhbmNvbkgzWARoTYgBAZgBCbgBCsgBBdgBAegBAfgBA4gCAagCA7gCtc_QuAbAAgHSAiQ2NjIyNjZhOS0yMWY1LTQ1ZGMtYjYyNy1lODhkNGI0MjAyYTjYAgXgAgE&ucfs=1&arphpl=1&group_adults=2&req_adults=2&no_rooms=1&group_children=0&req_children=0&hpos=18&hapos=18&sr_order=popularity&srpvid=4deb989a0e43032b&srepoch=1729374134&from_sustainable_property_sr=1&from=searchresults,7.8,,Besancon,47.23568252,6.0140115
429,Studio 1 personne Au pied de la Citadelle,https://www.booking.com/hotel/fr/studio-1-personne-au-pied-de-la-citadelle.en-gb.html?aid=304142&label=gen173nr-1FCAQoggJCD3NlYXJjaF9iZXNhbmNvbkgzWARoTYgBAZgBCbgBCsgBBdgBAegBAfgBA4gCAagCA7gCtc_QuAbAAgHSAiQ2NjIyNjZhOS0yMWY1LTQ1ZGMtYjYyNy1lODhkNGI0MjAyYTjYAgXgAgE&ucfs=1&arphpl=1&group_adults=2&req_adults=2&no_rooms=1&group_children=0&req_children=0&hpos=16&hapos=16&sr_order=popularity&srpvid=4deb989a0e43032b&srepoch=1729374134&from=searchresults,5.0,"Studio 1 personne Au pied de la Citadelle is situated in the Besancon Old Town district of Besançon, 1.8 km from Besancon Viotte Train Station, 5 km from Micropolis and 13 km from Besançon...",Besancon,47.2344302,6.0292384
430,ibis Styles Besançon,https://www.booking.com/hotel/fr/besancon.en-gb.html?aid=304142&label=gen173nr-1FCAQoggJCD3NlYXJjaF9iZXNhbmNvbkgzWARoTYgBAZgBCbgBCsgBBdgBAegBAfgBA4gCAagCA7gCtc_QuAbAAgHSAiQ2NjIyNjZhOS0yMWY1LTQ1ZGMtYjYyNy1lODhkNGI0MjAyYTjYAgXgAgE&ucfs=1&arphpl=1&group_adults=2&req_adults=2&no_rooms=1&group_children=0&req_children=0&hpos=17&hapos=17&sr_order=popularity&srpvid=4deb989a0e43032b&srepoch=1729374134&from_sustainable_property_sr=1&from=searchresults,7.9,"Conveniently located in a park, ibis Styles Besançon is a 15-minute walk from the TGV Train Station and the centre of Besançon. It features an outdoor swimming pool with a sun terrace and free Wi-Fi. ",Besancon,47.25425346,6.0216397
431,L'appartement du voisin d'Hugo,https://www.booking.com/hotel/fr/appartement-du-voisin-d-hugo.en-gb.html?aid=304142&label=gen173nr-1FCAQoggJCD3NlYXJjaF9iZXNhbmNvbkgzWARoTYgBAZgBCbgBCsgBBdgBAegBAfgBA4gCAagCA7gCtc_QuAbAAgHSAiQ2NjIyNjZhOS0yMWY1LTQ1ZGMtYjYyNy1lODhkNGI0MjAyYTjYAgXgAgE&ucfs=1&arphpl=1&group_adults=2&req_adults=2&no_rooms=1&group_children=0&req_children=0&hpos=15&hapos=15&sr_order=popularity&srpvid=4deb989a0e43032b&srepoch=1729374134&from=searchresults,8.4,"Offering city views, L'appartement du voisin d'Hugo is an accommodation located in Besançon, 1.8 km from Besancon Viotte Train Station and 5.1 km from Micropolis. ",Besancon,47.23473903,6.02951074
432,Studio 202 au 15 rue Battant à Besançon,https://www.booking.com/hotel/fr/studio-202-au-15-rue-battant-a-besancon.en-gb.html?aid=304142&label=gen173nr-1FCAQoggJCD3NlYXJjaF9iZXNhbmNvbkgzWARoTYgBAZgBCbgBCsgBBdgBAegBAfgBA4gCAagCA7gCtc_QuAbAAgHSAiQ2NjIyNjZhOS0yMWY1LTQ1ZGMtYjYyNy1lODhkNGI0MjAyYTjYAgXgAgE&ucfs=1&arphpl=1&group_adults=2&req_adults=2&no_rooms=1&group_children=0&req_children=0&hpos=14&hapos=14&sr_order=popularity&srpvid=4deb989a0e43032b&srepoch=1729374134&from=searchresults,8.2,"Located 1.3 km from Besançon-Mouillère train station, 4.2 km from Micropolis and 12 km from Besançon Franche-Comté TGV train station, Studio 202 au 15 rue Battant à Besançon provides accommodation...",Besancon,47.24072192,6.02016555
433,Appartment Les Suites Du Parc,https://www.booking.com/hotel/fr/appartment-les-suites-du-parc.en-gb.html?aid=304142&label=gen173nr-1FCAQoggJCD3NlYXJjaF9iZXNhbmNvbkgzWARoTYgBAZgBCbgBCsgBBdgBAegBAfgBA4gCAagCA7gCtc_QuAbAAgHSAiQ2NjIyNjZhOS0yMWY1LTQ1ZGMtYjYyNy1lODhkNGI0MjAyYTjYAgXgAgE&ucfs=1&arphpl=1&group_adults=2&req_adults=2&no_rooms=1&group_children=0&req_children=0&hpos=13&hapos=13&sr_order=popularity&srpvid=4deb989a0e43032b&srepoch=1729374134&from=searchresults,7.9,"Offering a tennis court and garden view, Appartment Les Suites Du Parc is located in Besançon, 200 metres from Besancon Viotte Train Station and 1.2 km from Besançon-Mouillère train station. ",Besancon,47.2460398,6.0231621
434,Nouveau - Harmonie - Home-One,https://www.booking.com/hotel/fr/nouveau-harmonie-home-one.en-gb.html?aid=304142&label=gen173nr-1FCAQoggJCD3NlYXJjaF9iZXNhbmNvbkgzWARoTYgBAZgBCbgBCsgBBdgBAegBAfgBA4gCAagCA7gCtc_QuAbAAgHSAiQ2NjIyNjZhOS0yMWY1LTQ1ZGMtYjYyNy1lODhkNGI0MjAyYTjYAgXgAgE&ucfs=1&arphpl=1&group_adults=2&req_adults=2&no_rooms=1&group_children=0&req_children=0&hpos=12&hapos=12&sr_order=popularity&srpvid=4deb989a0e43032b&srepoch=1729374134&from=searchresults,8.8,"Nouveau - Harmonie - Home-One is located in Besançon, 1.2 km from Besançon-Mouillère train station, 4.9 km from Micropolis, as well as 11 km from Besançon Franche-Comté TGV train station. ",Besancon,47.2459538,6.0230912
435,Studio 302 au 15 rue Battant à Besançon,https://www.booking.com/hotel/fr/studio-ndeg302-au-15-rue-battant-a-besancon.en-gb.html?aid=304142&label=gen173nr-1FCAQoggJCD3NlYXJjaF9iZXNhbmNvbkgzWARoTYgBAZgBCbgBCsgBBdgBAegBAfgBA4gCAagCA7gCtc_QuAbAAgHSAiQ2NjIyNjZhOS0yMWY1LTQ1ZGMtYjYyNy1lODhkNGI0MjAyYTjYAgXgAgE&ucfs=1&arphpl=1&group_adults=2&req_adults=2&no_rooms=1&group_children=0&req_children=0&hpos=11&hapos=11&sr_order=popularity&srpvid=4deb989a0e43032b&srepoch=1729374134&from=searchresults,8.1,"Studio 302 au 15 rue Battant à Besançon is set in Besançon, 1.3 km from Besançon-Mouillère train station, 4.3 km from Micropolis, as well as 12 km from Besançon Franche-Comté TGV train station. ",Besancon,47.24070902,6.02021017
436,Au Duplex d'Or Centre Historique,https://www.booking.com/hotel/fr/au-duplex-d-or-centre-historique.en-gb.html?aid=304142&label=gen173nr-1FCAQoggJCD3NlYXJjaF9iZXNhbmNvbkgzWARoTYgBAZgBCbgBCsgBBdgBAegBAfgBA4gCAagCA7gCtc_QuAbAAgHSAiQ2NjIyNjZhOS0yMWY1LTQ1ZGMtYjYyNy1lODhkNGI0MjAyYTjYAgXgAgE&ucfs=1&arphpl=1&group_adults=2&req_adults=2&no_rooms=1&group_children=0&req_children=0&hpos=10&hapos=10&sr_order=popularity&srpvid=4deb989a0e43032b&srepoch=1729374134&from_sustainable_property_sr=1&from=searchresults,9.9,"In the centre of Besançon, located within a short distance of Besançon-Mouillère train station and Besancon Viotte Train Station, Au Duplex d'Or Centre Historique offers free WiFi, air conditioning...",Besancon,47.23366436,6.0291489
437,"L'île d'Olive, appartement entier 2 à 4 personnes terrasse 25 m2 Besançon, proche CV, Micropolis et CHU",https://www.booking.com/hotel/fr/appartement-tres-calme-a-besancon-pour-2-personnes-avec-grande-terrasse.en-gb.html?aid=304142&label=gen173nr-1FCAQoggJCD3NlYXJjaF9iZXNhbmNvbkgzWARoTYgBAZgBCbgBCsgBBdgBAegBAfgBA4gCAagCA7gCtc_QuAbAAgHSAiQ2NjIyNjZhOS0yMWY1LTQ1ZGMtYjYyNy1lODhkNGI0MjAyYTjYAgXgAgE&ucfs=1&arphpl=1&group_adults=2&req_adults=2&no_rooms=1&group_children=0&req_children=0&hpos=9&hapos=9&sr_order=popularity&srpvid=4deb989a0e43032b&srepoch=1729374134&from=searchresults,9.2,"Situated in Besançon in the Franche-Comté region, with Besancon Viotte Train Station and Time museum of Besançon nearby, L'île d'Olive, appartement entier 2 à 4 personnes terrasse 25 m2 Besançon,...",Besancon,47.2366798,6.0076126
438,L'adresse à Besançon,https://www.booking.com/hotel/fr/l-39-adresse-a-besancon.en-gb.html?aid=304142&label=gen173nr-1FCAQoggJCD3NlYXJjaF9iZXNhbmNvbkgzWARoTYgBAZgBCbgBCsgBBdgBAegBAfgBA4gCAagCA7gCtc_QuAbAAgHSAiQ2NjIyNjZhOS0yMWY1LTQ1ZGMtYjYyNy1lODhkNGI0MjAyYTjYAgXgAgE&ucfs=1&arphpl=1&group_adults=2&req_adults=2&no_rooms=1&group_children=0&req_children=0&hpos=8&hapos=8&sr_order=popularity&srpvid=4deb989a0e43032b&srepoch=1729374134&from_sustainable_property_sr=1&from=searchresults,9.6,"Situated in Besançon, in a historic building, less than 1 km from Besancon Viotte Train Station, L'adresse à Besançon is an apartment with a garden and barbecue facilities. ",Besancon,47.24736834,6.03148374
439,Les Fabuleux appartements du Coeur de ville - Place Victor Hugo,https://www.booking.com/hotel/fr/face-a-victor-besancon.en-gb.html?aid=304142&label=gen173nr-1FCAQoggJCD3NlYXJjaF9iZXNhbmNvbkgzWARoTYgBAZgBCbgBCsgBBdgBAegBAfgBA4gCAagCA7gCtc_QuAbAAgHSAiQ2NjIyNjZhOS0yMWY1LTQ1ZGMtYjYyNy1lODhkNGI0MjAyYTjYAgXgAgE&ucfs=1&arphpl=1&group_adults=2&req_adults=2&no_rooms=1&group_children=0&req_children=0&hpos=7&hapos=7&sr_order=popularity&srpvid=4deb989a0e43032b&srepoch=1729374134&from_sustainable_property_sr=1&from=searchresults,8.3,"Les Fabuleux appartements du Coeur de ville - Place Victor Hugo provides accommodation within 200 metres of the centre of Besançon, with free WiFi, and a kitchen with a dishwasher, an oven and a...",Besancon,47.23501264,6.02944083
440,Appartement avec sauna au pied de la citadelle,https://www.booking.com/hotel/fr/appartement-au-pied-de-la-citadelle-avec-sauna.en-gb.html?aid=304142&label=gen173nr-1FCAQoggJCD3NlYXJjaF9iZXNhbmNvbkgzWARoTYgBAZgBCbgBCsgBBdgBAegBAfgBA4gCAagCA7gCtc_QuAbAAgHSAiQ2NjIyNjZhOS0yMWY1LTQ1ZGMtYjYyNy1lODhkNGI0MjAyYTjYAgXgAgE&ucfs=1&arphpl=1&group_adults=2&req_adults=2&no_rooms=1&group_children=0&req_children=0&hpos=6&hapos=6&sr_order=popularity&srpvid=4deb989a0e43032b&srepoch=1729374134&from=searchresults,9.1,"Situated in the centre of Besançon, 1.1 km from Besançon-Mouillère train station, Appartement avec sauna au pied de la citadelle features accommodation with free WiFi and a sauna. ",Besancon,47.2338443,6.0287922
441,Hôtel Restaurant Spa Le Sauvage,https://www.booking.com/hotel/fr/ho-tel-le-sauvage-besanasson.en-gb.html?aid=304142&label=gen173nr-1FCAQoggJCD3NlYXJjaF9iZXNhbmNvbkgzWARoTYgBAZgBCbgBCsgBBdgBAegBAfgBA4gCAagCA7gCtc_QuAbAAgHSAiQ2NjIyNjZhOS0yMWY1LTQ1ZGMtYjYyNy1lODhkNGI0MjAyYTjYAgXgAgE&ucfs=1&arphpl=1&group_adults=2&req_adults=2&no_rooms=1&group_children=0&req_children=0&hpos=5&hapos=5&sr_order=popularity&srpvid=4deb989a0e43032b&srepoch=1729374134&from_sustainable_property_sr=1&from=searchresults,8.6,"Hôtel Restaurant Spa Le Sauvage, formerly the Clarisses Monestary, is located in the historic district of Besançon, 500 metres from the citadel's ancient walls. ",Besancon,47.23171767,6.02759153
442,Charmant cocon centre historique,https://www.booking.com/hotel/fr/charmant-cocon-centre-historique.en-gb.html?aid=304142&label=gen173nr-1FCAQoggJCD3NlYXJjaF9iZXNhbmNvbkgzWARoTYgBAZgBCbgBCsgBBdgBAegBAfgBA4gCAagCA7gCtc_QuAbAAgHSAiQ2NjIyNjZhOS0yMWY1LTQ1ZGMtYjYyNy1lODhkNGI0MjAyYTjYAgXgAgE&ucfs=1&arphpl=1&group_adults=2&req_adults=2&no_rooms=1&group_children=0&req_children=0&hpos=4&hapos=4&sr_order=popularity&srpvid=4deb989a0e43032b&srepoch=1729374134&from=searchresults,9.2,"Located in Besançon, 1.9 km from Besancon Viotte Train Station and 5.2 km from Micropolis, Charmant cocon centre historique provides accommodation with amenities such as free WiFi and a flat-screen...",Besancon,47.2345273,6.0274517
443,Chambre d'Hôtes La Villa Molina,https://www.booking.com/hotel/fr/la-villa-molina.en-gb.html?aid=304142&label=gen173nr-1FCAQoggJCD3NlYXJjaF9iZXNhbmNvbkgzWARoTYgBAZgBCbgBCsgBBdgBAegBAfgBA4gCAagCA7gCtc_QuAbAAgHSAiQ2NjIyNjZhOS0yMWY1LTQ1ZGMtYjYyNy1lODhkNGI0MjAyYTjYAgXgAgE&ucfs=1&arphpl=1&group_adults=2&req_adults=2&no_rooms=1&group_children=0&req_children=0&hpos=3&hapos=3&sr_order=popularity&srpvid=4deb989a0e43032b&srepoch=1729374134&from=searchresults,9.3,"Set in a tree-lined garden with a shaded terrace, this French villa is located a 5-minute walk from Viotte Train Station. ",Besancon,47.25044475,6.02088064
444,- N26- Studio calme et lumineux cœur de ville,https://www.booking.com/hotel/fr/charmant-studio-coeur-de-ville-besancon.en-gb.html?aid=304142&label=gen173nr-1FCAQoggJCD3NlYXJjaF9iZXNhbmNvbkgzWARoTYgBAZgBCbgBCsgBBdgBAegBAfgBA4gCAagCA7gCtc_QuAbAAgHSAiQ2NjIyNjZhOS0yMWY1LTQ1ZGMtYjYyNy1lODhkNGI0MjAyYTjYAgXgAgE&ucfs=1&arphpl=1&group_adults=2&req_adults=2&no_rooms=1&group_children=0&req_children=0&hpos=2&hapos=2&sr_order=popularity&srpvid=4deb989a0e43032b&srepoch=1729374134&from=searchresults,8.7,"- N26- Studio calme et lumineux cœur de ville is located in the centre of Besançon, close to Besançon-Mouillère train station, Besancon Viotte Train Station and Time museum of Besançon. ",Besancon,47.23517188,6.02449345
445,Le New York Bisontin,https://www.booking.com/hotel/fr/le-new-york-bisontin.en-gb.html?aid=304142&label=gen173nr-1FCAQoggJCD3NlYXJjaF9iZXNhbmNvbkgzWARoTYgBAZgBCbgBCsgBBdgBAegBAfgBA4gCAagCA7gCtc_QuAbAAgHSAiQ2NjIyNjZhOS0yMWY1LTQ1ZGMtYjYyNy1lODhkNGI0MjAyYTjYAgXgAgE&ucfs=1&arphpl=1&group_adults=2&req_adults=2&no_rooms=1&group_children=0&req_children=0&hpos=1&hapos=1&sr_order=popularity&srpvid=4deb989a0e43032b&srepoch=1729374134&from=searchresults,9.4,"Situated in Besançon and only 500 metres from Besancon Viotte Train Station, Le New York Bisontin features accommodation with quiet street views, free WiFi and free private parking. ",Besancon,47.24818544,6.01924119
446,SPA - 4 Pers - NETFLIX - Gare - Parking,https://www.booking.com/hotel/fr/unique-spa-4-pers-netflix-gare.en-gb.html?aid=304142&label=gen173nr-1FCAQoggJCDXNlYXJjaF9hbWllbnNIM1gEaE2IAQGYAQm4AQrIAQXYAQHoAQH4AQOIAgGoAgO4ArXP0LgGwAIB0gIkZGFmMWEwOTgtODdlNS00OTgxLWIwYjYtMjNkZjZkNWQ1N2Yz2AIF4AIB&ucfs=1&arphpl=1&group_adults=2&req_adults=2&no_rooms=1&group_children=0&req_children=0&hpos=24&hapos=24&sr_order=popularity&srpvid=ee7c989aac240107&srepoch=1729374134&from=searchresults,9.0,"Featuring a spa bath, SPA - 4 Pers - NETFLIX - Gare - Parking is located in Amiens. This property offers access to a terrace, free private parking and free WiFi. ",Amiens,49.8926758,2.3082578
447,Grand Hotel de L'Univers,https://www.booking.com/hotel/fr/bwlunivers.en-gb.html?aid=304142&label=gen173nr-1FCAQoggJCDXNlYXJjaF9hbWllbnNIM1gEaE2IAQGYAQm4AQrIAQXYAQHoAQH4AQOIAgGoAgO4ArXP0LgGwAIB0gIkZGFmMWEwOTgtODdlNS00OTgxLWIwYjYtMjNkZjZkNWQ1N2Yz2AIF4AIB&ucfs=1&arphpl=1&group_adults=2&req_adults=2&no_rooms=1&group_children=0&req_children=0&hpos=23&hapos=23&sr_order=popularity&srpvid=ee7c989aac240107&srepoch=1729374134&from=searchresults,7.7,"This Grand Hotel de L'Univers is located in the heart of Amiens, just 100 metres from the train station. It offers soundproofed rooms equipped with satellite TV and free Wi-Fi access. ",Amiens,49.89125423,2.30433606
448,Côté Cathédrale,https://www.booking.com/hotel/fr/cote-cathedrale-amiens.en-gb.html?aid=304142&label=gen173nr-1FCAQoggJCDXNlYXJjaF9hbWllbnNIM1gEaE2IAQGYAQm4AQrIAQXYAQHoAQH4AQOIAgGoAgO4ArXP0LgGwAIB0gIkZGFmMWEwOTgtODdlNS00OTgxLWIwYjYtMjNkZjZkNWQ1N2Yz2AIF4AIB&ucfs=1&arphpl=1&group_adults=2&req_adults=2&no_rooms=1&group_children=0&req_children=0&hpos=22&hapos=22&sr_order=popularity&srpvid=ee7c989aac240107&srepoch=1729374134&from=searchresults,10.0,"Offering city views, Côté Cathédrale is an accommodation situated in Amiens, less than 1 km from Amiens Train Station and 3.5 km from Zénith d'Amiens. ",Amiens,49.8936263,2.301612
449,LES PERLES AMIENOISES✩BLACK PEARL☆HYPER CENTRE☆,https://www.booking.com/hotel/fr/les-perles-amienoisesblack-pearlhyper-centre.en-gb.html?aid=304142&label=gen173nr-1FCAQoggJCDXNlYXJjaF9hbWllbnNIM1gEaE2IAQGYAQm4AQrIAQXYAQHoAQH4AQOIAgGoAgO4ArXP0LgGwAIB0gIkZGFmMWEwOTgtODdlNS00OTgxLWIwYjYtMjNkZjZkNWQ1N2Yz2AIF4AIB&ucfs=1&arphpl=1&group_adults=2&req_adults=2&no_rooms=1&group_children=0&req_children=0&hpos=21&hapos=21&sr_order=popularity&srpvid=ee7c989aac240107&srepoch=1729374134&from=searchresults,9.1,"LES PERLES AMIENOISES✩BLACK PEARL☆HYPER CENTRE☆ is located in Amiens, 400 metres from Amiens Train Station, 3.8 km from Zénith d'Amiens, as well as 800 metres from The Floating gardens Park. ",Amiens,49.8925625,2.3052844
450,Chez Victor H,https://www.booking.com/hotel/fr/victor-hugo-amiens2.en-gb.html?aid=304142&label=gen173nr-1FCAQoggJCDXNlYXJjaF9hbWllbnNIM1gEaE2IAQGYAQm4AQrIAQXYAQHoAQH4AQOIAgGoAgO4ArXP0LgGwAIB0gIkZGFmMWEwOTgtODdlNS00OTgxLWIwYjYtMjNkZjZkNWQ1N2Yz2AIF4AIB&ucfs=1&arphpl=1&group_adults=2&req_adults=2&no_rooms=1&group_children=0&req_children=0&hpos=20&hapos=20&sr_order=popularity&srpvid=ee7c989aac240107&srepoch=1729374134&from=searchresults,8.2,"Located in Amiens and with Amiens Train Station reachable within 600 metres, Chez Victor H provides express check-in and check-out, non-smoking rooms, a garden, free WiFi throughout the property and a...",Amiens,49.8922894,2.30258571
451,"Une maison en ville, Hyper Centre ville, Spa",https://www.booking.com/hotel/fr/une-maison-en-ville-amiens.en-gb.html?aid=304142&label=gen173nr-1FCAQoggJCDXNlYXJjaF9hbWllbnNIM1gEaE2IAQGYAQm4AQrIAQXYAQHoAQH4AQOIAgGoAgO4ArXP0LgGwAIB0gIkZGFmMWEwOTgtODdlNS00OTgxLWIwYjYtMjNkZjZkNWQ1N2Yz2AIF4AIB&ucfs=1&arphpl=1&group_adults=2&req_adults=2&no_rooms=1&group_children=0&req_children=0&hpos=19&hapos=19&sr_order=popularity&srpvid=ee7c989aac240107&srepoch=1729374134&from=searchresults,8.9,"Set in Amiens, 2.5 km from Zénith d'Amiens and 1.7 km from The Floating gardens Park, Une maison en ville, Hyper Centre ville, Spa offers a garden, a shared lounge and free WiFi. ",Amiens,49.889702,2.2984392
452,Appartement Les Jardins de Jules Verne - Côté Mer,https://www.booking.com/hotel/fr/les-jardins-de-jules-verne-cote-mer.en-gb.html?aid=304142&label=gen173nr-1FCAQoggJCDXNlYXJjaF9hbWllbnNIM1gEaE2IAQGYAQm4AQrIAQXYAQHoAQH4AQOIAgGoAgO4ArXP0LgGwAIB0gIkZGFmMWEwOTgtODdlNS00OTgxLWIwYjYtMjNkZjZkNWQ1N2Yz2AIF4AIB&ucfs=1&arphpl=1&group_adults=2&req_adults=2&no_rooms=1&group_children=0&req_children=0&hpos=18&hapos=18&sr_order=popularity&srpvid=ee7c989aac240107&srepoch=1729374134&from=searchresults,9.0,"Appartement Les Jardins de Jules Verne - Côté Mer is set in Amiens, 2.8 km from Zénith d'Amiens, 1.5 km from Berny's Museum, and 2.4 km from The Floating gardens Park. ",Amiens,49.8860539,2.2902209
453,Mercure Amiens Cathédrale,https://www.booking.com/hotel/fr/mercure-amiens-cathdrale.en-gb.html?aid=304142&label=gen173nr-1FCAQoggJCDXNlYXJjaF9hbWllbnNIM1gEaE2IAQGYAQm4AQrIAQXYAQHoAQH4AQOIAgGoAgO4ArXP0LgGwAIB0gIkZGFmMWEwOTgtODdlNS00OTgxLWIwYjYtMjNkZjZkNWQ1N2Yz2AIF4AIB&ucfs=1&arphpl=1&group_adults=2&req_adults=2&no_rooms=1&group_children=0&req_children=0&hpos=17&hapos=17&sr_order=popularity&srpvid=ee7c989aac240107&srepoch=1729374134&from_sustainable_property_sr=1&from=searchresults,8.3,,Amiens,49.89571084,2.29956239
454,L Amiens Haussmann-Gare-Centre-ville Hortillonnages-WIFI,https://www.booking.com/hotel/fr/amiens-haussmann-wifi-5min-gare-centre-hortillonnages.en-gb.html?aid=304142&label=gen173nr-1FCAQoggJCDXNlYXJjaF9hbWllbnNIM1gEaE2IAQGYAQm4AQrIAQXYAQHoAQH4AQOIAgGoAgO4ArXP0LgGwAIB0gIkZGFmMWEwOTgtODdlNS00OTgxLWIwYjYtMjNkZjZkNWQ1N2Yz2AIF4AIB&ucfs=1&arphpl=1&group_adults=2&req_adults=2&no_rooms=1&group_children=0&req_children=0&hpos=16&hapos=16&sr_order=popularity&srpvid=ee7c989aac240107&srepoch=1729374134&from=searchresults,9.3,"Situated 3.8 km from Zénith d'Amiens, 600 metres from The Floating gardens Park and less than 1 km from Berny's Museum, L Amiens Haussmann-Gare-Centre-ville Hortillonnages-WIFI features accommodation...",Amiens,49.8928126,2.3104514
455,Odalys City Amiens Blamont,https://www.booking.com/hotel/fr/appart-39-odalys-blamont.en-gb.html?aid=304142&label=gen173nr-1FCAQoggJCDXNlYXJjaF9hbWllbnNIM1gEaE2IAQGYAQm4AQrIAQXYAQHoAQH4AQOIAgGoAgO4ArXP0LgGwAIB0gIkZGFmMWEwOTgtODdlNS00OTgxLWIwYjYtMjNkZjZkNWQ1N2Yz2AIF4AIB&ucfs=1&arphpl=1&group_adults=2&req_adults=2&no_rooms=1&group_children=0&req_children=0&hpos=15&hapos=15&sr_order=popularity&srpvid=ee7c989aac240107&srepoch=1729374134&from_sustainable_property_sr=1&from=searchresults,7.9,"Set within 2.8 km of Zénith d'Amiens and 900 metres of Berny's Museum in Amiens, Odalys City Amiens Blamont offers accommodation with free WiFi. ",Amiens,49.88714842,2.3116109
456,"Holiday Inn Express Amiens, an IHG Hotel",https://www.booking.com/hotel/fr/express-by-holiday-inn.en-gb.html?aid=304142&label=gen173nr-1FCAQoggJCDXNlYXJjaF9hbWllbnNIM1gEaE2IAQGYAQm4AQrIAQXYAQHoAQH4AQOIAgGoAgO4ArXP0LgGwAIB0gIkZGFmMWEwOTgtODdlNS00OTgxLWIwYjYtMjNkZjZkNWQ1N2Yz2AIF4AIB&ucfs=1&arphpl=1&group_adults=2&req_adults=2&no_rooms=1&group_children=0&req_children=0&hpos=14&hapos=14&sr_order=popularity&srpvid=ee7c989aac240107&srepoch=1729374134&from_sustainable_property_sr=1&from=searchresults,7.9,Holiday Inn Express offers comfortable guest rooms with free WiFi. It is located in the centre of Amiens just 50 metres from the Train Station and a 10-minute walk from the Cathedral. ,Amiens,49.8916762,2.30775386
457,Le Cottage des Hortillonnages,https://www.booking.com/hotel/fr/le-cottage-des-hortillons.en-gb.html?aid=304142&label=gen173nr-1FCAQoggJCDXNlYXJjaF9hbWllbnNIM1gEaE2IAQGYAQm4AQrIAQXYAQHoAQH4AQOIAgGoAgO4ArXP0LgGwAIB0gIkZGFmMWEwOTgtODdlNS00OTgxLWIwYjYtMjNkZjZkNWQ1N2Yz2AIF4AIB&ucfs=1&arphpl=1&group_adults=2&req_adults=2&no_rooms=1&group_children=0&req_children=0&hpos=13&hapos=13&sr_order=popularity&srpvid=ee7c989aac240107&srepoch=1729374134&from_sustainable_property_sr=1&from=searchresults,9.2,"Located in Amiens, 1.5 km from Amiens Train Station and 5.1 km from Zénith d'Amiens, Le Cottage des Hortillonnages offers a garden and air conditioning. ",Amiens,49.89755206,2.31635948
458,Cocon centre ville - gare,https://www.booking.com/hotel/fr/cocon-centre-ville-gare.en-gb.html?aid=304142&label=gen173nr-1FCAQoggJCDXNlYXJjaF9hbWllbnNIM1gEaE2IAQGYAQm4AQrIAQXYAQHoAQH4AQOIAgGoAgO4ArXP0LgGwAIB0gIkZGFmMWEwOTgtODdlNS00OTgxLWIwYjYtMjNkZjZkNWQ1N2Yz2AIF4AIB&ucfs=1&arphpl=1&group_adults=2&req_adults=2&no_rooms=1&group_children=0&req_children=0&hpos=12&hapos=12&sr_order=popularity&srpvid=ee7c989aac240107&srepoch=1729374134&from=searchresults,9.7,"Cocon centre ville - gare has a patio and is situated in Amiens, within just less than 1 km of Berny's Museum and a 17-minute walk of The Floating gardens Park. ",Amiens,49.8865202,2.3022562
459,ibis budget Amiens Centre Gare,https://www.booking.com/hotel/fr/ibis-budget-amiens-centre-gare.en-gb.html?aid=304142&label=gen173nr-1FCAQoggJCDXNlYXJjaF9hbWllbnNIM1gEaE2IAQGYAQm4AQrIAQXYAQHoAQH4AQOIAgGoAgO4ArXP0LgGwAIB0gIkZGFmMWEwOTgtODdlNS00OTgxLWIwYjYtMjNkZjZkNWQ1N2Yz2AIF4AIB&ucfs=1&arphpl=1&group_adults=2&req_adults=2&no_rooms=1&group_children=0&req_children=0&hpos=11&hapos=11&sr_order=popularity&srpvid=ee7c989aac240107&srepoch=1729374134&from_sustainable_property_sr=1&from=searchresults,8.0,,Amiens,49.891591,2.313573
460,B&B HOTEL Amiens Centre Cathédrale,https://www.booking.com/hotel/fr/ibis-amiens-centre-cathedrale.en-gb.html?aid=304142&label=gen173nr-1FCAQoggJCDXNlYXJjaF9hbWllbnNIM1gEaE2IAQGYAQm4AQrIAQXYAQHoAQH4AQOIAgGoAgO4ArXP0LgGwAIB0gIkZGFmMWEwOTgtODdlNS00OTgxLWIwYjYtMjNkZjZkNWQ1N2Yz2AIF4AIB&ucfs=1&arphpl=1&group_adults=2&req_adults=2&no_rooms=1&group_children=0&req_children=0&hpos=10&hapos=10&sr_order=popularity&srpvid=ee7c989aac240107&srepoch=1729374134&from_sustainable_property_sr=1&from=searchresults,7.9,"Offering a restaurant and free Wi-Fi, B&B HOTEL Amiens Centre Cathédrale is located in the centre of Amiens. Rooms here will provide you with a flat-screen TV and a desk. ",Amiens,49.891999,2.29197
461,Maison Longuevie,https://www.booking.com/hotel/fr/longuevie.en-gb.html?aid=304142&label=gen173nr-1FCAQoggJCDXNlYXJjaF9hbWllbnNIM1gEaE2IAQGYAQm4AQrIAQXYAQHoAQH4AQOIAgGoAgO4ArXP0LgGwAIB0gIkZGFmMWEwOTgtODdlNS00OTgxLWIwYjYtMjNkZjZkNWQ1N2Yz2AIF4AIB&ucfs=1&arphpl=1&group_adults=2&req_adults=2&no_rooms=1&group_children=0&req_children=0&hpos=8&hapos=8&sr_order=popularity&srpvid=ee7c989aac240107&srepoch=1729374134&from=searchresults,9.4,"Set in Amiens, 400 metres from the Museum of Picardy, Maison Longuevie offers accommodation with free WiFi and flat-screen TV, as well as a garden and a terrace. ",Amiens,49.887694,2.294524
462,Moxy Amiens,https://www.booking.com/hotel/fr/campanile-amiens-centre-gare.en-gb.html?aid=304142&label=gen173nr-1FCAQoggJCDXNlYXJjaF9hbWllbnNIM1gEaE2IAQGYAQm4AQrIAQXYAQHoAQH4AQOIAgGoAgO4ArXP0LgGwAIB0gIkZGFmMWEwOTgtODdlNS00OTgxLWIwYjYtMjNkZjZkNWQ1N2Yz2AIF4AIB&ucfs=1&arphpl=1&group_adults=2&req_adults=2&no_rooms=1&group_children=0&req_children=0&hpos=9&hapos=9&sr_order=popularity&srpvid=ee7c989aac240107&srepoch=1729374134&from_sustainable_property_sr=1&from=searchresults,8.5,,Amiens,49.891249,2.30953
463,Nemea Appart Hotel Coliseum Amiens Centre,https://www.booking.com/hotel/fr/nemea-appart-coliseum.en-gb.html?aid=304142&label=gen173nr-1FCAQoggJCDXNlYXJjaF9hbWllbnNIM1gEaE2IAQGYAQm4AQrIAQXYAQHoAQH4AQOIAgGoAgO4ArXP0LgGwAIB0gIkZGFmMWEwOTgtODdlNS00OTgxLWIwYjYtMjNkZjZkNWQ1N2Yz2AIF4AIB&ucfs=1&arphpl=1&group_adults=2&req_adults=2&no_rooms=1&group_children=0&req_children=0&hpos=7&hapos=7&sr_order=popularity&srpvid=ee7c989aac240107&srepoch=1729374134&from=searchresults,8.5,"Featuring 3-star accommodation, Nemea Appart Hotel Coliseum Amiens Centre is set in Amiens, 1.7 km from Amiens Train Station and 1.9 km from Zénith d'Amiens. ",Amiens,49.8921749,2.2889352
464,Les Hortensias Blancs Studio,https://www.booking.com/hotel/fr/les-hortensias-blancs.en-gb.html?aid=304142&label=gen173nr-1FCAQoggJCDXNlYXJjaF9hbWllbnNIM1gEaE2IAQGYAQm4AQrIAQXYAQHoAQH4AQOIAgGoAgO4ArXP0LgGwAIB0gIkZGFmMWEwOTgtODdlNS00OTgxLWIwYjYtMjNkZjZkNWQ1N2Yz2AIF4AIB&ucfs=1&arphpl=1&group_adults=2&req_adults=2&no_rooms=1&group_children=0&req_children=0&hpos=6&hapos=6&sr_order=popularity&srpvid=ee7c989aac240107&srepoch=1729374134&from=searchresults,9.5,"Offering quiet street views, Les Hortensias Blancs Studio is an accommodation situated in Amiens, 3 km from Zénith d'Amiens and 1.1 km from The Floating gardens Park. ",Amiens,49.8961405,2.3007116
465,Le Quai amiénois - Nid douillet moderne face à la Cathédrale,https://www.booking.com/hotel/fr/nid-douillet-moderne-face-a-la-cathedrale.en-gb.html?aid=304142&label=gen173nr-1FCAQoggJCDXNlYXJjaF9hbWllbnNIM1gEaE2IAQGYAQm4AQrIAQXYAQHoAQH4AQOIAgGoAgO4ArXP0LgGwAIB0gIkZGFmMWEwOTgtODdlNS00OTgxLWIwYjYtMjNkZjZkNWQ1N2Yz2AIF4AIB&ucfs=1&arphpl=1&group_adults=2&req_adults=2&no_rooms=1&group_children=0&req_children=0&hpos=5&hapos=5&sr_order=popularity&srpvid=ee7c989aac240107&srepoch=1729374134&from=searchresults,8.9,"Le Quai amiénois - Nid douillet moderne face à la Cathédrale is set in Amiens, 3.4 km from Zénith d'Amiens, 700 metres from The Floating gardens Park, as well as 600 metres from Berny's Museum. ",Amiens,49.8961556,2.3056946
466,Hotel Le Prieuré et La Résidence,https://www.booking.com/hotel/fr/le-prieure-amiens.en-gb.html?aid=304142&label=gen173nr-1FCAQoggJCDXNlYXJjaF9hbWllbnNIM1gEaE2IAQGYAQm4AQrIAQXYAQHoAQH4AQOIAgGoAgO4ArXP0LgGwAIB0gIkZGFmMWEwOTgtODdlNS00OTgxLWIwYjYtMjNkZjZkNWQ1N2Yz2AIF4AIB&ucfs=1&arphpl=1&group_adults=2&req_adults=2&no_rooms=1&group_children=0&req_children=0&hpos=4&hapos=4&sr_order=popularity&srpvid=ee7c989aac240107&srepoch=1729374134&from_sustainable_property_sr=1&from=searchresults,8.4,"Located in Amiens city centre, Hotel Le Prieuré et la Résidence are at the foot of the Amiens Cathedral. It offers free Wi-Fi internet access and individually-decorated rooms with antique furnishings....",Amiens,49.89444519,2.30094239
467,ibis Styles Amiens Centre,https://www.booking.com/hotel/fr/ibis-styles-amiens-centre.en-gb.html?aid=304142&label=gen173nr-1FCAQoggJCDXNlYXJjaF9hbWllbnNIM1gEaE2IAQGYAQm4AQrIAQXYAQHoAQH4AQOIAgGoAgO4ArXP0LgGwAIB0gIkZGFmMWEwOTgtODdlNS00OTgxLWIwYjYtMjNkZjZkNWQ1N2Yz2AIF4AIB&ucfs=1&arphpl=1&group_adults=2&req_adults=2&no_rooms=1&group_children=0&req_children=0&hpos=3&hapos=3&sr_order=popularity&srpvid=ee7c989aac240107&srepoch=1729374134&from_sustainable_property_sr=1&from=searchresults,8.7,,Amiens,49.891422,2.304996
468,Appartement Les Jardins de Jules Verne - Côté Jardin,https://www.booking.com/hotel/fr/les-jardins-de-jules-verne-cote-jardin-amiens.en-gb.html?aid=304142&label=gen173nr-1FCAQoggJCDXNlYXJjaF9hbWllbnNIM1gEaE2IAQGYAQm4AQrIAQXYAQHoAQH4AQOIAgGoAgO4ArXP0LgGwAIB0gIkZGFmMWEwOTgtODdlNS00OTgxLWIwYjYtMjNkZjZkNWQ1N2Yz2AIF4AIB&ucfs=1&arphpl=1&group_adults=2&req_adults=2&no_rooms=1&group_children=0&req_children=0&hpos=2&hapos=2&sr_order=popularity&srpvid=ee7c989aac240107&srepoch=1729374134&from_sustainable_property_sr=1&from=searchresults,9.1,"Boasting garden views, Appartement Les Jardins de Jules Verne - Côté Jardin features accommodation with a garden and a terrace, around 2.8 km from Zénith d'Amiens. ",Amiens,49.8860539,2.2902209
469,Ginkgo Maison d'hôtes,https://www.booking.com/hotel/fr/ginkgo-maison-d-39-hotes.en-gb.html?aid=304142&label=gen173nr-1FCAQoggJCDXNlYXJjaF9hbWllbnNIM1gEaE2IAQGYAQm4AQrIAQXYAQHoAQH4AQOIAgGoAgO4ArXP0LgGwAIB0gIkZGFmMWEwOTgtODdlNS00OTgxLWIwYjYtMjNkZjZkNWQ1N2Yz2AIF4AIB&ucfs=1&arphpl=1&group_adults=2&req_adults=2&no_rooms=1&group_children=0&req_children=0&hpos=1&hapos=1&sr_order=popularity&srpvid=ee7c989aac240107&srepoch=1729374134&from=searchresults,9.2,"Featuring a garden and views of city, Ginkgo Maison d'hôtes is a guest house set in a historic building in Amiens, 1.3 km from Amiens Train Station. ",Amiens,49.887125,2.295143
470,Le Petit Grillo - Gite proche des gorges du Verdon,https://www.booking.com/hotel/fr/le-petit-grillo-gite-proche-du-verdon.en-gb.html?aid=304142&label=gen173nr-1FCAQoggJCF3NlYXJjaF9nb3JnZXMgZHUgdmVyZG9uSDNYBGhNiAEBmAEJuAEKyAEF2AEB6AEB-AEDiAIBqAIDuAK1z9C4BsACAdICJDQ3ODhhOTMxLTFiMjAtNGUzYy1iMmU4LWVhMmFjZTY5YmRhZNgCBeACAQ&ucfs=1&arphpl=1&group_adults=2&req_adults=2&no_rooms=1&group_children=0&req_children=0&hpos=24&hapos=24&sr_order=popularity&srpvid=28e4989a5a96003d&srepoch=1729374133&from_sustainable_property_sr=1&from=searchresults,9.1,"Set in Allemagne-en-Provence in the Provence-Alpes-Côte d'Azur region, Le Petit Grillo - Gite proche des gorges du Verdon has a garden. ",Gorges du Verdon,43.79260084,6.02548681
471,L'Establoun,https://www.booking.com/hotel/fr/l-39-establoun.en-gb.html?aid=304142&label=gen173nr-1FCAQoggJCF3NlYXJjaF9nb3JnZXMgZHUgdmVyZG9uSDNYBGhNiAEBmAEJuAEKyAEF2AEB6AEB-AEDiAIBqAIDuAK1z9C4BsACAdICJDQ3ODhhOTMxLTFiMjAtNGUzYy1iMmU4LWVhMmFjZTY5YmRhZNgCBeACAQ&ucfs=1&arphpl=1&group_adults=2&req_adults=2&no_rooms=1&group_children=0&req_children=0&hpos=23&hapos=23&sr_order=popularity&srpvid=28e4989a5a96003d&srepoch=1729374133&from_sustainable_property_sr=1&from=searchresults,9.2,"Featuring air-conditioned accommodation with a private pool, pool view and a terrace, L'Establoun is located in Saint-Martin-de-Brômes. ",Gorges du Verdon,43.76942015,5.95150132
472,Verdon Secret - L'escapade parfaite,https://www.booking.com/hotel/fr/appart-t3-au-coeur-de-greoux-les-bains.en-gb.html?aid=304142&label=gen173nr-1FCAQoggJCF3NlYXJjaF9nb3JnZXMgZHUgdmVyZG9uSDNYBGhNiAEBmAEJuAEKyAEF2AEB6AEB-AEDiAIBqAIDuAK1z9C4BsACAdICJDQ3ODhhOTMxLTFiMjAtNGUzYy1iMmU4LWVhMmFjZTY5YmRhZNgCBeACAQ&ucfs=1&arphpl=1&group_adults=2&req_adults=2&no_rooms=1&group_children=0&req_children=0&hpos=22&hapos=22&sr_order=popularity&srpvid=28e4989a5a96003d&srepoch=1729374133&from_sustainable_property_sr=1&from=searchresults,8.6,"Set in Gréoux-les-Bains, Verdon Secret - L'escapade parfaite has a recently renovated accommodation 22 km from Golf du Luberon. ",Gorges du Verdon,43.7588382,5.8844546
473,Auberge de Baudinard sur Verdon,https://www.booking.com/hotel/fr/auberge-de-baudinard.en-gb.html?aid=304142&label=gen173nr-1FCAQoggJCF3NlYXJjaF9nb3JnZXMgZHUgdmVyZG9uSDNYBGhNiAEBmAEJuAEKyAEF2AEB6AEB-AEDiAIBqAIDuAK1z9C4BsACAdICJDQ3ODhhOTMxLTFiMjAtNGUzYy1iMmU4LWVhMmFjZTY5YmRhZNgCBeACAQ&ucfs=1&arphpl=1&group_adults=2&req_adults=2&no_rooms=1&group_children=0&req_children=0&hpos=21&hapos=21&sr_order=popularity&srpvid=28e4989a5a96003d&srepoch=1729374133&from=searchresults,8.6,"L’Auberge de Baudinard, located besides Verdon Gorge River Canyon, is set in a Post Office from the 17th century. ",Gorges du Verdon,43.71600388,6.13406986
474,Le Chemin Neuf,https://www.booking.com/hotel/fr/le-chemin-neuf-greoux-les-bains.en-gb.html?aid=304142&label=gen173nr-1FCAQoggJCF3NlYXJjaF9nb3JnZXMgZHUgdmVyZG9uSDNYBGhNiAEBmAEJuAEKyAEF2AEB6AEB-AEDiAIBqAIDuAK1z9C4BsACAdICJDQ3ODhhOTMxLTFiMjAtNGUzYy1iMmU4LWVhMmFjZTY5YmRhZNgCBeACAQ&ucfs=1&arphpl=1&group_adults=2&req_adults=2&no_rooms=1&group_children=0&req_children=0&hpos=20&hapos=20&sr_order=popularity&srpvid=28e4989a5a96003d&srepoch=1729374133&from=searchresults,7.7,"Le Chemin Neuf features accommodation in Gréoux-les-Bains. With free WiFi, this 1-star hotel has a terrace and a restaurant. The property is non-smoking and is situated 22 km from Golf du Luberon. ",Gorges du Verdon,43.75885772,5.8853766
475,La Bastide du Calalou; BW Signature Collection,https://www.booking.com/hotel/fr/bastide-du-calalou.en-gb.html?aid=304142&label=gen173nr-1FCAQoggJCF3NlYXJjaF9nb3JnZXMgZHUgdmVyZG9uSDNYBGhNiAEBmAEJuAEKyAEF2AEB6AEB-AEDiAIBqAIDuAK1z9C4BsACAdICJDQ3ODhhOTMxLTFiMjAtNGUzYy1iMmU4LWVhMmFjZTY5YmRhZNgCBeACAQ&ucfs=1&arphpl=1&group_adults=2&req_adults=2&no_rooms=1&group_children=0&req_children=0&hpos=19&hapos=19&sr_order=popularity&srpvid=28e4989a5a96003d&srepoch=1729374133&from_sustainable_property_sr=1&from=searchresults,8.8,,Gorges du Verdon,43.65436638,6.16950452
476,Les Gites De La Gassende,https://www.booking.com/hotel/fr/les-gites-de-la-gassende.en-gb.html?aid=304142&label=gen173nr-1FCAQoggJCF3NlYXJjaF9nb3JnZXMgZHUgdmVyZG9uSDNYBGhNiAEBmAEJuAEKyAEF2AEB6AEB-AEDiAIBqAIDuAK1z9C4BsACAdICJDQ3ODhhOTMxLTFiMjAtNGUzYy1iMmU4LWVhMmFjZTY5YmRhZNgCBeACAQ&ucfs=1&arphpl=1&group_adults=2&req_adults=2&no_rooms=1&group_children=0&req_children=0&hpos=18&hapos=18&sr_order=popularity&srpvid=28e4989a5a96003d&srepoch=1729374133&from=searchresults,9.4,"Located in Riez, within 39 km of Golf du Luberon and 39 km of Digne Golf Course, Les Gites De La Gassende provides accommodation with a garden and free WiFi as well as free private parking for guests...",Gorges du Verdon,43.828948,6.06024475
477,Villa Thermae,https://www.booking.com/hotel/fr/villa-thermae-greoux-les-bains1.en-gb.html?aid=304142&label=gen173nr-1FCAQoggJCF3NlYXJjaF9nb3JnZXMgZHUgdmVyZG9uSDNYBGhNiAEBmAEJuAEKyAEF2AEB6AEB-AEDiAIBqAIDuAK1z9C4BsACAdICJDQ3ODhhOTMxLTFiMjAtNGUzYy1iMmU4LWVhMmFjZTY5YmRhZNgCBeACAQ&ucfs=1&arphpl=1&group_adults=2&req_adults=2&no_rooms=1&group_children=0&req_children=0&hpos=17&hapos=17&sr_order=popularity&srpvid=28e4989a5a96003d&srepoch=1729374133&from_sustainable_property_sr=1&from=searchresults,8.2,"Villa Thermae is located in Gréoux-les-Bains. This property offers access to a balcony, free private parking and free WiFi. The property is non-smoking and is situated 23 km from Golf du Luberon. ",Gorges du Verdon,43.75534152,5.89141412
478,Oasis tranquille - L'évasion au Verdon,https://www.booking.com/hotel/fr/studio-du-verdon.en-gb.html?aid=304142&label=gen173nr-1FCAQoggJCF3NlYXJjaF9nb3JnZXMgZHUgdmVyZG9uSDNYBGhNiAEBmAEJuAEKyAEF2AEB6AEB-AEDiAIBqAIDuAK1z9C4BsACAdICJDQ3ODhhOTMxLTFiMjAtNGUzYy1iMmU4LWVhMmFjZTY5YmRhZNgCBeACAQ&ucfs=1&arphpl=1&group_adults=2&req_adults=2&no_rooms=1&group_children=0&req_children=0&hpos=16&hapos=16&sr_order=popularity&srpvid=28e4989a5a96003d&srepoch=1729374133&from=searchresults,7.8,"Offering a shared lounge, Oasis tranquille - L'évasion au Verdon provides accommodation in Gréoux-les-Bains. The property has garden and inner courtyard views. ",Gorges du Verdon,43.75884617,5.88448403
479,Camping Arbre de Vie,https://www.booking.com/hotel/fr/camping-arbre-de-vie.en-gb.html?aid=304142&label=gen173nr-1FCAQoggJCF3NlYXJjaF9nb3JnZXMgZHUgdmVyZG9uSDNYBGhNiAEBmAEJuAEKyAEF2AEB6AEB-AEDiAIBqAIDuAK1z9C4BsACAdICJDQ3ODhhOTMxLTFiMjAtNGUzYy1iMmU4LWVhMmFjZTY5YmRhZNgCBeACAQ&ucfs=1&arphpl=1&group_adults=2&req_adults=2&no_rooms=1&group_children=0&req_children=0&hpos=15&hapos=15&sr_order=popularity&srpvid=28e4989a5a96003d&srepoch=1729374133&from_sustainable_property_sr=1&from=searchresults,8.5,"Located within 41 km of Golf du Luberon and 45 km of Digne Golf Course in Montagnac, Camping Arbre de Vie provides accommodation with seating area. ",Gorges du Verdon,43.777784,6.102316
480,Camping Calme et Nature,https://www.booking.com/hotel/fr/calme-et-nature-castellane.en-gb.html?aid=304142&label=gen173nr-1FCAQoggJCF3NlYXJjaF9nb3JnZXMgZHUgdmVyZG9uSDNYBGhNiAEBmAEJuAEKyAEF2AEB6AEB-AEDiAIBqAIDuAK1z9C4BsACAdICJDQ3ODhhOTMxLTFiMjAtNGUzYy1iMmU4LWVhMmFjZTY5YmRhZNgCBeACAQ&ucfs=1&arphpl=1&group_adults=2&req_adults=2&no_rooms=1&group_children=0&req_children=0&hpos=14&hapos=14&sr_order=popularity&srpvid=28e4989a5a96003d&srepoch=1729374133&from_sustainable_property_sr=1&from=searchresults,8.6,"This camping site is situated in the heart of the Verdon Gorges, at an altitude of 765 metres and just 2 km from Castellane. Camping Calme et Nature boasts a barbecue and sun terrace. ",Gorges du Verdon,43.83796907,6.49042815
481,Le gite du grand cèdre - proche des gorges du Verdon,https://www.booking.com/hotel/fr/le-gite-du-grand-cedre.en-gb.html?aid=304142&label=gen173nr-1FCAQoggJCF3NlYXJjaF9nb3JnZXMgZHUgdmVyZG9uSDNYBGhNiAEBmAEJuAEKyAEF2AEB6AEB-AEDiAIBqAIDuAK1z9C4BsACAdICJDQ3ODhhOTMxLTFiMjAtNGUzYy1iMmU4LWVhMmFjZTY5YmRhZNgCBeACAQ&ucfs=1&arphpl=1&group_adults=2&req_adults=2&no_rooms=1&group_children=0&req_children=0&hpos=13&hapos=13&sr_order=popularity&srpvid=28e4989a5a96003d&srepoch=1729374133&from=searchresults,9.2,"Set just 44 km from Digne Golf Course, Le gite du grand cèdre - proche des gorges du Verdon features accommodation in Allemagne-en-Provence with access to a garden, barbecue facilities, as well as...",Gorges du Verdon,43.77929309,6.00733668
482,B&B Auberge Verdon,https://www.booking.com/hotel/fr/auberge-verdon.en-gb.html?aid=304142&label=gen173nr-1FCAQoggJCF3NlYXJjaF9nb3JnZXMgZHUgdmVyZG9uSDNYBGhNiAEBmAEJuAEKyAEF2AEB6AEB-AEDiAIBqAIDuAK1z9C4BsACAdICJDQ3ODhhOTMxLTFiMjAtNGUzYy1iMmU4LWVhMmFjZTY5YmRhZNgCBeACAQ&ucfs=1&arphpl=1&group_adults=2&req_adults=2&no_rooms=1&group_children=0&req_children=0&hpos=12&hapos=12&sr_order=popularity&srpvid=28e4989a5a96003d&srepoch=1729374133&from=searchresults,8.5,"Offering a sun terrace and views of the mountain, Auberge Verdon is a B&B situated in La Palud in the Provence-Alpes-Côte d'Azur Region, 90 km from Fréjus, at the beginning of the Route des Crètes. ",Gorges du Verdon,43.77685646,6.36106521
483,Ferme de Bourras,https://www.booking.com/hotel/fr/camping-a-la-ferme-de-bourras.en-gb.html?aid=304142&label=gen173nr-1FCAQoggJCF3NlYXJjaF9nb3JnZXMgZHUgdmVyZG9uSDNYBGhNiAEBmAEJuAEKyAEF2AEB6AEB-AEDiAIBqAIDuAK1z9C4BsACAdICJDQ3ODhhOTMxLTFiMjAtNGUzYy1iMmU4LWVhMmFjZTY5YmRhZNgCBeACAQ&ucfs=1&arphpl=1&group_adults=2&req_adults=2&no_rooms=1&group_children=0&req_children=0&hpos=11&hapos=11&sr_order=popularity&srpvid=28e4989a5a96003d&srepoch=1729374133&from_sustainable_property_sr=1&from=searchresults,9.0,"Set in La Palud sur Verdon, Ferme de Bourras features accommodation with free WiFi and seating area. ",Gorges du Verdon,43.78303284,6.34946876
484,Club Vacances Bleues Domaine de Château Laval,https://www.booking.com/hotel/fr/chateau-laval.en-gb.html?aid=304142&label=gen173nr-1FCAQoggJCF3NlYXJjaF9nb3JnZXMgZHUgdmVyZG9uSDNYBGhNiAEBmAEJuAEKyAEF2AEB6AEB-AEDiAIBqAIDuAK1z9C4BsACAdICJDQ3ODhhOTMxLTFiMjAtNGUzYy1iMmU4LWVhMmFjZTY5YmRhZNgCBeACAQ&ucfs=1&arphpl=1&group_adults=2&req_adults=2&no_rooms=1&group_children=0&req_children=0&hpos=10&hapos=10&sr_order=popularity&srpvid=28e4989a5a96003d&srepoch=1729374133&from=searchresults,7.4,"Club Vacances Bleues Domaine de Château Laval is located in the thermal resort of Gréoux-les-Bains, between the Luberon Natural Regional Park and the Verdon Gorges and 58 km from Aix-en-Provence. ",Gorges du Verdon,43.7702997,5.90010613
485,Dépendance Spacieux Duplex 50 M2 Classé 3 étoiles sans vis-à-vis,https://www.booking.com/hotel/fr/nouveau-a-greoux-les-bains-t1-duplex-50-m2.en-gb.html?aid=304142&label=gen173nr-1FCAQoggJCF3NlYXJjaF9nb3JnZXMgZHUgdmVyZG9uSDNYBGhNiAEBmAEJuAEKyAEF2AEB6AEB-AEDiAIBqAIDuAK1z9C4BsACAdICJDQ3ODhhOTMxLTFiMjAtNGUzYy1iMmU4LWVhMmFjZTY5YmRhZNgCBeACAQ&ucfs=1&arphpl=1&group_adults=2&req_adults=2&no_rooms=1&group_children=0&req_children=0&hpos=9&hapos=9&sr_order=popularity&srpvid=28e4989a5a96003d&srepoch=1729374133&from_sustainable_property_sr=1&from=searchresults,9.9,"Dépendance Spacieux Duplex 50 M2 Classé 3 étoiles sans vis-à-vis is a recently renovated apartment in Gréoux-les-Bains, where guests can make the most of its garden and barbecue facilities. ",Gorges du Verdon,43.7591901,5.87806798
486,"Les Bastides de Chanteraine Hôtel de plein air, bungalows, lodges & spa",https://www.booking.com/hotel/fr/les-bastides-de-chanteraine.en-gb.html?aid=304142&label=gen173nr-1FCAQoggJCF3NlYXJjaF9nb3JnZXMgZHUgdmVyZG9uSDNYBGhNiAEBmAEJuAEKyAEF2AEB6AEB-AEDiAIBqAIDuAK1z9C4BsACAdICJDQ3ODhhOTMxLTFiMjAtNGUzYy1iMmU4LWVhMmFjZTY5YmRhZNgCBeACAQ&ucfs=1&arphpl=1&group_adults=2&req_adults=2&no_rooms=1&group_children=0&req_children=0&hpos=8&hapos=8&sr_order=popularity&srpvid=28e4989a5a96003d&srepoch=1729374133&from=searchresults,8.4,"Boasting a garden, a seasonal outdoor pool and mountain views, Les Bastides de Chanteraine Hôtel de plein air, bungalows, lodges & spa is set in Aiguines. ",Gorges du Verdon,43.76273431,6.21918202
487,La Clorinde,https://www.booking.com/hotel/fr/holiday-home-la-clorinde.en-gb.html?aid=304142&label=gen173nr-1FCAQoggJCF3NlYXJjaF9nb3JnZXMgZHUgdmVyZG9uSDNYBGhNiAEBmAEJuAEKyAEF2AEB6AEB-AEDiAIBqAIDuAK1z9C4BsACAdICJDQ3ODhhOTMxLTFiMjAtNGUzYy1iMmU4LWVhMmFjZTY5YmRhZNgCBeACAQ&ucfs=1&arphpl=1&group_adults=2&req_adults=2&no_rooms=1&group_children=0&req_children=0&hpos=7&hapos=7&sr_order=popularity&srpvid=28e4989a5a96003d&srepoch=1729374133&from=searchresults,9.1,"Located in the heart of an olive grove, 800m from the village of Moustiers, La Clorinde is ideally situated to discover the Gorges du Verdon (1.5Km) and to appreciate the beauty of the lake of Sainte...",Gorges du Verdon,43.83828039,6.22067034
488,Résidence Odalys La Licorne de Haute Provence,https://www.booking.com/hotel/fr/la-licorne-de-haute-provence.en-gb.html?aid=304142&label=gen173nr-1FCAQoggJCF3NlYXJjaF9nb3JnZXMgZHUgdmVyZG9uSDNYBGhNiAEBmAEJuAEKyAEF2AEB6AEB-AEDiAIBqAIDuAK1z9C4BsACAdICJDQ3ODhhOTMxLTFiMjAtNGUzYy1iMmU4LWVhMmFjZTY5YmRhZNgCBeACAQ&ucfs=1&arphpl=1&group_adults=2&req_adults=2&no_rooms=1&group_children=0&req_children=0&hpos=6&hapos=6&sr_order=popularity&srpvid=28e4989a5a96003d&srepoch=1729374133&from_sustainable_property_sr=1&from=searchresults,7.8,"Located 500 metres from the village and 800 metres from the thermal baths,Résidence Odalys La Licorne de Haute Provence consists of 3 small complexes. ",Gorges du Verdon,43.761854,5.888967
489,La casa Elisa Gîte T2 indépendant,https://www.booking.com/hotel/fr/gite-t2-independant.en-gb.html?aid=304142&label=gen173nr-1FCAQoggJCF3NlYXJjaF9nb3JnZXMgZHUgdmVyZG9uSDNYBGhNiAEBmAEJuAEKyAEF2AEB6AEB-AEDiAIBqAIDuAK1z9C4BsACAdICJDQ3ODhhOTMxLTFiMjAtNGUzYy1iMmU4LWVhMmFjZTY5YmRhZNgCBeACAQ&ucfs=1&arphpl=1&group_adults=2&req_adults=2&no_rooms=1&group_children=0&req_children=0&hpos=5&hapos=5&sr_order=popularity&srpvid=28e4989a5a96003d&srepoch=1729374133&from=searchresults,9.4,"Located in Gréoux-les-Bains, within 23 km of Golf du Luberon, La casa Elisa Gîte T2 indépendant offers accommodation with air conditioning. This holiday home has a garden. ",Gorges du Verdon,43.75159251,5.87857326
490,Terres de France - Résidence Côté Provence,https://www.booking.com/hotel/fr/residence-cote-provence.en-gb.html?aid=304142&label=gen173nr-1FCAQoggJCF3NlYXJjaF9nb3JnZXMgZHUgdmVyZG9uSDNYBGhNiAEBmAEJuAEKyAEF2AEB6AEB-AEDiAIBqAIDuAK1z9C4BsACAdICJDQ3ODhhOTMxLTFiMjAtNGUzYy1iMmU4LWVhMmFjZTY5YmRhZNgCBeACAQ&ucfs=1&arphpl=1&group_adults=2&req_adults=2&no_rooms=1&group_children=0&req_children=0&hpos=4&hapos=4&sr_order=popularity&srpvid=28e4989a5a96003d&srepoch=1729374133&from_sustainable_property_sr=1&from=searchresults,7.5,"Set just 23 km from Golf du Luberon, Terres de France - Résidence Côté Provence provides accommodation in Gréoux-les-Bains with access to a seasonal outdoor swimming pool, a garden, as well as a lift....",Gorges du Verdon,43.75759721,5.89680848
491,Camping Les Framboiseilles,https://www.booking.com/hotel/fr/les-framboiseilles.en-gb.html?aid=304142&label=gen173nr-1FCAQoggJCF3NlYXJjaF9nb3JnZXMgZHUgdmVyZG9uSDNYBGhNiAEBmAEJuAEKyAEF2AEB6AEB-AEDiAIBqAIDuAK1z9C4BsACAdICJDQ3ODhhOTMxLTFiMjAtNGUzYy1iMmU4LWVhMmFjZTY5YmRhZNgCBeACAQ&ucfs=1&arphpl=1&group_adults=2&req_adults=2&no_rooms=1&group_children=0&req_children=0&hpos=3&hapos=3&sr_order=popularity&srpvid=28e4989a5a96003d&srepoch=1729374133&from=searchresults,8.8,"Set in Castellane and only 17 km from Château de Taulane Golf Course, Camping Les Framboiseilles offers accommodation with mountain views, free WiFi and free private parking. ",Gorges du Verdon,43.84199848,6.53635025
492,Camping La Ferme de Castellane,https://www.booking.com/hotel/fr/camping-la-ferme-de-castellane.en-gb.html?aid=304142&label=gen173nr-1FCAQoggJCF3NlYXJjaF9nb3JnZXMgZHUgdmVyZG9uSDNYBGhNiAEBmAEJuAEKyAEF2AEB6AEB-AEDiAIBqAIDuAK1z9C4BsACAdICJDQ3ODhhOTMxLTFiMjAtNGUzYy1iMmU4LWVhMmFjZTY5YmRhZNgCBeACAQ&ucfs=1&arphpl=1&group_adults=2&req_adults=2&no_rooms=1&group_children=0&req_children=0&hpos=2&hapos=2&sr_order=popularity&srpvid=28e4989a5a96003d&srepoch=1729374133&from_sustainable_property_sr=1&from=searchresults,9.0,"This campsite is set on the river bank, located in the village of Castellane, within a 5-minute drive of the Verdon Gorge. ",Gorges du Verdon,43.83862066,6.54142499
493,Résidence Lou Cigaloun - ANA LOCATION,https://www.booking.com/hotel/fr/residence-lou-cigaloun-greoux-les-bains.en-gb.html?aid=304142&label=gen173nr-1FCAQoggJCF3NlYXJjaF9nb3JnZXMgZHUgdmVyZG9uSDNYBGhNiAEBmAEJuAEKyAEF2AEB6AEB-AEDiAIBqAIDuAK1z9C4BsACAdICJDQ3ODhhOTMxLTFiMjAtNGUzYy1iMmU4LWVhMmFjZTY5YmRhZNgCBeACAQ&ucfs=1&arphpl=1&group_adults=2&req_adults=2&no_rooms=1&group_children=0&req_children=0&hpos=1&hapos=1&sr_order=popularity&srpvid=28e4989a5a96003d&srepoch=1729374133&from=searchresults,9.1,"Situated just 23 km from Golf du Luberon, Résidence Lou Cigaloun - ANA LOCATION features accommodation in Gréoux-les-Bains with access to a garden, barbecue facilities, as well as a 24-hour front...",Gorges du Verdon,43.7562956,5.8805006
494,Appartement dans ancien Hôtel historique,https://www.booking.com/hotel/fr/appartement-dans-ancien-historique.en-gb.html?aid=304142&label=gen173nr-1FCAQoggJCDHNlYXJjaF9yb3VlbkgzWARoTYgBAZgBCbgBCsgBBdgBAegBAfgBA4gCAagCA7gCtM_QuAbAAgHSAiRmZjY5NTM2YS1jZDMwLTQwMTktYTg5Yi02NGU0YzdhYTM4YTfYAgXgAgE&ucfs=1&arphpl=1&group_adults=2&req_adults=2&no_rooms=1&group_children=0&req_children=0&hpos=24&hapos=24&sr_order=popularity&srpvid=96f3989acaee012f&srepoch=1729374133&from=searchresults,8.8,"In the Rouen City Centre district of Rouen, close to Gare de Rouen Rive Droite, Appartement dans ancien Hôtel historique has free WiFi and a washing machine. ",Rouen,49.4405749,1.09187076
495,Grand Hôtel De La Seine,https://www.booking.com/hotel/fr/rouencentre.en-gb.html?aid=304142&label=gen173nr-1FCAQoggJCDHNlYXJjaF9yb3VlbkgzWARoTYgBAZgBCbgBCsgBBdgBAegBAfgBA4gCAagCA7gCtM_QuAbAAgHSAiRmZjY5NTM2YS1jZDMwLTQwMTktYTg5Yi02NGU0YzdhYTM4YTfYAgXgAgE&ucfs=1&arphpl=1&group_adults=2&req_adults=2&no_rooms=1&group_children=0&req_children=0&hpos=23&hapos=23&sr_order=popularity&srpvid=96f3989acaee012f&srepoch=1729374133&from=searchresults,8.2,"Grand Hôtel De La Seine is just 500 metres from the Gare de Rouen-Orléans, a 15-minute walk from Rouen Cathedral and 2 km from Kindarena Stadium. ",Rouen,49.44158357,1.08144455
496,studi'home,https://www.booking.com/hotel/fr/studi-39-home.en-gb.html?aid=304142&label=gen173nr-1FCAQoggJCDHNlYXJjaF9yb3VlbkgzWARoTYgBAZgBCbgBCsgBBdgBAegBAfgBA4gCAagCA7gCtM_QuAbAAgHSAiRmZjY5NTM2YS1jZDMwLTQwMTktYTg5Yi02NGU0YzdhYTM4YTfYAgXgAgE&ucfs=1&arphpl=1&group_adults=2&req_adults=2&no_rooms=1&group_children=0&req_children=0&hpos=22&hapos=22&sr_order=popularity&srpvid=96f3989acaee012f&srepoch=1729374133&from=searchresults,7.8,"Studi'home provides accommodation within 600 metres of the centre of Rouen, with free WiFi, and a kitchen with an oven, a microwave and a toaster. ",Rouen,49.443658,1.090557
497,B&B HOTEL Rouen Centre,https://www.booking.com/hotel/fr/comforthotelrouencentre.en-gb.html?aid=304142&label=gen173nr-1FCAQoggJCDHNlYXJjaF9yb3VlbkgzWARoTYgBAZgBCbgBCsgBBdgBAegBAfgBA4gCAagCA7gCtM_QuAbAAgHSAiRmZjY5NTM2YS1jZDMwLTQwMTktYTg5Yi02NGU0YzdhYTM4YTfYAgXgAgE&ucfs=1&arphpl=1&group_adults=2&req_adults=2&no_rooms=1&group_children=0&req_children=0&hpos=21&hapos=21&sr_order=popularity&srpvid=96f3989acaee012f&srepoch=1729374133&from_sustainable_property_sr=1&from=searchresults,6.7,"B&B HOTEL Rouen Centre is located in the heart of Rouen next to Saint-Sever Shopping Centre and 4 km from Kindarena Stadium. It offers en suite rooms, a restaurant and 24-hour reception desk. ",Rouen,49.43032628,1.08483285
498,Le Vieux Carré,https://www.booking.com/hotel/fr/le-vieux-carre.en-gb.html?aid=304142&label=gen173nr-1FCAQoggJCDHNlYXJjaF9yb3VlbkgzWARoTYgBAZgBCbgBCsgBBdgBAegBAfgBA4gCAagCA7gCtM_QuAbAAgHSAiRmZjY5NTM2YS1jZDMwLTQwMTktYTg5Yi02NGU0YzdhYTM4YTfYAgXgAgE&ucfs=1&arphpl=1&group_adults=2&req_adults=2&no_rooms=1&group_children=0&req_children=0&hpos=20&hapos=20&sr_order=popularity&srpvid=96f3989acaee012f&srepoch=1729374133&from=searchresults,8.0,"This hotel is located in central Rouen, in a pedestrian area, just 850 metres from Rouen Rive-Droite Station. It offers en suite rooms and an interior courtyard with flowers and trees. ",Rouen,49.44332714,1.09457396
499,Studio N1 plein centre ville,https://www.booking.com/hotel/fr/joli-studio-plein-centre-ville.en-gb.html?aid=304142&label=gen173nr-1FCAQoggJCDHNlYXJjaF9yb3VlbkgzWARoTYgBAZgBCbgBCsgBBdgBAegBAfgBA4gCAagCA7gCtM_QuAbAAgHSAiRmZjY5NTM2YS1jZDMwLTQwMTktYTg5Yi02NGU0YzdhYTM4YTfYAgXgAgE&ucfs=1&arphpl=1&group_adults=2&req_adults=2&no_rooms=1&group_children=0&req_children=0&hpos=19&hapos=19&sr_order=popularity&srpvid=96f3989acaee012f&srepoch=1729374133&from=searchresults,8.4,"Studio N1 plein centre ville in Rouen offers accommodation with free WiFi, 2.4 km from Voltaire Station, Rouen, 1.1 km from Gare de Rouen Rive Droite and 3.2 km from Rouen Kindarena Sports Hall. ",Rouen,49.4413794,1.0929714
500,B&B HOTEL Rouen Centre Rive Droite,https://www.booking.com/hotel/fr/ibis-rouen-centre-rive-droite.en-gb.html?aid=304142&label=gen173nr-1FCAQoggJCDHNlYXJjaF9yb3VlbkgzWARoTYgBAZgBCbgBCsgBBdgBAegBAfgBA4gCAagCA7gCtM_QuAbAAgHSAiRmZjY5NTM2YS1jZDMwLTQwMTktYTg5Yi02NGU0YzdhYTM4YTfYAgXgAgE&ucfs=1&arphpl=1&group_adults=2&req_adults=2&no_rooms=1&group_children=0&req_children=0&hpos=18&hapos=18&sr_order=popularity&srpvid=96f3989acaee012f&srepoch=1729374133&from=searchresults,8.1,"Located a 20-minute walk from the centre and the cathedral, B&B HOTEL Rouen Centre Rive Droite offers a French restaurant, a bar and air-conditioned rooms with a flat-screen, cable TV. ",Rouen,49.44318544,1.07911371
501,Mercure Rouen Centre Cathédrale,https://www.booking.com/hotel/fr/mercure-rouen-centre.en-gb.html?aid=304142&label=gen173nr-1FCAQoggJCDHNlYXJjaF9yb3VlbkgzWARoTYgBAZgBCbgBCsgBBdgBAegBAfgBA4gCAagCA7gCtM_QuAbAAgHSAiRmZjY5NTM2YS1jZDMwLTQwMTktYTg5Yi02NGU0YzdhYTM4YTfYAgXgAgE&ucfs=1&arphpl=1&group_adults=2&req_adults=2&no_rooms=1&group_children=0&req_children=0&hpos=17&hapos=17&sr_order=popularity&srpvid=96f3989acaee012f&srepoch=1729374133&from_sustainable_property_sr=1&from=searchresults,8.4,"This Mercure is located in central Rouen, 160 metres from Notre Dame Cathedral and 3 km from Kindarena Stadium. ",Rouen,49.44117285,1.09517545
502,Rouen Saint Nicaise,https://www.booking.com/hotel/fr/rouen-saint-nicaise.en-gb.html?aid=304142&label=gen173nr-1FCAQoggJCDHNlYXJjaF9yb3VlbkgzWARoTYgBAZgBCbgBCsgBBdgBAegBAfgBA4gCAagCA7gCtM_QuAbAAgHSAiRmZjY5NTM2YS1jZDMwLTQwMTktYTg5Yi02NGU0YzdhYTM4YTfYAgXgAgE&ucfs=1&arphpl=1&group_adults=2&req_adults=2&no_rooms=1&group_children=0&req_children=0&hpos=16&hapos=16&sr_order=popularity&srpvid=96f3989acaee012f&srepoch=1729374133&from=searchresults,8.3,"Rouen Saint Nicaise in Rouen offers accommodation with free WiFi, 1.3 km from Gare de Rouen Rive Droite, 4.3 km from Voltaire Station, Rouen and 4.4 km from Rouen Kindarena Sports Hall. ",Rouen,49.44498108,1.10339949
503,Appart Rouen Centre,https://www.booking.com/hotel/fr/appart-rouen-centre.en-gb.html?aid=304142&label=gen173nr-1FCAQoggJCDHNlYXJjaF9yb3VlbkgzWARoTYgBAZgBCbgBCsgBBdgBAegBAfgBA4gCAagCA7gCtM_QuAbAAgHSAiRmZjY5NTM2YS1jZDMwLTQwMTktYTg5Yi02NGU0YzdhYTM4YTfYAgXgAgE&ucfs=1&arphpl=1&group_adults=2&req_adults=2&no_rooms=1&group_children=0&req_children=0&hpos=15&hapos=15&sr_order=popularity&srpvid=96f3989acaee012f&srepoch=1729374133&from=searchresults,8.2,"Appart Rouen Centre offers accommodation within 800 metres of the centre of Rouen, with free WiFi, and a kitchenette with a microwave, a toaster and a fridge. ",Rouen,49.444668,1.088917
504,Le 4B - Le Tiki,https://www.booking.com/hotel/fr/le-4b-mathilde.en-gb.html?aid=304142&label=gen173nr-1FCAQoggJCDHNlYXJjaF9yb3VlbkgzWARoTYgBAZgBCbgBCsgBBdgBAegBAfgBA4gCAagCA7gCtM_QuAbAAgHSAiRmZjY5NTM2YS1jZDMwLTQwMTktYTg5Yi02NGU0YzdhYTM4YTfYAgXgAgE&ucfs=1&arphpl=1&group_adults=2&req_adults=2&no_rooms=1&group_children=0&req_children=0&hpos=14&hapos=14&sr_order=popularity&srpvid=96f3989acaee012f&srepoch=1729374133&from_sustainable_property_sr=1&from=searchresults,9.2,"Offering city views, Le 4B - Le Tiki is an accommodation located in Rouen, 3.2 km from Rouen Kindarena Sports Hall and 3.8 km from Voltaire Station, Rouen. ",Rouen,49.4465452,1.0929032
505,L'escale normande - Terrasse - Gare,https://www.booking.com/hotel/fr/la-walnut-room-terrasse-arrivee-autonome.en-gb.html?aid=304142&label=gen173nr-1FCAQoggJCDHNlYXJjaF9yb3VlbkgzWARoTYgBAZgBCbgBCsgBBdgBAegBAfgBA4gCAagCA7gCtM_QuAbAAgHSAiRmZjY5NTM2YS1jZDMwLTQwMTktYTg5Yi02NGU0YzdhYTM4YTfYAgXgAgE&ucfs=1&arphpl=1&group_adults=2&req_adults=2&no_rooms=1&group_children=0&req_children=0&hpos=13&hapos=13&sr_order=popularity&srpvid=96f3989acaee012f&srepoch=1729374133&from=searchresults,9.5,"Located in Rouen, 200 metres from Gare de Rouen Rive Droite, L'escale normande - Terrasse - Gare provides recently renovated accommodation with free WiFi and a terrace. ",Rouen,49.4483861,1.0956814
506,ibis Rouen Centre Champ de Mars,https://www.booking.com/hotel/fr/ibis-rouen-champ-de-mars.en-gb.html?aid=304142&label=gen173nr-1FCAQoggJCDHNlYXJjaF9yb3VlbkgzWARoTYgBAZgBCbgBCsgBBdgBAegBAfgBA4gCAagCA7gCtM_QuAbAAgHSAiRmZjY5NTM2YS1jZDMwLTQwMTktYTg5Yi02NGU0YzdhYTM4YTfYAgXgAgE&ucfs=1&arphpl=1&group_adults=2&req_adults=2&no_rooms=1&group_children=0&req_children=0&hpos=12&hapos=12&sr_order=popularity&srpvid=96f3989acaee012f&srepoch=1729374133&from_sustainable_property_sr=1&from=searchresults,7.9,"Located just a 10-minute walk from the centre of Rouen, ibis Rouen Champ de Mars offers a sauna, hammam and 24-hour reception. Rouen Cathedral is only a 15-minute walk from the hotel. ",Rouen,49.43572312,1.10273123
507,Le cocon rouennais - Terrasse - Climatisation - Gare,https://www.booking.com/hotel/fr/le-cocon-rouennais-terrasse-climatisation-gare.en-gb.html?aid=304142&label=gen173nr-1FCAQoggJCDHNlYXJjaF9yb3VlbkgzWARoTYgBAZgBCbgBCsgBBdgBAegBAfgBA4gCAagCA7gCtM_QuAbAAgHSAiRmZjY5NTM2YS1jZDMwLTQwMTktYTg5Yi02NGU0YzdhYTM4YTfYAgXgAgE&ucfs=1&arphpl=1&group_adults=2&req_adults=2&no_rooms=1&group_children=0&req_children=0&hpos=11&hapos=11&sr_order=popularity&srpvid=96f3989acaee012f&srepoch=1729374133&from=searchresults,9.2,"Situated in Rouen, 300 metres from Gare de Rouen Rive Droite and 1.1 km from Notre-Dame Cathedral of Rouen, Le cocon rouennais - Terrasse - Climatisation - Gare features air-conditioned accommodation...",Rouen,49.4483772,1.0956905
508,Joli appartement avec cour privée proche gare & centre ville,https://www.booking.com/hotel/fr/charmant-t2-proche-gare-amp-centre-ville.en-gb.html?aid=304142&label=gen173nr-1FCAQoggJCDHNlYXJjaF9yb3VlbkgzWARoTYgBAZgBCbgBCsgBBdgBAegBAfgBA4gCAagCA7gCtM_QuAbAAgHSAiRmZjY5NTM2YS1jZDMwLTQwMTktYTg5Yi02NGU0YzdhYTM4YTfYAgXgAgE&ucfs=1&arphpl=1&group_adults=2&req_adults=2&no_rooms=1&group_children=0&req_children=0&hpos=10&hapos=10&sr_order=popularity&srpvid=96f3989acaee012f&srepoch=1729374133&from=searchresults,9.1,"Situated in Rouen in the Upper Normandy region, with Gare de Rouen Rive Droite and Notre-Dame Cathedral of Rouen nearby, Joli appartement avec cour privée proche gare & centre ville features...",Rouen,49.4505825,1.098711
509,Studio hypercentre Quai de Seine,https://www.booking.com/hotel/fr/studio-hypercentre-quai-de-seine.en-gb.html?aid=304142&label=gen173nr-1FCAQoggJCDHNlYXJjaF9yb3VlbkgzWARoTYgBAZgBCbgBCsgBBdgBAegBAfgBA4gCAagCA7gCtM_QuAbAAgHSAiRmZjY5NTM2YS1jZDMwLTQwMTktYTg5Yi02NGU0YzdhYTM4YTfYAgXgAgE&ucfs=1&arphpl=1&group_adults=2&req_adults=2&no_rooms=1&group_children=0&req_children=0&hpos=9&hapos=9&sr_order=popularity&srpvid=96f3989acaee012f&srepoch=1729374133&from=searchresults,8.2,"Studio hypercentre Quai de Seine is a recently renovated apartment in the centre of Rouen, 700 metres from Notre-Dame Cathedral of Rouen and 2.4 km from Voltaire Station, Rouen. ",Rouen,49.4371117,1.0978727
510,Le petit écureuil studio Hypercentre,https://www.booking.com/hotel/fr/le-petit-ecureuil-studio-hypercentre.en-gb.html?aid=304142&label=gen173nr-1FCAQoggJCDHNlYXJjaF9yb3VlbkgzWARoTYgBAZgBCbgBCsgBBdgBAegBAfgBA4gCAagCA7gCtM_QuAbAAgHSAiRmZjY5NTM2YS1jZDMwLTQwMTktYTg5Yi02NGU0YzdhYTM4YTfYAgXgAgE&ucfs=1&arphpl=1&group_adults=2&req_adults=2&no_rooms=1&group_children=0&req_children=0&hpos=8&hapos=8&sr_order=popularity&srpvid=96f3989acaee012f&srepoch=1729374133&from=searchresults,7.6,"Le petit écureuil studio Hypercentre is set in the Rouen City Centre district of Rouen, less than 1 km from Gare de Rouen Rive Droite, 3.4 km from Voltaire Station, Rouen and 3.5 km from Rouen...",Rouen,49.4435906,1.0944773
511,The Central Station - Parking - 50m Gare,https://www.booking.com/hotel/fr/the-central-station-parking-50m-gare.en-gb.html?aid=304142&label=gen173nr-1FCAQoggJCDHNlYXJjaF9yb3VlbkgzWARoTYgBAZgBCbgBCsgBBdgBAegBAfgBA4gCAagCA7gCtM_QuAbAAgHSAiRmZjY5NTM2YS1jZDMwLTQwMTktYTg5Yi02NGU0YzdhYTM4YTfYAgXgAgE&ucfs=1&arphpl=1&group_adults=2&req_adults=2&no_rooms=1&group_children=0&req_children=0&hpos=7&hapos=7&sr_order=popularity&srpvid=96f3989acaee012f&srepoch=1729374133&from=searchresults,8.9,"Situated in Rouen in the Upper Normandy region, with Gare de Rouen Rive Droite and Notre-Dame Cathedral of Rouen nearby, The Central Station - Parking - 50m Gare features accommodation with free WiFi...",Rouen,49.4498534,1.0927802
512,Artist home - City Center - Bathtub - Terrasse - Full appartment,https://www.booking.com/hotel/fr/artist-home.en-gb.html?aid=304142&label=gen173nr-1FCAQoggJCDHNlYXJjaF9yb3VlbkgzWARoTYgBAZgBCbgBCsgBBdgBAegBAfgBA4gCAagCA7gCtM_QuAbAAgHSAiRmZjY5NTM2YS1jZDMwLTQwMTktYTg5Yi02NGU0YzdhYTM4YTfYAgXgAgE&ucfs=1&arphpl=1&group_adults=2&req_adults=2&no_rooms=1&group_children=0&req_children=0&hpos=6&hapos=6&sr_order=popularity&srpvid=96f3989acaee012f&srepoch=1729374133&from=searchresults,9.4,"In the Rouen City Centre district of Rouen, close to Gare de Rouen Rive Droite, Artist home - City Center - Bathtub - Terrasse - Full appartment has free WiFi and a washing machine. ",Rouen,49.443473,1.1037849
513,Une Chambre Dans L'atelier De R,https://www.booking.com/hotel/fr/une-chambre-dans-l-39-atelier-de-r.en-gb.html?aid=304142&label=gen173nr-1FCAQoggJCDHNlYXJjaF9yb3VlbkgzWARoTYgBAZgBCbgBCsgBBdgBAegBAfgBA4gCAagCA7gCtM_QuAbAAgHSAiRmZjY5NTM2YS1jZDMwLTQwMTktYTg5Yi02NGU0YzdhYTM4YTfYAgXgAgE&ucfs=1&arphpl=1&group_adults=2&req_adults=2&no_rooms=1&group_children=0&req_children=0&hpos=5&hapos=5&sr_order=popularity&srpvid=96f3989acaee012f&srepoch=1729374133&from=searchresults,9.9,"Une Chambre Dans L'atelier De R is set in the Rouen City Centre district in Rouen, 400 metres from Notre-Dame Cathedral of Rouen. ",Rouen,49.44085994,1.09861067
514,Joli studio hyper centre,https://www.booking.com/hotel/fr/joli-studio-hyper-centre.en-gb.html?aid=304142&label=gen173nr-1FCAQoggJCDHNlYXJjaF9yb3VlbkgzWARoTYgBAZgBCbgBCsgBBdgBAegBAfgBA4gCAagCA7gCtM_QuAbAAgHSAiRmZjY5NTM2YS1jZDMwLTQwMTktYTg5Yi02NGU0YzdhYTM4YTfYAgXgAgE&ucfs=1&arphpl=1&group_adults=2&req_adults=2&no_rooms=1&group_children=0&req_children=0&hpos=4&hapos=4&sr_order=popularity&srpvid=96f3989acaee012f&srepoch=1729374133&from=searchresults,9.0,"Joli studio hyper centre in Rouen provides accommodation with free WiFi, less than 1 km from Gare de Rouen Rive Droite, 3.3 km from Rouen Kindarena Sports Hall and 3.9 km from Voltaire Station, Rouen....",Rouen,49.4436997,1.0924325
515,Studio N°2 Plein coeur de Rouen,https://www.booking.com/hotel/fr/studio-ndeg2-plein-coeur-de-rouen.en-gb.html?aid=304142&label=gen173nr-1FCAQoggJCDHNlYXJjaF9yb3VlbkgzWARoTYgBAZgBCbgBCsgBBdgBAegBAfgBA4gCAagCA7gCtM_QuAbAAgHSAiRmZjY5NTM2YS1jZDMwLTQwMTktYTg5Yi02NGU0YzdhYTM4YTfYAgXgAgE&ucfs=1&arphpl=1&group_adults=2&req_adults=2&no_rooms=1&group_children=0&req_children=0&hpos=3&hapos=3&sr_order=popularity&srpvid=96f3989acaee012f&srepoch=1729374133&from=searchresults,8.5,"Studio N°2 Plein coeur de Rouen in Rouen features accommodation with free WiFi, 2.4 km from Voltaire Station, Rouen, 1.1 km from Gare de Rouen Rive Droite and 3.2 km from Rouen Kindarena Sports Hall. ",Rouen,49.4413794,1.0929714
516,Studio N1 hypercentre Rue Saint Nicolas,https://www.booking.com/hotel/fr/studio-hypercentre-rouen-rue-saint-nicolas.en-gb.html?aid=304142&label=gen173nr-1FCAQoggJCDHNlYXJjaF9yb3VlbkgzWARoTYgBAZgBCbgBCsgBBdgBAegBAfgBA4gCAagCA7gCtM_QuAbAAgHSAiRmZjY5NTM2YS1jZDMwLTQwMTktYTg5Yi02NGU0YzdhYTM4YTfYAgXgAgE&ucfs=1&arphpl=1&group_adults=2&req_adults=2&no_rooms=1&group_children=0&req_children=0&hpos=2&hapos=2&sr_order=popularity&srpvid=96f3989acaee012f&srepoch=1729374133&from=searchresults,8.5,"Studio N1 hypercentre Rue Saint Nicolas in Rouen offers accommodation with free WiFi, 3.2 km from Voltaire Station, Rouen, 1.3 km from Gare de Rouen Rive Droite and 3.5 km from Rouen Kindarena Sports...",Rouen,49.4408228,1.0973912
517,Les 3 Clochers - Cozy et Confort - Hypercentre,https://www.booking.com/hotel/fr/les-3-clochers-cozy-et-confort-hypercentre.en-gb.html?aid=304142&label=gen173nr-1FCAQoggJCDHNlYXJjaF9yb3VlbkgzWARoTYgBAZgBCbgBCsgBBdgBAegBAfgBA4gCAagCA7gCtM_QuAbAAgHSAiRmZjY5NTM2YS1jZDMwLTQwMTktYTg5Yi02NGU0YzdhYTM4YTfYAgXgAgE&ucfs=1&arphpl=1&group_adults=2&req_adults=2&no_rooms=1&group_children=0&req_children=0&hpos=1&hapos=1&sr_order=popularity&srpvid=96f3989acaee012f&srepoch=1729374133&from=searchresults,9.4,"Offering free WiFi and city views, Les 3 Clochers - Cozy et Confort - Hypercentre is an accommodation set in the heart of Rouen, just 400 metres from Notre-Dame Cathedral of Rouen and 1.4 km from Gare...",Rouen,49.4400755,1.098714
518,"Studio moderne, place parking privé, emplacement idéal à 100 m du lac.",https://www.booking.com/hotel/fr/studio-moderne-place-parking-prive-emplacement-ideal-a-100-m-du-lac.en-gb.html?aid=304142&label=gen173nr-1FCAQoggJCDXNlYXJjaF9hbm5lY3lIM1gEaE2IAQGYAQm4AQrIAQXYAQHoAQH4AQOIAgGoAgO4ArTP0LgGwAIB0gIkOWUzMjU4MWYtYjBlYS00NjliLTg2NzktNjU5YzEzM2Q3OWRi2AIF4AIB&ucfs=1&arphpl=1&group_adults=2&req_adults=2&no_rooms=1&group_children=0&req_children=0&hpos=24&hapos=24&sr_order=popularity&srpvid=c47b989a9778078b&srepoch=1729374133&from=searchresults,9.4,"Situated in Annecy and only 32 km from Rochexpo, Studio moderne, place parking privé, emplacement idéal à 100 m du lac. ",Annecy,45.90584116,6.14062912
519,Les Trésoms Lake and Spa Resort,https://www.booking.com/hotel/fr/lestresomsannecy.en-gb.html?aid=304142&label=gen173nr-1FCAQoggJCDXNlYXJjaF9hbm5lY3lIM1gEaE2IAQGYAQm4AQrIAQXYAQHoAQH4AQOIAgGoAgO4ArTP0LgGwAIB0gIkOWUzMjU4MWYtYjBlYS00NjliLTg2NzktNjU5YzEzM2Q3OWRi2AIF4AIB&ucfs=1&arphpl=1&group_adults=2&req_adults=2&no_rooms=1&group_children=0&req_children=0&hpos=23&hapos=23&sr_order=popularity&srpvid=c47b989a9778078b&srepoch=1729374133&from_sustainable_property_sr=1&from=searchresults,7.9,,Annecy,45.88969452,6.13690495
520,Hotel Les Terrasses,https://www.booking.com/hotel/fr/les-terrasses-annecy.en-gb.html?aid=304142&label=gen173nr-1FCAQoggJCDXNlYXJjaF9hbm5lY3lIM1gEaE2IAQGYAQm4AQrIAQXYAQHoAQH4AQOIAgGoAgO4ArTP0LgGwAIB0gIkOWUzMjU4MWYtYjBlYS00NjliLTg2NzktNjU5YzEzM2Q3OWRi2AIF4AIB&ucfs=1&arphpl=1&group_adults=2&req_adults=2&no_rooms=1&group_children=0&req_children=0&hpos=22&hapos=22&sr_order=popularity&srpvid=c47b989a9778078b&srepoch=1729374133&from_sustainable_property_sr=1&from=searchresults,8.6,"Located in the centre of Annecy, Hotel Les Terrasses is just a 5-minute walk from the Annecy's SNCF Train Station. It is set in a large landscaped garden and offers free WiFi. ",Annecy,45.90393736,6.11999363
521,T3 cosy - Balcon - Parking free,https://www.booking.com/hotel/fr/t3-cosy-balcon-parking-free.en-gb.html?aid=304142&label=gen173nr-1FCAQoggJCDXNlYXJjaF9hbm5lY3lIM1gEaE2IAQGYAQm4AQrIAQXYAQHoAQH4AQOIAgGoAgO4ArTP0LgGwAIB0gIkOWUzMjU4MWYtYjBlYS00NjliLTg2NzktNjU5YzEzM2Q3OWRi2AIF4AIB&ucfs=1&arphpl=1&group_adults=2&req_adults=2&no_rooms=1&group_children=0&req_children=0&hpos=21&hapos=21&sr_order=popularity&srpvid=c47b989a9778078b&srepoch=1729374133&from=searchresults,9.0,"T3 cosy - Balcon - Parking free is set in Annecy, 36 km from Bourget Lake, 41 km from Stade de Genève, as well as 45 km from Jet d'Eau. ",Annecy,45.8924095,6.1197203
522,La Cour Filaterie - Suite of 30 sq m in the Annecy breakfast included,https://www.booking.com/hotel/fr/la-cour-filaterie-suite-de-30m2-au-coeur-d-annecy-avec-parking.en-gb.html?aid=304142&label=gen173nr-1FCAQoggJCDXNlYXJjaF9hbm5lY3lIM1gEaE2IAQGYAQm4AQrIAQXYAQHoAQH4AQOIAgGoAgO4ArTP0LgGwAIB0gIkOWUzMjU4MWYtYjBlYS00NjliLTg2NzktNjU5YzEzM2Q3OWRi2AIF4AIB&ucfs=1&arphpl=1&group_adults=2&req_adults=2&no_rooms=1&group_children=0&req_children=0&hpos=20&hapos=20&sr_order=popularity&srpvid=c47b989a9778078b&srepoch=1729374133&from=searchresults,8.2,"Offering a casino and city view, La Cour Filaterie - Suite of 30 sq m in the Annecy breakfast included is located in Annecy, 38 km from Bourget Lake and 43 km from Stade de Genève. ",Annecy,45.8996031,6.1259738
523,appart du Vernay,https://www.booking.com/hotel/fr/appartement-lumineux-et-confortable-annecy.en-gb.html?aid=304142&label=gen173nr-1FCAQoggJCDXNlYXJjaF9hbm5lY3lIM1gEaE2IAQGYAQm4AQrIAQXYAQHoAQH4AQOIAgGoAgO4ArTP0LgGwAIB0gIkOWUzMjU4MWYtYjBlYS00NjliLTg2NzktNjU5YzEzM2Q3OWRi2AIF4AIB&ucfs=1&arphpl=1&group_adults=2&req_adults=2&no_rooms=1&group_children=0&req_children=0&hpos=19&hapos=19&sr_order=popularity&srpvid=c47b989a9778078b&srepoch=1729374133&from=searchresults,8.6,"Appart du Vernay is located in Annecy, 36 km from Bourget Lake, 41 km from Stade de Genève, as well as 44 km from Jet d'Eau. The property is situated 44 km from Gare de Cornavin, 44 km from St. ",Annecy,45.90793727,6.11140081
524,Chambre dans un appartement Annecy Gare-Centre,https://www.booking.com/hotel/fr/chambre-annecy-gare-centre.en-gb.html?aid=304142&label=gen173nr-1FCAQoggJCDXNlYXJjaF9hbm5lY3lIM1gEaE2IAQGYAQm4AQrIAQXYAQHoAQH4AQOIAgGoAgO4ArTP0LgGwAIB0gIkOWUzMjU4MWYtYjBlYS00NjliLTg2NzktNjU5YzEzM2Q3OWRi2AIF4AIB&ucfs=1&arphpl=1&group_adults=2&req_adults=2&no_rooms=1&group_children=0&req_children=0&hpos=18&hapos=18&sr_order=popularity&srpvid=c47b989a9778078b&srepoch=1729374133&from=searchresults,9.0,"Chambre dans un appartement Annecy Gare-Centre is located in the Annecy City Centre district of Annecy, 36 km from Bourget Lake, 41 km from Stade de Genève and 44 km from Jet d'Eau. ",Annecy,45.899781,6.116409
525,Les 3 Monts - vue panoramique sur les montagnes,https://www.booking.com/hotel/fr/les-trois-monts-annecy.en-gb.html?aid=304142&label=gen173nr-1FCAQoggJCDXNlYXJjaF9hbm5lY3lIM1gEaE2IAQGYAQm4AQrIAQXYAQHoAQH4AQOIAgGoAgO4ArTP0LgGwAIB0gIkOWUzMjU4MWYtYjBlYS00NjliLTg2NzktNjU5YzEzM2Q3OWRi2AIF4AIB&ucfs=1&arphpl=1&group_adults=2&req_adults=2&no_rooms=1&group_children=0&req_children=0&hpos=17&hapos=17&sr_order=popularity&srpvid=c47b989a9778078b&srepoch=1729374133&from=searchresults,9.3,"Featuring city views, Les 3 Monts - vue panoramique sur les montagnes provides accommodation with a balcony, around 37 km from Bourget Lake. ",Annecy,45.90946271,6.12729519
526,Hôtel du Palais de l'Isle,https://www.booking.com/hotel/fr/du-palais-de-l-isle-annecy.en-gb.html?aid=304142&label=gen173nr-1FCAQoggJCDXNlYXJjaF9hbm5lY3lIM1gEaE2IAQGYAQm4AQrIAQXYAQHoAQH4AQOIAgGoAgO4ArTP0LgGwAIB0gIkOWUzMjU4MWYtYjBlYS00NjliLTg2NzktNjU5YzEzM2Q3OWRi2AIF4AIB&ucfs=1&arphpl=1&group_adults=2&req_adults=2&no_rooms=1&group_children=0&req_children=0&hpos=16&hapos=16&sr_order=popularity&srpvid=c47b989a9778078b&srepoch=1729374133&from_sustainable_property_sr=1&from=searchresults,8.2,"This hotel is located in the heart of Annency, a few steps from the castle. It offers individually-decorated rooms with views of the canals, the medieval castle or the town. ",Annecy,45.89819586,6.12748235
527,L’Appartement des Glières Annecy centre,https://www.booking.com/hotel/fr/appartement-des-glieres-annecy-centre.en-gb.html?aid=304142&label=gen173nr-1FCAQoggJCDXNlYXJjaF9hbm5lY3lIM1gEaE2IAQGYAQm4AQrIAQXYAQHoAQH4AQOIAgGoAgO4ArTP0LgGwAIB0gIkOWUzMjU4MWYtYjBlYS00NjliLTg2NzktNjU5YzEzM2Q3OWRi2AIF4AIB&ucfs=1&arphpl=1&group_adults=2&req_adults=2&no_rooms=1&group_children=0&req_children=0&hpos=15&hapos=15&sr_order=popularity&srpvid=c47b989a9778078b&srepoch=1729374133&from=searchresults,9.0,"Offering inner courtyard views, L’Appartement des Glières Annecy centre is an accommodation situated in Annecy, 36 km from Bourget Lake and 41 km from Stade de Genève. ",Annecy,45.89997908,6.12238121
528,Le zénith vieille ville d'Annecy,https://www.booking.com/hotel/fr/le-zenith-vieille-ville-d-annecy.en-gb.html?aid=304142&label=gen173nr-1FCAQoggJCDXNlYXJjaF9hbm5lY3lIM1gEaE2IAQGYAQm4AQrIAQXYAQHoAQH4AQOIAgGoAgO4ArTP0LgGwAIB0gIkOWUzMjU4MWYtYjBlYS00NjliLTg2NzktNjU5YzEzM2Q3OWRi2AIF4AIB&ucfs=1&arphpl=1&group_adults=2&req_adults=2&no_rooms=1&group_children=0&req_children=0&hpos=14&hapos=14&sr_order=popularity&srpvid=c47b989a9778078b&srepoch=1729374133&from=searchresults,9.0,"Le zénith vieille ville d'Annecy in Annecy features accommodation with free WiFi, 36 km from Bourget Lake, 41 km from Stade de Genève and 45 km from Jet d'Eau. The property is situated 45 km from St. ",Annecy,45.8976947,6.1235753
529,"""Le petit bonlieu"" au centre ville et à 500m du lac",https://www.booking.com/hotel/fr/le-petit-bonlieu.en-gb.html?aid=304142&label=gen173nr-1FCAQoggJCDXNlYXJjaF9hbm5lY3lIM1gEaE2IAQGYAQm4AQrIAQXYAQHoAQH4AQOIAgGoAgO4ArTP0LgGwAIB0gIkOWUzMjU4MWYtYjBlYS00NjliLTg2NzktNjU5YzEzM2Q3OWRi2AIF4AIB&ucfs=1&arphpl=1&group_adults=2&req_adults=2&no_rooms=1&group_children=0&req_children=0&hpos=13&hapos=13&sr_order=popularity&srpvid=c47b989a9778078b&srepoch=1729374133&from_sustainable_property_sr=1&from=searchresults,9.5,"Located in the centre of Annecy, 32 km from Rochexpo and 37 km from Bourget Lake, ""Le petit bonlieu"" au centre ville et à 500m du lac offers free WiFi and air conditioning. ",Annecy,45.9027541,6.1267064
530,Appartement centre-ville Annecy,https://www.booking.com/hotel/fr/appartement-centre-ville-annecy-annecy.en-gb.html?aid=304142&label=gen173nr-1FCAQoggJCDXNlYXJjaF9hbm5lY3lIM1gEaE2IAQGYAQm4AQrIAQXYAQHoAQH4AQOIAgGoAgO4ArTP0LgGwAIB0gIkOWUzMjU4MWYtYjBlYS00NjliLTg2NzktNjU5YzEzM2Q3OWRi2AIF4AIB&ucfs=1&arphpl=1&group_adults=2&req_adults=2&no_rooms=1&group_children=0&req_children=0&hpos=12&hapos=12&sr_order=popularity&srpvid=c47b989a9778078b&srepoch=1729374133&from=searchresults,9.0,"Set in Annecy, 36 km from Bourget Lake and 41 km from Stade de Genève, Appartement centre-ville Annecy offers city views and free WiFi. ",Annecy,45.9013194,6.1231012
531,Le Bel Abri,https://www.booking.com/hotel/fr/le-bel-abri-annecy-le-vieux.en-gb.html?aid=304142&label=gen173nr-1FCAQoggJCDXNlYXJjaF9hbm5lY3lIM1gEaE2IAQGYAQm4AQrIAQXYAQHoAQH4AQOIAgGoAgO4ArTP0LgGwAIB0gIkOWUzMjU4MWYtYjBlYS00NjliLTg2NzktNjU5YzEzM2Q3OWRi2AIF4AIB&ucfs=1&arphpl=1&group_adults=2&req_adults=2&no_rooms=1&group_children=0&req_children=0&hpos=11&hapos=11&sr_order=popularity&srpvid=c47b989a9778078b&srepoch=1729374133&from=searchresults,8.4,Le Bel Abri is a hotel set in a former family house. It is located a 1-minute walk from Annecy Lake and a 6-minute drive from the city centre of Annecy. A sun terrace and free WiFi are available. ,Annecy,45.90542866,6.15925983
532,LOVERCHY,https://www.booking.com/hotel/fr/loverchy.en-gb.html?aid=304142&label=gen173nr-1FCAQoggJCDXNlYXJjaF9hbm5lY3lIM1gEaE2IAQGYAQm4AQrIAQXYAQHoAQH4AQOIAgGoAgO4ArTP0LgGwAIB0gIkOWUzMjU4MWYtYjBlYS00NjliLTg2NzktNjU5YzEzM2Q3OWRi2AIF4AIB&ucfs=1&arphpl=1&group_adults=2&req_adults=2&no_rooms=1&group_children=0&req_children=0&hpos=10&hapos=10&sr_order=popularity&srpvid=c47b989a9778078b&srepoch=1729374133&from=searchresults,8.6,"Located 44 km from Jet d'Eau, 44 km from Gare de Cornavin and 44 km from St. Pierre Cathedral, LOVERCHY offers accommodation situated in Annecy. ",Annecy,45.89449784,6.11901322
533,Hôtel des Alpes,https://www.booking.com/hotel/fr/hotel-des-alpes.en-gb.html?aid=304142&label=gen173nr-1FCAQoggJCDXNlYXJjaF9hbm5lY3lIM1gEaE2IAQGYAQm4AQrIAQXYAQHoAQH4AQOIAgGoAgO4ArTP0LgGwAIB0gIkOWUzMjU4MWYtYjBlYS00NjliLTg2NzktNjU5YzEzM2Q3OWRi2AIF4AIB&ucfs=1&arphpl=1&group_adults=2&req_adults=2&no_rooms=1&group_children=0&req_children=0&hpos=9&hapos=9&sr_order=popularity&srpvid=c47b989a9778078b&srepoch=1729374133&from=searchresults,8.4,"The Hôtel des Alpes offers 2-star accommodation a 10-minute walk from Lake Annecy and 100 meters away from the train station. The old city, shops and restaurants are within walking distance. ",Annecy,45.90163038,6.12292528
534,Gite urbain AU 2BIS - Annecy,https://www.booking.com/hotel/fr/gite-urbain-au-2bis.en-gb.html?aid=304142&label=gen173nr-1FCAQoggJCDXNlYXJjaF9hbm5lY3lIM1gEaE2IAQGYAQm4AQrIAQXYAQHoAQH4AQOIAgGoAgO4ArTP0LgGwAIB0gIkOWUzMjU4MWYtYjBlYS00NjliLTg2NzktNjU5YzEzM2Q3OWRi2AIF4AIB&ucfs=1&arphpl=1&group_adults=2&req_adults=2&no_rooms=1&group_children=0&req_children=0&hpos=8&hapos=8&sr_order=popularity&srpvid=c47b989a9778078b&srepoch=1729374133&from=searchresults,9.3,"Offering free WiFi, river and mountain views, Gite urbain AU 2BIS - Annecy is a self-catering accommodation situated in Annecy, just 90 metres from Palais de l'Ile and a 1-minute walk from Chateau...",Annecy,45.898616,6.125785
535,Allobroges Park Hôtel,https://www.booking.com/hotel/fr/tiallobroges.en-gb.html?aid=304142&label=gen173nr-1FCAQoggJCDXNlYXJjaF9hbm5lY3lIM1gEaE2IAQGYAQm4AQrIAQXYAQHoAQH4AQOIAgGoAgO4ArTP0LgGwAIB0gIkOWUzMjU4MWYtYjBlYS00NjliLTg2NzktNjU5YzEzM2Q3OWRi2AIF4AIB&ucfs=1&arphpl=1&group_adults=2&req_adults=2&no_rooms=1&group_children=0&req_children=0&hpos=7&hapos=7&sr_order=popularity&srpvid=c47b989a9778078b&srepoch=1729374133&from_sustainable_property_sr=1&from=searchresults,8.8,"Set in Annecy City Centre, this 3-star hotel is located a 10-minute walk from Annecy Chateau. It has a 24-hour reception and offers free WiFi access. ",Annecy,45.90218661,6.12380505
536,ibis Annecy Centre Vieille Ville,https://www.booking.com/hotel/fr/ibis-annecy-centre-vieille-ville.en-gb.html?aid=304142&label=gen173nr-1FCAQoggJCDXNlYXJjaF9hbm5lY3lIM1gEaE2IAQGYAQm4AQrIAQXYAQHoAQH4AQOIAgGoAgO4ArTP0LgGwAIB0gIkOWUzMjU4MWYtYjBlYS00NjliLTg2NzktNjU5YzEzM2Q3OWRi2AIF4AIB&ucfs=1&arphpl=1&group_adults=2&req_adults=2&no_rooms=1&group_children=0&req_children=0&hpos=6&hapos=6&sr_order=popularity&srpvid=c47b989a9778078b&srepoch=1729374133&from_sustainable_property_sr=1&from=searchresults,8.3,"Located just 700 metres from Lake Annecy, ibis Annecy Centre Vieille Ville features a 24-hour front desk, a luggage storage room and free WiFi. ",Annecy,45.8982388,6.12250954
537,"Le ""Wood""",https://www.booking.com/hotel/fr/le-wood.en-gb.html?aid=304142&label=gen173nr-1FCAQoggJCDXNlYXJjaF9hbm5lY3lIM1gEaE2IAQGYAQm4AQrIAQXYAQHoAQH4AQOIAgGoAgO4ArTP0LgGwAIB0gIkOWUzMjU4MWYtYjBlYS00NjliLTg2NzktNjU5YzEzM2Q3OWRi2AIF4AIB&ucfs=1&arphpl=1&group_adults=2&req_adults=2&no_rooms=1&group_children=0&req_children=0&hpos=5&hapos=5&sr_order=popularity&srpvid=c47b989a9778078b&srepoch=1729374133&from=searchresults,8.7,"Le ""Wood"" is an apartment set in Annecy, 700 metres from Palais de l Ile. The apartment is 800 metres from Chateau d'Annecy. Free WiFi is featured throughout the property. ",Annecy,45.90448955,6.13014981
538,Annecy coeur de ville et du lac,https://www.booking.com/hotel/fr/annecy-coeur-de-ville-et-du-lac.en-gb.html?aid=304142&label=gen173nr-1FCAQoggJCDXNlYXJjaF9hbm5lY3lIM1gEaE2IAQGYAQm4AQrIAQXYAQHoAQH4AQOIAgGoAgO4ArTP0LgGwAIB0gIkOWUzMjU4MWYtYjBlYS00NjliLTg2NzktNjU5YzEzM2Q3OWRi2AIF4AIB&ucfs=1&arphpl=1&group_adults=2&req_adults=2&no_rooms=1&group_children=0&req_children=0&hpos=4&hapos=4&sr_order=popularity&srpvid=c47b989a9778078b&srepoch=1729374133&from=searchresults,9.1,"Situated 36 km from Rochexpo and 37 km from Bourget Lake in the centre of Annecy, Annecy coeur de ville et du lac features accommodation with free WiFi and free private parking. ",Annecy,45.89660009,6.12805738
539,Le studio d'Alery - au coeur de la ville - 16Bis,https://www.booking.com/hotel/fr/mon-petit-studio-a-annecy.en-gb.html?aid=304142&label=gen173nr-1FCAQoggJCDXNlYXJjaF9hbm5lY3lIM1gEaE2IAQGYAQm4AQrIAQXYAQHoAQH4AQOIAgGoAgO4ArTP0LgGwAIB0gIkOWUzMjU4MWYtYjBlYS00NjliLTg2NzktNjU5YzEzM2Q3OWRi2AIF4AIB&ucfs=1&arphpl=1&group_adults=2&req_adults=2&no_rooms=1&group_children=0&req_children=0&hpos=3&hapos=3&sr_order=popularity&srpvid=c47b989a9778078b&srepoch=1729374133&from=searchresults,9.3,"Le studio d'Alery - au coeur de la ville - 16Bis is set in the Annecy City Centre district of Annecy, 41 km from Stade de Genève, 44 km from Jet d'Eau and 44 km from Gare de Cornavin. ",Annecy,45.8998079,6.1192893
540,La feuillette - vieille ville - parking gratuit,https://www.booking.com/hotel/fr/superbe-appartement-en-vieille-ville.en-gb.html?aid=304142&label=gen173nr-1FCAQoggJCDXNlYXJjaF9hbm5lY3lIM1gEaE2IAQGYAQm4AQrIAQXYAQHoAQH4AQOIAgGoAgO4ArTP0LgGwAIB0gIkOWUzMjU4MWYtYjBlYS00NjliLTg2NzktNjU5YzEzM2Q3OWRi2AIF4AIB&ucfs=1&arphpl=1&group_adults=2&req_adults=2&no_rooms=1&group_children=0&req_children=0&hpos=2&hapos=2&sr_order=popularity&srpvid=c47b989a9778078b&srepoch=1729374133&from=searchresults,9.1,"In a central area of Annecy, La feuillette - vieille ville - parking gratuit features garden views from the terrace. With city views, this accommodation offers a balcony. ",Annecy,45.89621,6.128178
541,Atipik Hôtel,https://www.booking.com/hotel/fr/hotelalexandra.en-gb.html?aid=304142&label=gen173nr-1FCAQoggJCDXNlYXJjaF9hbm5lY3lIM1gEaE2IAQGYAQm4AQrIAQXYAQHoAQH4AQOIAgGoAgO4ArTP0LgGwAIB0gIkOWUzMjU4MWYtYjBlYS00NjliLTg2NzktNjU5YzEzM2Q3OWRi2AIF4AIB&ucfs=1&arphpl=1&group_adults=2&req_adults=2&no_rooms=1&group_children=0&req_children=0&hpos=1&hapos=1&sr_order=popularity&srpvid=c47b989a9778078b&srepoch=1729374133&from=searchresults,8.3,"Situated 200 metres from the shores of Lake Annecy, Atipik Hôtel is at the entrance of the medieval old town and pedestrian shopping streets. It offers en suite rooms with free WiFi. ",Annecy,45.90122721,6.12507373
542,Hotel SunParc - SHUTTLE zum Europa-Park Rust 4km & Rulantica 2km,https://www.booking.com/hotel/de/sun-parc.en-gb.html?aid=304142&label=gen173nr-1FCAQoggJCI3NlYXJjaF9jaGF0ZWF1IGR1IGhhdXQga29lbmlnc2JvdXJnSDNYBGhNiAEBmAEJuAEKyAEF2AEB6AEB-AEDiAIBqAIDuAK0z9C4BsACAdICJDU5OTA1NGVmLWI5MjAtNGE4OC04OTFjLWVlNWEyODg1OGUzM9gCBeACAQ&ucfs=1&arphpl=1&group_adults=2&req_adults=2&no_rooms=1&group_children=0&req_children=0&hpos=25&hapos=25&sr_order=popularity&srpvid=168b989a4b3e0119&srepoch=1729374133&from_sustainable_property_sr=1&from=searchresults,7.9,"Conveniently situated near the A5 motorway, this hotel is 2.5 km from Wasserpak Rulantica and 4 km from the Europa-Park. This Sun Parc Hotel offers WLAN access. ",Chateau du Haut Koenigsbourg,48.24863319,7.77094692
543,Gite-Annie,https://www.booking.com/hotel/fr/gite-annie.en-gb.html?aid=304142&label=gen173nr-1FCAQoggJCI3NlYXJjaF9jaGF0ZWF1IGR1IGhhdXQga29lbmlnc2JvdXJnSDNYBGhNiAEBmAEJuAEKyAEF2AEB6AEB-AEDiAIBqAIDuAK0z9C4BsACAdICJDU5OTA1NGVmLWI5MjAtNGE4OC04OTFjLWVlNWEyODg1OGUzM9gCBeACAQ&ucfs=1&arphpl=1&group_adults=2&req_adults=2&no_rooms=1&group_children=0&req_children=0&hpos=24&hapos=24&sr_order=popularity&srpvid=168b989a4b3e0119&srepoch=1729374133&from=searchresults,8.6,"Set in Hunawihr, 13 km from Colmar Expo and 15 km from Le Haut Koenigsbourg Castle, Gite-Annie offers a casino and air conditioning. ",Chateau du Haut Koenigsbourg,48.1819343,7.3138603
544,Gite Lammer,https://www.booking.com/hotel/fr/gite-lammer.en-gb.html?aid=304142&label=gen173nr-1FCAQoggJCI3NlYXJjaF9jaGF0ZWF1IGR1IGhhdXQga29lbmlnc2JvdXJnSDNYBGhNiAEBmAEJuAEKyAEF2AEB6AEB-AEDiAIBqAIDuAK0z9C4BsACAdICJDU5OTA1NGVmLWI5MjAtNGE4OC04OTFjLWVlNWEyODg1OGUzM9gCBeACAQ&ucfs=1&arphpl=1&group_adults=2&req_adults=2&no_rooms=1&group_children=0&req_children=0&hpos=23&hapos=23&sr_order=popularity&srpvid=168b989a4b3e0119&srepoch=1729374133&from=searchresults,9.2,Gite Lammer offers a self-catering cottage with a private entrance and direct access to the garden and terrace. It is 26 km from Colmar and the Europa Amusement Park is 30 km away. ,Chateau du Haut Koenigsbourg,48.21266315,7.57499278
545,Studio neuf - parking - 3 Epis proche Turckheim,https://www.booking.com/hotel/fr/studio-neuf-et-nature-3-epis.en-gb.html?aid=304142&label=gen173nr-1FCAQoggJCI3NlYXJjaF9jaGF0ZWF1IGR1IGhhdXQga29lbmlnc2JvdXJnSDNYBGhNiAEBmAEJuAEKyAEF2AEB6AEB-AEDiAIBqAIDuAK0z9C4BsACAdICJDU5OTA1NGVmLWI5MjAtNGE4OC04OTFjLWVlNWEyODg1OGUzM9gCBeACAQ&ucfs=1&arphpl=1&group_adults=2&req_adults=2&no_rooms=1&group_children=0&req_children=0&hpos=22&hapos=22&sr_order=popularity&srpvid=168b989a4b3e0119&srepoch=1729374133&from=searchresults,9.4,"Studio neuf - parking - 3 Epis proche Turckheim is set in Turckheim, 15 km from Colmar Train Station, 38 km from Le Haut Koenigsbourg Castle, and 47 km from Gérardmer Lake. ",Chateau du Haut Koenigsbourg,48.0981563,7.2281976
546,Relais du Klevener,https://www.booking.com/hotel/fr/relais-du-klevener.en-gb.html?aid=304142&label=gen173nr-1FCAQoggJCI3NlYXJjaF9jaGF0ZWF1IGR1IGhhdXQga29lbmlnc2JvdXJnSDNYBGhNiAEBmAEJuAEKyAEF2AEB6AEB-AEDiAIBqAIDuAK0z9C4BsACAdICJDU5OTA1NGVmLWI5MjAtNGE4OC04OTFjLWVlNWEyODg1OGUzM9gCBeACAQ&ucfs=1&arphpl=1&group_adults=2&req_adults=2&no_rooms=1&group_children=0&req_children=0&hpos=21&hapos=21&sr_order=popularity&srpvid=168b989a4b3e0119&srepoch=1729374133&from=searchresults,8.4,"Situated in the heart of a vineyard in Heiligenstein, this hotel features a garden, terrace and offers free Wi-Fi. A wide choice of wines is available for guests to taste. ",Chateau du Haut Koenigsbourg,48.42183357,7.45126247
547,Parkside Boutique Appartements,https://www.booking.com/hotel/de/herbolzheim-apartment.en-gb.html?aid=304142&label=gen173nr-1FCAQoggJCI3NlYXJjaF9jaGF0ZWF1IGR1IGhhdXQga29lbmlnc2JvdXJnSDNYBGhNiAEBmAEJuAEKyAEF2AEB6AEB-AEDiAIBqAIDuAK0z9C4BsACAdICJDU5OTA1NGVmLWI5MjAtNGE4OC04OTFjLWVlNWEyODg1OGUzM9gCBeACAQ&ucfs=1&arphpl=1&group_adults=2&req_adults=2&no_rooms=1&group_children=0&req_children=0&hpos=20&hapos=20&sr_order=popularity&srpvid=168b989a4b3e0119&srepoch=1729374133&from_sustainable_property_sr=1&from=searchresults,8.6,"Located directly on the market square by the town hall in the historical part of Herbolzheim, Parkside Boutique Appartements offers modern and luxury apartments. ",Chateau du Haut Koenigsbourg,48.2228952,7.7777245
548,Gite au pré des Oies,https://www.booking.com/hotel/fr/gite-au-pre-des-oies.en-gb.html?aid=304142&label=gen173nr-1FCAQoggJCI3NlYXJjaF9jaGF0ZWF1IGR1IGhhdXQga29lbmlnc2JvdXJnSDNYBGhNiAEBmAEJuAEKyAEF2AEB6AEB-AEDiAIBqAIDuAK0z9C4BsACAdICJDU5OTA1NGVmLWI5MjAtNGE4OC04OTFjLWVlNWEyODg1OGUzM9gCBeACAQ&ucfs=1&arphpl=1&group_adults=2&req_adults=2&no_rooms=1&group_children=0&req_children=0&hpos=19&hapos=19&sr_order=popularity&srpvid=168b989a4b3e0119&srepoch=1729374133&from=searchresults,9.4,"Gite au pré des Oies, a property with a garden and barbecue facilities, is set in Ostheim, 10 km from House of the Heads, 10 km from Saint-Martin Collegiate Church, as well as 14 km from Colmar Train...",Chateau du Haut Koenigsbourg,48.16085,7.372039
549,Gîte d’Anna,https://www.booking.com/hotel/fr/gite-d-anna.en-gb.html?aid=304142&label=gen173nr-1FCAQoggJCI3NlYXJjaF9jaGF0ZWF1IGR1IGhhdXQga29lbmlnc2JvdXJnSDNYBGhNiAEBmAEJuAEKyAEF2AEB6AEB-AEDiAIBqAIDuAK0z9C4BsACAdICJDU5OTA1NGVmLWI5MjAtNGE4OC04OTFjLWVlNWEyODg1OGUzM9gCBeACAQ&ucfs=1&arphpl=1&group_adults=2&req_adults=2&no_rooms=1&group_children=0&req_children=0&hpos=18&hapos=18&sr_order=popularity&srpvid=168b989a4b3e0119&srepoch=1729374133&from=searchresults,9.6,"Gîte d’Anna, a property with a garden and barbecue facilities, is located in Mackenheim, 25 km from House of the Heads, 25 km from Saint-Martin Collegiate Church, as well as 26 km from Le Haut...",Chateau du Haut Koenigsbourg,48.18321257,7.5594883
550,Un petit nid dans la verdure,https://www.booking.com/hotel/fr/un-petit-nid-dans-la-verdure.en-gb.html?aid=304142&label=gen173nr-1FCAQoggJCI3NlYXJjaF9jaGF0ZWF1IGR1IGhhdXQga29lbmlnc2JvdXJnSDNYBGhNiAEBmAEJuAEKyAEF2AEB6AEB-AEDiAIBqAIDuAK0z9C4BsACAdICJDU5OTA1NGVmLWI5MjAtNGE4OC04OTFjLWVlNWEyODg1OGUzM9gCBeACAQ&ucfs=1&arphpl=1&group_adults=2&req_adults=2&no_rooms=1&group_children=0&req_children=0&hpos=17&hapos=17&sr_order=popularity&srpvid=168b989a4b3e0119&srepoch=1729374133&from=searchresults,9.7,"Boasting a garden, pool with a view and garden views, Un petit nid dans la verdure is situated in Holtzwihr. This property offers access to a terrace, free private parking and free WiFi. ",Chateau du Haut Koenigsbourg,48.111514,7.420636
551,Gite Du Rittersberg,https://www.booking.com/hotel/fr/gite-du-rittersberg.en-gb.html?aid=304142&label=gen173nr-1FCAQoggJCI3NlYXJjaF9jaGF0ZWF1IGR1IGhhdXQga29lbmlnc2JvdXJnSDNYBGhNiAEBmAEJuAEKyAEF2AEB6AEB-AEDiAIBqAIDuAK0z9C4BsACAdICJDU5OTA1NGVmLWI5MjAtNGE4OC04OTFjLWVlNWEyODg1OGUzM9gCBeACAQ&ucfs=1&arphpl=1&group_adults=2&req_adults=2&no_rooms=1&group_children=0&req_children=0&hpos=16&hapos=16&sr_order=popularity&srpvid=168b989a4b3e0119&srepoch=1729374133&from_sustainable_property_sr=1&from=searchresults,9.2,"Located in Scherwiller in the Alsace region and Le Haut Koenigsbourg Castle reachable within 13 km, Gite Du Rittersberg provides accommodation with free WiFi, barbecue facilities, a garden and free...",Chateau du Haut Koenigsbourg,48.28966766,7.42188852
552,Gites les cocottes,https://www.booking.com/hotel/fr/gites-les-cocottes.en-gb.html?aid=304142&label=gen173nr-1FCAQoggJCI3NlYXJjaF9jaGF0ZWF1IGR1IGhhdXQga29lbmlnc2JvdXJnSDNYBGhNiAEBmAEJuAEKyAEF2AEB6AEB-AEDiAIBqAIDuAK0z9C4BsACAdICJDU5OTA1NGVmLWI5MjAtNGE4OC04OTFjLWVlNWEyODg1OGUzM9gCBeACAQ&ucfs=1&arphpl=1&group_adults=2&req_adults=2&no_rooms=1&group_children=0&req_children=0&hpos=15&hapos=15&sr_order=popularity&srpvid=168b989a4b3e0119&srepoch=1729374133&from=searchresults,9.6,"Gites les cocottes, a property with a garden, is situated in Zellwiller, 35 km from Strasbourg History Museum, 36 km from Zénith de Strasbourg, as well as 37 km from St. Paul's Church. ",Chateau du Haut Koenigsbourg,48.3996411,7.4999411
553,Highway Hotel,https://www.booking.com/hotel/de/highway.en-gb.html?aid=304142&label=gen173nr-1FCAQoggJCI3NlYXJjaF9jaGF0ZWF1IGR1IGhhdXQga29lbmlnc2JvdXJnSDNYBGhNiAEBmAEJuAEKyAEF2AEB6AEB-AEDiAIBqAIDuAK0z9C4BsACAdICJDU5OTA1NGVmLWI5MjAtNGE4OC04OTFjLWVlNWEyODg1OGUzM9gCBeACAQ&ucfs=1&arphpl=1&group_adults=2&req_adults=2&no_rooms=1&group_children=0&req_children=0&hpos=14&hapos=14&sr_order=popularity&srpvid=168b989a4b3e0119&srepoch=1729374133&from_sustainable_property_sr=1&from=searchresults,7.7,"The Highway Hotel is easily accessible off highway A 5, halfway between the city of Offenburg and Freiburg. ",Chateau du Haut Koenigsbourg,48.22658998,7.7517879
554,maison d en haut,https://www.booking.com/hotel/fr/maison-d-en-haut-wintzenheim.en-gb.html?aid=304142&label=gen173nr-1FCAQoggJCI3NlYXJjaF9jaGF0ZWF1IGR1IGhhdXQga29lbmlnc2JvdXJnSDNYBGhNiAEBmAEJuAEKyAEF2AEB6AEB-AEDiAIBqAIDuAK0z9C4BsACAdICJDU5OTA1NGVmLWI5MjAtNGE4OC04OTFjLWVlNWEyODg1OGUzM9gCBeACAQ&ucfs=1&arphpl=1&group_adults=2&req_adults=2&no_rooms=1&group_children=0&req_children=0&hpos=13&hapos=13&sr_order=popularity&srpvid=168b989a4b3e0119&srepoch=1729374133&from=searchresults,9.3,"Located in Wintzenheim, 5.7 km from Colmar Train Station and 6.3 km from House of the Heads, maison d en haut offers a garden and air conditioning. ",Chateau du Haut Koenigsbourg,48.07402,7.286805
555,Gîte d’Alsace l’Escale,https://www.booking.com/hotel/fr/gite-d-alsace-l-escale.en-gb.html?aid=304142&label=gen173nr-1FCAQoggJCI3NlYXJjaF9jaGF0ZWF1IGR1IGhhdXQga29lbmlnc2JvdXJnSDNYBGhNiAEBmAEJuAEKyAEF2AEB6AEB-AEDiAIBqAIDuAK0z9C4BsACAdICJDU5OTA1NGVmLWI5MjAtNGE4OC04OTFjLWVlNWEyODg1OGUzM9gCBeACAQ&ucfs=1&arphpl=1&group_adults=2&req_adults=2&no_rooms=1&group_children=0&req_children=0&hpos=12&hapos=12&sr_order=popularity&srpvid=168b989a4b3e0119&srepoch=1729374133&from_sustainable_property_sr=1&from=searchresults,9.2,"Set in Ostheim, in a historic building, 7.5 km from Colmar Expo, Gîte d’Alsace l’Escale is an apartment with an open-air bath and casino. ",Chateau du Haut Koenigsbourg,48.15967462,7.36115874
556,Beck Domaine du Rempart,https://www.booking.com/hotel/fr/beck-domaine-du-rempart.en-gb.html?aid=304142&label=gen173nr-1FCAQoggJCI3NlYXJjaF9jaGF0ZWF1IGR1IGhhdXQga29lbmlnc2JvdXJnSDNYBGhNiAEBmAEJuAEKyAEF2AEB6AEB-AEDiAIBqAIDuAK0z9C4BsACAdICJDU5OTA1NGVmLWI5MjAtNGE4OC04OTFjLWVlNWEyODg1OGUzM9gCBeACAQ&ucfs=1&arphpl=1&group_adults=2&req_adults=2&no_rooms=1&group_children=0&req_children=0&hpos=11&hapos=11&sr_order=popularity&srpvid=168b989a4b3e0119&srepoch=1729374133&from=searchresults,9.5,"Beck Domaine du Rempart has garden views, free WiFi and free private parking, situated in Dambach-la-Ville, 17 km from Le Haut Koenigsbourg Castle. ",Chateau du Haut Koenigsbourg,48.32131466,7.42379308
557,Chez Marguerite Gîtes à la ferme,https://www.booking.com/hotel/fr/chez-marguerite-gite-a-la-ferme.en-gb.html?aid=304142&label=gen173nr-1FCAQoggJCI3NlYXJjaF9jaGF0ZWF1IGR1IGhhdXQga29lbmlnc2JvdXJnSDNYBGhNiAEBmAEJuAEKyAEF2AEB6AEB-AEDiAIBqAIDuAK0z9C4BsACAdICJDU5OTA1NGVmLWI5MjAtNGE4OC04OTFjLWVlNWEyODg1OGUzM9gCBeACAQ&ucfs=1&arphpl=1&group_adults=2&req_adults=2&no_rooms=1&group_children=0&req_children=0&hpos=10&hapos=10&sr_order=popularity&srpvid=168b989a4b3e0119&srepoch=1729374133&from_sustainable_property_sr=1&from=searchresults,8.9,"Located within 5.2 km of House of the Heads and 5.6 km of Saint-Martin Collegiate Church in Horbourg, Chez Marguerite Gîtes à la ferme features accommodation with seating area. ",Chateau du Haut Koenigsbourg,48.084324,7.411187
558,Au Jardin de Lina,https://www.booking.com/hotel/fr/bambou-lapoutroie.en-gb.html?aid=304142&label=gen173nr-1FCAQoggJCI3NlYXJjaF9jaGF0ZWF1IGR1IGhhdXQga29lbmlnc2JvdXJnSDNYBGhNiAEBmAEJuAEKyAEF2AEB6AEB-AEDiAIBqAIDuAK0z9C4BsACAdICJDU5OTA1NGVmLWI5MjAtNGE4OC04OTFjLWVlNWEyODg1OGUzM9gCBeACAQ&ucfs=1&arphpl=1&group_adults=2&req_adults=2&no_rooms=1&group_children=0&req_children=0&hpos=9&hapos=9&sr_order=popularity&srpvid=168b989a4b3e0119&srepoch=1729374133&from=searchresults,9.9,"Au Jardin de Lina has river views, free WiFi and free private parking, situated in Lapoutroie, 19 km from House of the Heads. ",Chateau du Haut Koenigsbourg,48.1517212,7.1702525
559,Gîte du ROCHER,https://www.booking.com/hotel/fr/gite-du-rocher-lapoutroie.en-gb.html?aid=304142&label=gen173nr-1FCAQoggJCI3NlYXJjaF9jaGF0ZWF1IGR1IGhhdXQga29lbmlnc2JvdXJnSDNYBGhNiAEBmAEJuAEKyAEF2AEB6AEB-AEDiAIBqAIDuAK0z9C4BsACAdICJDU5OTA1NGVmLWI5MjAtNGE4OC04OTFjLWVlNWEyODg1OGUzM9gCBeACAQ&ucfs=1&arphpl=1&group_adults=2&req_adults=2&no_rooms=1&group_children=0&req_children=0&hpos=8&hapos=8&sr_order=popularity&srpvid=168b989a4b3e0119&srepoch=1729374133&from=searchresults,8.8,"Offering barbecue facilities and garden view, Gîte du ROCHER is situated in Lapoutroie, 20 km from Saint-Martin Collegiate Church and 20 km from Colmar Expo. ",Chateau du Haut Koenigsbourg,48.1507733,7.17615279
560,Colmar Hotel,https://www.booking.com/hotel/fr/colmar.en-gb.html?aid=304142&label=gen173nr-1FCAQoggJCI3NlYXJjaF9jaGF0ZWF1IGR1IGhhdXQga29lbmlnc2JvdXJnSDNYBGhNiAEBmAEJuAEKyAEF2AEB6AEB-AEDiAIBqAIDuAK0z9C4BsACAdICJDU5OTA1NGVmLWI5MjAtNGE4OC04OTFjLWVlNWEyODg1OGUzM9gCBeACAQ&ucfs=1&arphpl=1&group_adults=2&req_adults=2&no_rooms=1&group_children=0&req_children=0&hpos=7&hapos=7&sr_order=popularity&srpvid=168b989a4b3e0119&srepoch=1729374133&from_sustainable_property_sr=1&from=searchresults,9.0,"Colmar Hotel is located in Colmar, 1 km from House of the Heads. Colmar Christmas Market - Place des Dominicains is 1.2 km away. ",Chateau du Haut Koenigsbourg,48.07080074,7.34638973
561,Gites Petermann,https://www.booking.com/hotel/fr/gites-petermann.en-gb.html?aid=304142&label=gen173nr-1FCAQoggJCI3NlYXJjaF9jaGF0ZWF1IGR1IGhhdXQga29lbmlnc2JvdXJnSDNYBGhNiAEBmAEJuAEKyAEF2AEB6AEB-AEDiAIBqAIDuAK0z9C4BsACAdICJDU5OTA1NGVmLWI5MjAtNGE4OC04OTFjLWVlNWEyODg1OGUzM9gCBeACAQ&ucfs=1&arphpl=1&group_adults=2&req_adults=2&no_rooms=1&group_children=0&req_children=0&hpos=6&hapos=6&sr_order=popularity&srpvid=168b989a4b3e0119&srepoch=1729374133&from=searchresults,9.2,"Gites Petermann is set in Marckolsheim, 49 km from Strasbourg. Free private parking is available on site. Each room includes a TV. Certain rooms include a seating area to relax in after a busy day. ",Chateau du Haut Koenigsbourg,48.16446745,7.54320055
562,La Pouponiere,https://www.booking.com/hotel/fr/la-pouponiere.en-gb.html?aid=304142&label=gen173nr-1FCAQoggJCI3NlYXJjaF9jaGF0ZWF1IGR1IGhhdXQga29lbmlnc2JvdXJnSDNYBGhNiAEBmAEJuAEKyAEF2AEB6AEB-AEDiAIBqAIDuAK0z9C4BsACAdICJDU5OTA1NGVmLWI5MjAtNGE4OC04OTFjLWVlNWEyODg1OGUzM9gCBeACAQ&ucfs=1&arphpl=1&group_adults=2&req_adults=2&no_rooms=1&group_children=0&req_children=0&hpos=5&hapos=5&sr_order=popularity&srpvid=168b989a4b3e0119&srepoch=1729374133&from=searchresults,9.0,"La Pouponiere, a property with barbecue facilities, is situated in Sainte-Marie-aux-Mines, 33 km from House of the Heads, 33 km from Saint-Martin Collegiate Church, as well as 37 km from Colmar Train...",Chateau du Haut Koenigsbourg,48.246202,7.200121
563,Gîte Sonnenberg,https://www.booking.com/hotel/fr/ga-r-te-sonnenberg.en-gb.html?aid=304142&label=gen173nr-1FCAQoggJCI3NlYXJjaF9jaGF0ZWF1IGR1IGhhdXQga29lbmlnc2JvdXJnSDNYBGhNiAEBmAEJuAEKyAEF2AEB6AEB-AEDiAIBqAIDuAK0z9C4BsACAdICJDU5OTA1NGVmLWI5MjAtNGE4OC04OTFjLWVlNWEyODg1OGUzM9gCBeACAQ&ucfs=1&arphpl=1&group_adults=2&req_adults=2&no_rooms=1&group_children=0&req_children=0&hpos=4&hapos=4&sr_order=popularity&srpvid=168b989a4b3e0119&srepoch=1729374133&from=searchresults,8.4,"Gîte Sonnenberg is located approximately 9 km from Colmar, its airport and train station. It sits in a vineyard, and offers self-catering accommodation and a private terrace. ",Chateau du Haut Koenigsbourg,48.12595224,7.28498027
564,Gîte du Vignoble,https://www.booking.com/hotel/fr/gite-du-vignoble-beblenheim.en-gb.html?aid=304142&label=gen173nr-1FCAQoggJCI3NlYXJjaF9jaGF0ZWF1IGR1IGhhdXQga29lbmlnc2JvdXJnSDNYBGhNiAEBmAEJuAEKyAEF2AEB6AEB-AEDiAIBqAIDuAK0z9C4BsACAdICJDU5OTA1NGVmLWI5MjAtNGE4OC04OTFjLWVlNWEyODg1OGUzM9gCBeACAQ&ucfs=1&arphpl=1&group_adults=2&req_adults=2&no_rooms=1&group_children=0&req_children=0&hpos=3&hapos=3&sr_order=popularity&srpvid=168b989a4b3e0119&srepoch=1729374133&from=searchresults,9.0,Gîte du Vignoble is a 1-bedroom holiday home with free WiFi located in Beblenheim just 1.5 km from Riquewihr and 12 km from Colmar. ,Chateau du Haut Koenigsbourg,48.15934618,7.32594959
565,Gîte Schlitteur Et Sapiniere,https://www.booking.com/hotel/fr/ga-r-te-schlitteur.en-gb.html?aid=304142&label=gen173nr-1FCAQoggJCI3NlYXJjaF9jaGF0ZWF1IGR1IGhhdXQga29lbmlnc2JvdXJnSDNYBGhNiAEBmAEJuAEKyAEF2AEB6AEB-AEDiAIBqAIDuAK0z9C4BsACAdICJDU5OTA1NGVmLWI5MjAtNGE4OC04OTFjLWVlNWEyODg1OGUzM9gCBeACAQ&ucfs=1&arphpl=1&group_adults=2&req_adults=2&no_rooms=1&group_children=0&req_children=0&hpos=2&hapos=2&sr_order=popularity&srpvid=168b989a4b3e0119&srepoch=1729374133&from=searchresults,9.4,"Gîte Schlitteur Et Sapiniere offers 2 self-catering cottages in Breitenbach in the Alsace region, just 14 km from the wine route. ",Chateau du Haut Koenigsbourg,48.36519121,7.2917743
566,Le Château du Haut-Koenigsbourg,https://www.booking.com/hotel/fr/les-residence-des-chateaux-forts-d-39-alsace.en-gb.html?aid=304142&label=gen173nr-1FCAQoggJCI3NlYXJjaF9jaGF0ZWF1IGR1IGhhdXQga29lbmlnc2JvdXJnSDNYBGhNiAEBmAEJuAEKyAEF2AEB6AEB-AEDiAIBqAIDuAK0z9C4BsACAdICJDU5OTA1NGVmLWI5MjAtNGE4OC04OTFjLWVlNWEyODg1OGUzM9gCBeACAQ&ucfs=1&arphpl=1&group_adults=2&req_adults=2&no_rooms=1&group_children=0&req_children=0&hpos=1&hapos=1&sr_order=popularity&srpvid=168b989a4b3e0119&srepoch=1729374133&from=searchresults,8.8,"Offering city views, Le Château du Haut-Koenigsbourg is an accommodation situated in Sélestat, 24 km from House of the Heads and 24 km from Saint-Martin Collegiate Church. ",Chateau du Haut Koenigsbourg,48.25677128,7.45243746
567,B&B HOTEL Dijon Centre,https://www.booking.com/hotel/fr/b-amp-b-dijon-centre.en-gb.html?aid=304142&label=gen173nr-1FCAQoggJCDHNlYXJjaF9kaWpvbkgzWARoTYgBAZgBCbgBCsgBBdgBAegBAfgBA4gCAagCA7gCs8_QuAbAAgHSAiQwNzYzZDg0OC0zMGJmLTQ1ZjUtYTgzMy00YzVmMTEwODNiMTnYAgXgAgE&ucfs=1&arphpl=1&group_adults=2&req_adults=2&no_rooms=1&group_children=0&req_children=0&hpos=25&hapos=25&sr_order=popularity&srpvid=5ac1989988a90334&srepoch=1729374132&from=searchresults,7.7,"Located in Dijon, 2 km from Dijon Congrexpo, B&B HOTEL Dijon Centre offers rooms with air conditioning. Each accommodation at the 2-star hotel has city views and free WiFi. ",Dijon,47.32281707,5.03688532
568,Le Millotet - Agréable studio à 2 mn Dijon Gare,https://www.booking.com/hotel/fr/agreable-studio-a-dijon-gare.en-gb.html?aid=304142&label=gen173nr-1FCAQoggJCDHNlYXJjaF9kaWpvbkgzWARoTYgBAZgBCbgBCsgBBdgBAegBAfgBA4gCAagCA7gCs8_QuAbAAgHSAiQwNzYzZDg0OC0zMGJmLTQ1ZjUtYTgzMy00YzVmMTEwODNiMTnYAgXgAgE&ucfs=1&arphpl=1&group_adults=2&req_adults=2&no_rooms=1&group_children=0&req_children=0&hpos=24&hapos=24&sr_order=popularity&srpvid=5ac1989988a90334&srepoch=1729374132&from=searchresults,9.1,"Offering inner courtyard views, Le Millotet - Agréable studio à 2 mn Dijon Gare is an accommodation located in Dijon, 300 metres from Foch-Gare Tramway Station and 400 metres from Saint-Philibert...",Dijon,47.3232279,5.0311078
569,La Duchesse - Grand Appartement Au Coeur de Dijon,https://www.booking.com/hotel/fr/the-duchess-suite-heart-of-dijon.en-gb.html?aid=304142&label=gen173nr-1FCAQoggJCDHNlYXJjaF9kaWpvbkgzWARoTYgBAZgBCbgBCsgBBdgBAegBAfgBA4gCAagCA7gCs8_QuAbAAgHSAiQwNzYzZDg0OC0zMGJmLTQ1ZjUtYTgzMy00YzVmMTEwODNiMTnYAgXgAgE&ucfs=1&arphpl=1&group_adults=2&req_adults=2&no_rooms=1&group_children=0&req_children=0&hpos=23&hapos=23&sr_order=popularity&srpvid=5ac1989988a90334&srepoch=1729374132&from_sustainable_property_sr=1&from=searchresults,9.2,"Housed in a historic building, the recently renovated La Duchesse - Grand Appartement Au Coeur de Dijon features accommodation with a terrace and free WiFi. ",Dijon,47.32306418,5.04113227
570,CHARMING FLAT IN HISTORICAL CENTRE,https://www.booking.com/hotel/fr/charming-flat-in-historical-centre-dijon.en-gb.html?aid=304142&label=gen173nr-1FCAQoggJCDHNlYXJjaF9kaWpvbkgzWARoTYgBAZgBCbgBCsgBBdgBAegBAfgBA4gCAagCA7gCs8_QuAbAAgHSAiQwNzYzZDg0OC0zMGJmLTQ1ZjUtYTgzMy00YzVmMTEwODNiMTnYAgXgAgE&ucfs=1&arphpl=1&group_adults=2&req_adults=2&no_rooms=1&group_children=0&req_children=0&hpos=22&hapos=22&sr_order=popularity&srpvid=5ac1989988a90334&srepoch=1729374132&from=searchresults,9.3,"CHARMING FLAT IN HISTORICAL CENTRE is located in the Old Town district of Dijon, 1.5 km from Dijon Train Station, 1.4 km from Foch-Gare Tramway Station and less than 1 km from Saint-Philibert Church. ",Dijon,47.3233544,5.0447933
571,Duplex Standing - Hyper Centre - Tout équipé,https://www.booking.com/hotel/fr/duplex-standing-hyper-centre-tout-equipe.en-gb.html?aid=304142&label=gen173nr-1FCAQoggJCDHNlYXJjaF9kaWpvbkgzWARoTYgBAZgBCbgBCsgBBdgBAegBAfgBA4gCAagCA7gCs8_QuAbAAgHSAiQwNzYzZDg0OC0zMGJmLTQ1ZjUtYTgzMy00YzVmMTEwODNiMTnYAgXgAgE&ucfs=1&arphpl=1&group_adults=2&req_adults=2&no_rooms=1&group_children=0&req_children=0&hpos=21&hapos=21&sr_order=popularity&srpvid=5ac1989988a90334&srepoch=1729374132&from_sustainable_property_sr=1&from=searchresults,8.6,"Offering city views, Duplex Standing - Hyper Centre - Tout équipé is an accommodation set in Dijon, 600 metres from Foch-Gare Tramway Station and 400 metres from Saint-Philibert Church. ",Dijon,47.3233005,5.0360338
572,La Suite Indivio - Appartement standing vue cathédrale,https://www.booking.com/hotel/fr/la-suite-indivio-appartement-de-standing-au-coeur-de-dijon.en-gb.html?aid=304142&label=gen173nr-1FCAQoggJCDHNlYXJjaF9kaWpvbkgzWARoTYgBAZgBCbgBCsgBBdgBAegBAfgBA4gCAagCA7gCs8_QuAbAAgHSAiQwNzYzZDg0OC0zMGJmLTQ1ZjUtYTgzMy00YzVmMTEwODNiMTnYAgXgAgE&ucfs=1&arphpl=1&group_adults=2&req_adults=2&no_rooms=1&group_children=0&req_children=0&hpos=20&hapos=20&sr_order=popularity&srpvid=5ac1989988a90334&srepoch=1729374132&from=searchresults,8.9,"Situated in Dijon, 600 metres from Dijon Train Station and 600 metres from Foch-Gare Tramway Station, La Suite Indivio - Appartement standing vue cathédrale offers air conditioning. ",Dijon,47.3211451,5.0340556
573,Studio Jean LEBELIN,https://www.booking.com/hotel/fr/studio-a-l-39-jean-lebelin.en-gb.html?aid=304142&label=gen173nr-1FCAQoggJCDHNlYXJjaF9kaWpvbkgzWARoTYgBAZgBCbgBCsgBBdgBAegBAfgBA4gCAagCA7gCs8_QuAbAAgHSAiQwNzYzZDg0OC0zMGJmLTQ1ZjUtYTgzMy00YzVmMTEwODNiMTnYAgXgAgE&ucfs=1&arphpl=1&group_adults=2&req_adults=2&no_rooms=1&group_children=0&req_children=0&hpos=19&hapos=19&sr_order=popularity&srpvid=5ac1989988a90334&srepoch=1729374132&from=searchresults,8.9,"Located in the city centre of Dijon, this apartment boasts views of Philippe le Bon Tower. Free WiFi is offered at Studio Jean LEBELIN. ",Dijon,47.3188042,5.0412103
574,Le SAMBIN-TERRASSE -CENTRE VILLE,https://www.booking.com/hotel/fr/le-sambin-magnifique-appartement-centre-ville-dijon1.en-gb.html?aid=304142&label=gen173nr-1FCAQoggJCDHNlYXJjaF9kaWpvbkgzWARoTYgBAZgBCbgBCsgBBdgBAegBAfgBA4gCAagCA7gCs8_QuAbAAgHSAiQwNzYzZDg0OC0zMGJmLTQ1ZjUtYTgzMy00YzVmMTEwODNiMTnYAgXgAgE&ucfs=1&arphpl=1&group_adults=2&req_adults=2&no_rooms=1&group_children=0&req_children=0&hpos=18&hapos=18&sr_order=popularity&srpvid=5ac1989988a90334&srepoch=1729374132&from=searchresults,8.9,"In the Old Town district of Dijon, close to Dijon Congrexpo, Le SAMBIN-TERRASSE -CENTRE VILLE has free WiFi and a washing machine. ",Dijon,47.3263007,5.0400745
575,le Tillot,https://www.booking.com/hotel/fr/le-tillot.en-gb.html?aid=304142&label=gen173nr-1FCAQoggJCDHNlYXJjaF9kaWpvbkgzWARoTYgBAZgBCbgBCsgBBdgBAegBAfgBA4gCAagCA7gCs8_QuAbAAgHSAiQwNzYzZDg0OC0zMGJmLTQ1ZjUtYTgzMy00YzVmMTEwODNiMTnYAgXgAgE&ucfs=1&arphpl=1&group_adults=2&req_adults=2&no_rooms=1&group_children=0&req_children=0&hpos=17&hapos=17&sr_order=popularity&srpvid=5ac1989988a90334&srepoch=1729374132&from=searchresults,8.5,"Set in Dijon and only 200 metres from Saint-Philibert Church, le Tillot offers accommodation with city views, free WiFi and free private parking. ",Dijon,47.319972,5.034599
576,City Loft Apparthotel,https://www.booking.com/hotel/fr/city-loft.en-gb.html?aid=304142&label=gen173nr-1FCAQoggJCDHNlYXJjaF9kaWpvbkgzWARoTYgBAZgBCbgBCsgBBdgBAegBAfgBA4gCAagCA7gCs8_QuAbAAgHSAiQwNzYzZDg0OC0zMGJmLTQ1ZjUtYTgzMy00YzVmMTEwODNiMTnYAgXgAgE&ucfs=1&arphpl=1&group_adults=2&req_adults=2&no_rooms=1&group_children=0&req_children=0&hpos=16&hapos=16&sr_order=popularity&srpvid=5ac1989988a90334&srepoch=1729374132&from=searchresults,8.0,"Ideally located in the heart of the pedestrian quarter, close to the Palais des Ducs. ",Dijon,47.32268695,5.03817558
577,Hôtel des Ducs,https://www.booking.com/hotel/fr/des-ducs-dijon.en-gb.html?aid=304142&label=gen173nr-1FCAQoggJCDHNlYXJjaF9kaWpvbkgzWARoTYgBAZgBCbgBCsgBBdgBAegBAfgBA4gCAagCA7gCs8_QuAbAAgHSAiQwNzYzZDg0OC0zMGJmLTQ1ZjUtYTgzMy00YzVmMTEwODNiMTnYAgXgAgE&ucfs=1&arphpl=1&group_adults=2&req_adults=2&no_rooms=1&group_children=0&req_children=0&hpos=15&hapos=15&sr_order=popularity&srpvid=5ac1989988a90334&srepoch=1729374132&from_sustainable_property_sr=1&from=searchresults,8.6,"This hotel is located in historic centre of Dijon, listed as a World Heritage site by Unesco, 50 metres from The Palace of the Dukes. ",Dijon,47.32170512,5.04365332
578,Charmant T2 au cœur de Dijon,https://www.booking.com/hotel/fr/charmant-t2-au-coeur-de-dijon.en-gb.html?aid=304142&label=gen173nr-1FCAQoggJCDHNlYXJjaF9kaWpvbkgzWARoTYgBAZgBCbgBCsgBBdgBAegBAfgBA4gCAagCA7gCs8_QuAbAAgHSAiQwNzYzZDg0OC0zMGJmLTQ1ZjUtYTgzMy00YzVmMTEwODNiMTnYAgXgAgE&ucfs=1&arphpl=1&group_adults=2&req_adults=2&no_rooms=1&group_children=0&req_children=0&hpos=14&hapos=14&sr_order=popularity&srpvid=5ac1989988a90334&srepoch=1729374132&from=searchresults,9.5,"In the Old Town district of Dijon, close to Saint-Philibert Church, Charmant T2 au cœur de Dijon features a shared lounge and a washing machine. ",Dijon,47.3176355,5.0363529
579,Pasteur Numéro 5,https://www.booking.com/hotel/fr/appartement-rue-pasteur-dijon1.en-gb.html?aid=304142&label=gen173nr-1FCAQoggJCDHNlYXJjaF9kaWpvbkgzWARoTYgBAZgBCbgBCsgBBdgBAegBAfgBA4gCAagCA7gCs8_QuAbAAgHSAiQwNzYzZDg0OC0zMGJmLTQ1ZjUtYTgzMy00YzVmMTEwODNiMTnYAgXgAgE&ucfs=1&arphpl=1&group_adults=2&req_adults=2&no_rooms=1&group_children=0&req_children=0&hpos=13&hapos=13&sr_order=popularity&srpvid=5ac1989988a90334&srepoch=1729374132&from=searchresults,9.1,"In the Old Town district of Dijon, close to Saint-Philibert Church, Pasteur Numéro 5 has free WiFi and a washing machine. The 3-star apartment features city views and is 1.9 km from Dijon Congrexpo. ",Dijon,47.3186253,5.041154
580,La Musette,https://www.booking.com/hotel/fr/15-rue-musette.en-gb.html?aid=304142&label=gen173nr-1FCAQoggJCDHNlYXJjaF9kaWpvbkgzWARoTYgBAZgBCbgBCsgBBdgBAegBAfgBA4gCAagCA7gCs8_QuAbAAgHSAiQwNzYzZDg0OC0zMGJmLTQ1ZjUtYTgzMy00YzVmMTEwODNiMTnYAgXgAgE&ucfs=1&arphpl=1&group_adults=2&req_adults=2&no_rooms=1&group_children=0&req_children=0&hpos=12&hapos=12&sr_order=popularity&srpvid=5ac1989988a90334&srepoch=1729374132&from=searchresults,9.0,"In the Old Town district of Dijon, close to Dijon Train Station, La Musette features a bar and a washing machine. ",Dijon,47.32279078,5.03958769
581,Le Petit Hernoux Centre historique,https://www.booking.com/hotel/fr/le-petit-hernou-centre-historique.en-gb.html?aid=304142&label=gen173nr-1FCAQoggJCDHNlYXJjaF9kaWpvbkgzWARoTYgBAZgBCbgBCsgBBdgBAegBAfgBA4gCAagCA7gCs8_QuAbAAgHSAiQwNzYzZDg0OC0zMGJmLTQ1ZjUtYTgzMy00YzVmMTEwODNiMTnYAgXgAgE&ucfs=1&arphpl=1&group_adults=2&req_adults=2&no_rooms=1&group_children=0&req_children=0&hpos=11&hapos=11&sr_order=popularity&srpvid=5ac1989988a90334&srepoch=1729374132&from=searchresults,9.2,"Le Petit Hernoux Centre historique is situated in the Old Town district of Dijon, 1.7 km from Dijon Congrexpo, 1.2 km from Dijon Train Station and 1.2 km from Foch-Gare Tramway Station. ",Dijon,47.3194024,5.0410798
582,Nomad Hotel Dijon,https://www.booking.com/hotel/fr/nomad-dijon.en-gb.html?aid=304142&label=gen173nr-1FCAQoggJCDHNlYXJjaF9kaWpvbkgzWARoTYgBAZgBCbgBCsgBBdgBAegBAfgBA4gCAagCA7gCs8_QuAbAAgHSAiQwNzYzZDg0OC0zMGJmLTQ1ZjUtYTgzMy00YzVmMTEwODNiMTnYAgXgAgE&ucfs=1&arphpl=1&group_adults=2&req_adults=2&no_rooms=1&group_children=0&req_children=0&hpos=10&hapos=10&sr_order=popularity&srpvid=5ac1989988a90334&srepoch=1729374132&from_sustainable_property_sr=1&from=searchresults,8.6,"Set in Dijon, 300 metres from Dijon Train Station, Nomad Hotel Dijon offers accommodation with a fitness centre, private parking, a garden and a bar. ",Dijon,47.3245398,5.0276148
583,le cote d'or,https://www.booking.com/hotel/fr/le-cote-d-or.en-gb.html?aid=304142&label=gen173nr-1FCAQoggJCDHNlYXJjaF9kaWpvbkgzWARoTYgBAZgBCbgBCsgBBdgBAegBAfgBA4gCAagCA7gCs8_QuAbAAgHSAiQwNzYzZDg0OC0zMGJmLTQ1ZjUtYTgzMy00YzVmMTEwODNiMTnYAgXgAgE&ucfs=1&arphpl=1&group_adults=2&req_adults=2&no_rooms=1&group_children=0&req_children=0&hpos=9&hapos=9&sr_order=popularity&srpvid=5ac1989988a90334&srepoch=1729374132&from=searchresults,9.0,"Offering city views, le cote d'or is an accommodation located in Dijon, 1.2 km from Dijon Train Station and 1.2 km from Foch-Gare Tramway Station. ",Dijon,47.324104,5.042538
584,OVELIA Dijon - Le Courtille Ste-Marthe,https://www.booking.com/hotel/fr/ovelia-le-courtille-ste-marthe.en-gb.html?aid=304142&label=gen173nr-1FCAQoggJCDHNlYXJjaF9kaWpvbkgzWARoTYgBAZgBCbgBCsgBBdgBAegBAfgBA4gCAagCA7gCs8_QuAbAAgHSAiQwNzYzZDg0OC0zMGJmLTQ1ZjUtYTgzMy00YzVmMTEwODNiMTnYAgXgAgE&ucfs=1&arphpl=1&group_adults=2&req_adults=2&no_rooms=1&group_children=0&req_children=0&hpos=8&hapos=8&sr_order=popularity&srpvid=5ac1989988a90334&srepoch=1729374132&from=searchresults,8.9,"Ideally located in the Old Town district of Dijon, OVELIA Dijon - Le Courtille Ste-Marthe is located 1.3 km from Dijon Train Station, 1.2 km from Foch-Gare Tramway Station and less than 1 km from...",Dijon,47.3250538,5.0431705
585,B&B Le Victor Dumay,https://www.booking.com/hotel/fr/b-amp-b-le-victor-dumay-dijon12.en-gb.html?aid=304142&label=gen173nr-1FCAQoggJCDHNlYXJjaF9kaWpvbkgzWARoTYgBAZgBCbgBCsgBBdgBAegBAfgBA4gCAagCA7gCs8_QuAbAAgHSAiQwNzYzZDg0OC0zMGJmLTQ1ZjUtYTgzMy00YzVmMTEwODNiMTnYAgXgAgE&ucfs=1&arphpl=1&group_adults=2&req_adults=2&no_rooms=1&group_children=0&req_children=0&hpos=7&hapos=7&sr_order=popularity&srpvid=5ac1989988a90334&srepoch=1729374132&from=searchresults,8.6,"Set in Dijon, 500 metres from Saint-Philibert Church, B&B Le Victor Dumay offers recently renovated accommodation with free WiFi and a bar. ",Dijon,47.3192893,5.0388117
586,Le Rousseau - Appartement Design en Coeur de ville,https://www.booking.com/hotel/fr/le-rousseau-chic-et-vintage-dans-le-centre-historique.en-gb.html?aid=304142&label=gen173nr-1FCAQoggJCDHNlYXJjaF9kaWpvbkgzWARoTYgBAZgBCbgBCsgBBdgBAegBAfgBA4gCAagCA7gCs8_QuAbAAgHSAiQwNzYzZDg0OC0zMGJmLTQ1ZjUtYTgzMy00YzVmMTEwODNiMTnYAgXgAgE&ucfs=1&arphpl=1&group_adults=2&req_adults=2&no_rooms=1&group_children=0&req_children=0&hpos=6&hapos=6&sr_order=popularity&srpvid=5ac1989988a90334&srepoch=1729374132&from=searchresults,8.9,"Le Rousseau - Appartement Design en Coeur de ville is set in the Old Town district of Dijon, 1.3 km from Dijon Train Station, 1.2 km from Foch-Gare Tramway Station and less than 1 km from...",Dijon,47.3244237,5.0431253
587,Le Petit Palais Notre Dame - Heart of Dijon,https://www.booking.com/hotel/fr/le-petit-palais-des-comtes-heart-of-dijon.en-gb.html?aid=304142&label=gen173nr-1FCAQoggJCDHNlYXJjaF9kaWpvbkgzWARoTYgBAZgBCbgBCsgBBdgBAegBAfgBA4gCAagCA7gCs8_QuAbAAgHSAiQwNzYzZDg0OC0zMGJmLTQ1ZjUtYTgzMy00YzVmMTEwODNiMTnYAgXgAgE&ucfs=1&arphpl=1&group_adults=2&req_adults=2&no_rooms=1&group_children=0&req_children=0&hpos=5&hapos=5&sr_order=popularity&srpvid=5ac1989988a90334&srepoch=1729374132&from_sustainable_property_sr=1&from=searchresults,9.0,"Located in Dijon, 1.1 km from Dijon Train Station and less than 1 km from Foch-Gare Tramway Station, Le Petit Palais Notre Dame - Heart of Dijon provides accommodation with free WiFi in a historic...",Dijon,47.32293691,5.04071385
588,Oceania Le Jura Dijon,https://www.booking.com/hotel/fr/tidijon.en-gb.html?aid=304142&label=gen173nr-1FCAQoggJCDHNlYXJjaF9kaWpvbkgzWARoTYgBAZgBCbgBCsgBBdgBAegBAfgBA4gCAagCA7gCs8_QuAbAAgHSAiQwNzYzZDg0OC0zMGJmLTQ1ZjUtYTgzMy00YzVmMTEwODNiMTnYAgXgAgE&ucfs=1&arphpl=1&group_adults=2&req_adults=2&no_rooms=1&group_children=0&req_children=0&hpos=4&hapos=4&sr_order=popularity&srpvid=5ac1989988a90334&srepoch=1729374132&from=searchresults,8.5,"The Hôtel Le Jura is located in the city centre, 200 metres from the train station and a 10-minute tram ride from the Palais de Congrès. ",Dijon,47.3236074,5.03021546
589,Aloft Hotel Dijon By Marriott,https://www.booking.com/hotel/fr/aloft-dijon.en-gb.html?aid=304142&label=gen173nr-1FCAQoggJCDHNlYXJjaF9kaWpvbkgzWARoTYgBAZgBCbgBCsgBBdgBAegBAfgBA4gCAagCA7gCs8_QuAbAAgHSAiQwNzYzZDg0OC0zMGJmLTQ1ZjUtYTgzMy00YzVmMTEwODNiMTnYAgXgAgE&ucfs=1&arphpl=1&group_adults=2&req_adults=2&no_rooms=1&group_children=0&req_children=0&hpos=3&hapos=3&sr_order=popularity&srpvid=5ac1989988a90334&srepoch=1729374132&from=searchresults,8.6,"Located less than 1 km from Dijon Train Station, Aloft Hotel Dijon By Marriott offers 4-star accommodation in Dijon and has a bar. ",Dijon,47.32359832,5.03726116
590,ibis Styles Dijon Central,https://www.booking.com/hotel/fr/ibis-central.en-gb.html?aid=304142&label=gen173nr-1FCAQoggJCDHNlYXJjaF9kaWpvbkgzWARoTYgBAZgBCbgBCsgBBdgBAegBAfgBA4gCAagCA7gCs8_QuAbAAgHSAiQwNzYzZDg0OC0zMGJmLTQ1ZjUtYTgzMy00YzVmMTEwODNiMTnYAgXgAgE&ucfs=1&arphpl=1&group_adults=2&req_adults=2&no_rooms=1&group_children=0&req_children=0&hpos=2&hapos=2&sr_order=popularity&srpvid=5ac1989988a90334&srepoch=1729374132&from_sustainable_property_sr=1&from=searchresults,8.1,"Set in a pedestrian district in the heart of Dijon’s historic area, ibis Styles Dijon Central is just 1 km from Dijon Train Station. It offers 24-hour reception and free Wi-Fi. ",Dijon,47.32312149,5.03729984
591,Chambre d'hôtes Le Petit Tertre,https://www.booking.com/hotel/fr/le-petit-tertre.en-gb.html?aid=304142&label=gen173nr-1FCAQoggJCDHNlYXJjaF9kaWpvbkgzWARoTYgBAZgBCbgBCsgBBdgBAegBAfgBA4gCAagCA7gCs8_QuAbAAgHSAiQwNzYzZDg0OC0zMGJmLTQ1ZjUtYTgzMy00YzVmMTEwODNiMTnYAgXgAgE&ucfs=1&arphpl=1&group_adults=2&req_adults=2&no_rooms=1&group_children=0&req_children=0&hpos=1&hapos=1&sr_order=popularity&srpvid=5ac1989988a90334&srepoch=1729374132&from=searchresults,9.0,"Le Petit Tertre is located in the centre of Dijon, a 3-minute walk from the Palace of the Dukes of Burgundy and offers free Wi-Fi. All apartments are fully furnished in an 18th century style. ",Dijon,47.32396148,5.04365131
592,Gites Bellevue,https://www.booking.com/hotel/fr/gites-bellevue.en-gb.html?aid=304142&label=gen173nr-1FCAQoggJCGHNlYXJjaF9tb250IHNhaW50IG1pY2hlbEgzWARoTYgBAZgBCbgBCsgBBdgBAegBAfgBA4gCAagCA7gCs8_QuAbAAgHSAiQ3NTUwN2I4Mi0wNDAzLTQ1N2MtOGFjMi0xZmNiYjk3ZTA1YmbYAgXgAgE&ucfs=1&arphpl=1&group_adults=2&req_adults=2&no_rooms=1&group_children=0&req_children=0&hpos=23&hapos=23&sr_order=popularity&srpvid=4bad989955810128&srepoch=1729374132&from=searchresults,9.2,"Located just 2 km from the famous Mont Saint-Michel, Gites Bellevue offers self-catering cottages with a terrace, garden and BBQ facilities. The sea is only a 10-minute drive away. ",Mont Saint Michel,48.60788007,
593,Gites les 2 Clos au pied du Mont,https://www.booking.com/hotel/fr/les-deux-clos-pontorson.en-gb.html?aid=304142&label=gen173nr-1FCAQoggJCGHNlYXJjaF9tb250IHNhaW50IG1pY2hlbEgzWARoTYgBAZgBCbgBCsgBBdgBAegBAfgBA4gCAagCA7gCs8_QuAbAAgHSAiQ3NTUwN2I4Mi0wNDAzLTQ1N2MtOGFjMi0xZmNiYjk3ZTA1YmbYAgXgAgE&ucfs=1&arphpl=1&group_adults=2&req_adults=2&no_rooms=1&group_children=0&req_children=0&hpos=22&hapos=22&sr_order=popularity&srpvid=4bad989955810128&srepoch=1729374132&from=searchresults,9.1,"Gites les 2 Clos au pied du Mont features accommodation in Ardevon. All of the holiday homes feature a private bathroom, flat-screen TV, fully-equipped kitchen and terrace. ",Mont Saint Michel,48.6139661,
594,Mon Saint Michel,https://www.booking.com/hotel/fr/mon-saint-michel.en-gb.html?aid=304142&label=gen173nr-1FCAQoggJCGHNlYXJjaF9tb250IHNhaW50IG1pY2hlbEgzWARoTYgBAZgBCbgBCsgBBdgBAegBAfgBA4gCAagCA7gCs8_QuAbAAgHSAiQ3NTUwN2I4Mi0wNDAzLTQ1N2MtOGFjMi0xZmNiYjk3ZTA1YmbYAgXgAgE&ucfs=1&arphpl=1&group_adults=2&req_adults=2&no_rooms=1&group_children=0&req_children=0&hpos=21&hapos=21&sr_order=popularity&srpvid=4bad989955810128&srepoch=1729374132&from_sustainable_property_sr=1&from=searchresults,8.7,"Set 8.6 km from Mont Saint-Michel, 21 km from Scriptorial d'Avranches, musee des manuscrits du Mont Saint-Michel and 46 km from Granville Train Station, Mon Saint Michel features accommodation...",Mont Saint Michel,48.613627,
595,gites 2 beauvoir,https://www.booking.com/hotel/fr/gites-2-beauvoir.en-gb.html?aid=304142&label=gen173nr-1FCAQoggJCGHNlYXJjaF9tb250IHNhaW50IG1pY2hlbEgzWARoTYgBAZgBCbgBCsgBBdgBAegBAfgBA4gCAagCA7gCs8_QuAbAAgHSAiQ3NTUwN2I4Mi0wNDAzLTQ1N2MtOGFjMi0xZmNiYjk3ZTA1YmbYAgXgAgE&ucfs=1&arphpl=1&group_adults=2&req_adults=2&no_rooms=1&group_children=0&req_children=0&hpos=20&hapos=20&sr_order=popularity&srpvid=4bad989955810128&srepoch=1729374132&from=searchresults,8.9,"Set 5.7 km from Mont Saint-Michel, 23 km from Scriptorial d'Avranches, musee des manuscrits du Mont Saint-Michel and 45 km from Port of Houle, gites 2 beauvoir provides accommodation situated in...",Mont Saint Michel,48.5976913,
596,Roulotte au pied du Mont Saint Michel,https://www.booking.com/hotel/fr/roulotte-au-pied-du-mont-saint-michel.en-gb.html?aid=304142&label=gen173nr-1FCAQoggJCGHNlYXJjaF9tb250IHNhaW50IG1pY2hlbEgzWARoTYgBAZgBCbgBCsgBBdgBAegBAfgBA4gCAagCA7gCs8_QuAbAAgHSAiQ3NTUwN2I4Mi0wNDAzLTQ1N2MtOGFjMi0xZmNiYjk3ZTA1YmbYAgXgAgE&ucfs=1&arphpl=1&group_adults=2&req_adults=2&no_rooms=1&group_children=0&req_children=0&hpos=19&hapos=19&sr_order=popularity&srpvid=4bad989955810128&srepoch=1729374132&from=searchresults,9.6,"Offering garden views, Roulotte au pied du Mont Saint Michel is an accommodation set in Pontorson, 8.6 km from Mont Saint-Michel and 21 km from Scriptorial d'Avranches, musee des manuscrits du Mont...",Mont Saint Michel,48.61396965,
597,Apparthôtel Mont Saint Michel - Résidence Fleurdumont,https://www.booking.com/hotel/fr/residence-fleurdumont.en-gb.html?aid=304142&label=gen173nr-1FCAQoggJCGHNlYXJjaF9tb250IHNhaW50IG1pY2hlbEgzWARoTYgBAZgBCbgBCsgBBdgBAegBAfgBA4gCAagCA7gCs8_QuAbAAgHSAiQ3NTUwN2I4Mi0wNDAzLTQ1N2MtOGFjMi0xZmNiYjk3ZTA1YmbYAgXgAgE&ucfs=1&arphpl=1&group_adults=2&req_adults=2&no_rooms=1&group_children=0&req_children=0&hpos=18&hapos=18&sr_order=popularity&srpvid=4bad989955810128&srepoch=1729374132&from=searchresults,8.2,Résidence Fleurdumont offers pet-friendly accommodation in Beauvoir. Mont Saint Michel Abbey is 4.4 km away. ,Mont Saint Michel,48.59648217,
598,Vent des Grèves,https://www.booking.com/hotel/fr/vent-des-greves-pontorson.en-gb.html?aid=304142&label=gen173nr-1FCAQoggJCGHNlYXJjaF9tb250IHNhaW50IG1pY2hlbEgzWARoTYgBAZgBCbgBCsgBBdgBAegBAfgBA4gCAagCA7gCs8_QuAbAAgHSAiQ3NTUwN2I4Mi0wNDAzLTQ1N2MtOGFjMi0xZmNiYjk3ZTA1YmbYAgXgAgE&ucfs=1&arphpl=1&group_adults=2&req_adults=2&no_rooms=1&group_children=0&req_children=0&hpos=17&hapos=17&sr_order=popularity&srpvid=4bad989955810128&srepoch=1729374132&from=searchresults,9.2,"Featuring a garden and views of garden, Vent des Grèves is a recently renovated bed and breakfast set in Pontorson, 8.1 km from Mont Saint Michel Abbey. ",Mont Saint Michel,48.615403,
599,Les Pres-Salés,https://www.booking.com/hotel/fr/les-pra-s-sala-s.en-gb.html?aid=304142&label=gen173nr-1FCAQoggJCGHNlYXJjaF9tb250IHNhaW50IG1pY2hlbEgzWARoTYgBAZgBCbgBCsgBBdgBAegBAfgBA4gCAagCA7gCs8_QuAbAAgHSAiQ3NTUwN2I4Mi0wNDAzLTQ1N2MtOGFjMi0xZmNiYjk3ZTA1YmbYAgXgAgE&ucfs=1&arphpl=1&group_adults=2&req_adults=2&no_rooms=1&group_children=0&req_children=0&hpos=16&hapos=16&sr_order=popularity&srpvid=4bad989955810128&srepoch=1729374132&from=searchresults,9.0,Les Pres-Salés offers B&B accommodation set in a renovated farmhouse with views of Mont Saint-Michel and the bay. A homemade breakfast is served every day and you can use the barbecue for free. ,Mont Saint Michel,48.624222,
600,Etoile des Grèves,https://www.booking.com/hotel/fr/etoile-des-greves.en-gb.html?aid=304142&label=gen173nr-1FCAQoggJCGHNlYXJjaF9tb250IHNhaW50IG1pY2hlbEgzWARoTYgBAZgBCbgBCsgBBdgBAegBAfgBA4gCAagCA7gCs8_QuAbAAgHSAiQ3NTUwN2I4Mi0wNDAzLTQ1N2MtOGFjMi0xZmNiYjk3ZTA1YmbYAgXgAgE&ucfs=1&arphpl=1&group_adults=2&req_adults=2&no_rooms=1&group_children=0&req_children=0&hpos=15&hapos=15&sr_order=popularity&srpvid=4bad989955810128&srepoch=1729374132&from=searchresults,9.4,"Etoile des Grèves is situated in Ardevon, 8.1 km from Mont Saint-Michel, 21 km from Scriptorial d'Avranches, musee des manuscrits du Mont Saint-Michel, as well as 45 km from Granville Train Station. ",Mont Saint Michel,48.615509,
601,Les Vieilles Digues,https://www.booking.com/hotel/fr/chambres-d-ha-tes-les-vieilles-digues.en-gb.html?aid=304142&label=gen173nr-1FCAQoggJCGHNlYXJjaF9tb250IHNhaW50IG1pY2hlbEgzWARoTYgBAZgBCbgBCsgBBdgBAegBAfgBA4gCAagCA7gCs8_QuAbAAgHSAiQ3NTUwN2I4Mi0wNDAzLTQ1N2MtOGFjMi0xZmNiYjk3ZTA1YmbYAgXgAgE&ucfs=1&arphpl=1&group_adults=2&req_adults=2&no_rooms=1&group_children=0&req_children=0&hpos=14&hapos=14&sr_order=popularity&srpvid=4bad989955810128&srepoch=1729374132&from=searchresults,9.3,"Set in a renovated Breton-style house, this family-run B&B is located in Beauvoir, 3 km from Mont-Saint-Michel. ",Mont Saint Michel,48.6041875,
602,Chez Adèle,https://www.booking.com/hotel/fr/chez-adele-le-mont-saint-michel.en-gb.html?aid=304142&label=gen173nr-1FCAQoggJCGHNlYXJjaF9tb250IHNhaW50IG1pY2hlbEgzWARoTYgBAZgBCbgBCsgBBdgBAegBAfgBA4gCAagCA7gCs8_QuAbAAgHSAiQ3NTUwN2I4Mi0wNDAzLTQ1N2MtOGFjMi0xZmNiYjk3ZTA1YmbYAgXgAgE&ucfs=1&arphpl=1&group_adults=2&req_adults=2&no_rooms=1&group_children=0&req_children=0&hpos=13&hapos=13&sr_order=popularity&srpvid=4bad989955810128&srepoch=1729374132&from=searchresults,8.3,"Chez Adèle, a property with water sports facilities, is situated in Le Mont Saint Michel, 200 metres from Mont Saint-Michel, 29 km from Scriptorial d'Avranches, musee des manuscrits du Mont...",Mont Saint Michel,48.63616589,
603,Hôtel la Croix Blanche,https://www.booking.com/hotel/fr/ha-el-la-croix-blanche.en-gb.html?aid=304142&label=gen173nr-1FCAQoggJCGHNlYXJjaF9tb250IHNhaW50IG1pY2hlbEgzWARoTYgBAZgBCbgBCsgBBdgBAegBAfgBA4gCAagCA7gCs8_QuAbAAgHSAiQ3NTUwN2I4Mi0wNDAzLTQ1N2MtOGFjMi0xZmNiYjk3ZTA1YmbYAgXgAgE&ucfs=1&arphpl=1&group_adults=2&req_adults=2&no_rooms=1&group_children=0&req_children=0&hpos=12&hapos=12&sr_order=popularity&srpvid=4bad989955810128&srepoch=1729374132&from_sustainable_property_sr=1&from=searchresults,7.8,"Situated in the heart of Mont Saint Michel medieval Village, Hôtel La Croix Blanche offers a terrace and a bar. The rooms at Hôtel La Croix Blanche have a flat-screen, satellite TV and a minibar. ",Mont Saint Michel,48.63573406,
604,Le Mouton Blanc,https://www.booking.com/hotel/fr/le-mouton-blanc-le-mont-saint-michel.en-gb.html?aid=304142&label=gen173nr-1FCAQoggJCGHNlYXJjaF9tb250IHNhaW50IG1pY2hlbEgzWARoTYgBAZgBCbgBCsgBBdgBAegBAfgBA4gCAagCA7gCs8_QuAbAAgHSAiQ3NTUwN2I4Mi0wNDAzLTQ1N2MtOGFjMi0xZmNiYjk3ZTA1YmbYAgXgAgE&ucfs=1&arphpl=1&group_adults=2&req_adults=2&no_rooms=1&group_children=0&req_children=0&hpos=11&hapos=11&sr_order=popularity&srpvid=4bad989955810128&srepoch=1729374132&from=searchresults,7.2,"At the foot of the abbey, the Mouton Blanc Hotel, welcomes you in its historic 14th century location. Le Mouton Blanc provides comfortable rooms with a simple yet cosy decoration. ",Mont Saint Michel,48.63602298,
605,Hotel Gabriel,https://www.booking.com/hotel/fr/hotel-gabriel.en-gb.html?aid=304142&label=gen173nr-1FCAQoggJCGHNlYXJjaF9tb250IHNhaW50IG1pY2hlbEgzWARoTYgBAZgBCbgBCsgBBdgBAegBAfgBA4gCAagCA7gCs8_QuAbAAgHSAiQ3NTUwN2I4Mi0wNDAzLTQ1N2MtOGFjMi0xZmNiYjk3ZTA1YmbYAgXgAgE&ucfs=1&arphpl=1&group_adults=2&req_adults=2&no_rooms=1&group_children=0&req_children=0&hpos=10&hapos=10&sr_order=popularity&srpvid=4bad989955810128&srepoch=1729374132&from_sustainable_property_sr=1&from=searchresults,8.0,Hotel Gabriel is located 1.6 Km from Mont Saint-Michel. It offers free Wi-Fi access and en suite rooms just a 25-minute walk from the walls of the old city. ,Mont Saint Michel,48.61538141,
606,Auberge Saint Pierre,https://www.booking.com/hotel/fr/auberge-saint-pierre.en-gb.html?aid=304142&label=gen173nr-1FCAQoggJCGHNlYXJjaF9tb250IHNhaW50IG1pY2hlbEgzWARoTYgBAZgBCbgBCsgBBdgBAegBAfgBA4gCAagCA7gCs8_QuAbAAgHSAiQ3NTUwN2I4Mi0wNDAzLTQ1N2MtOGFjMi0xZmNiYjk3ZTA1YmbYAgXgAgE&ucfs=1&arphpl=1&group_adults=2&req_adults=2&no_rooms=1&group_children=0&req_children=0&hpos=9&hapos=9&sr_order=popularity&srpvid=4bad989955810128&srepoch=1729374132&from=searchresults,8.1,Auberge Saint Pierre is a 14th-century half-timbered house located on Mont St Michel tidal island. It combines the period charm of exposed beams with modern comforts including TV and free Wi-Fi...,Mont Saint Michel,48.63568798,
607,La Vieille Auberge,https://www.booking.com/hotel/fr/la-vieille-auberge-le-mont-saint-michel.en-gb.html?aid=304142&label=gen173nr-1FCAQoggJCGHNlYXJjaF9tb250IHNhaW50IG1pY2hlbEgzWARoTYgBAZgBCbgBCsgBBdgBAegBAfgBA4gCAagCA7gCs8_QuAbAAgHSAiQ3NTUwN2I4Mi0wNDAzLTQ1N2MtOGFjMi0xZmNiYjk3ZTA1YmbYAgXgAgE&ucfs=1&arphpl=1&group_adults=2&req_adults=2&no_rooms=1&group_children=0&req_children=0&hpos=8&hapos=8&sr_order=popularity&srpvid=4bad989955810128&srepoch=1729374132&from=searchresults,7.4,"La Vieille Auberge is located in the medieval village of Le Mont Saint Michel, just a short walk from the famous Mont Saint-Michel Abbey. ",Mont Saint Michel,48.636063,
608,Le Relais Du Roy,https://www.booking.com/hotel/fr/le-relais-du-roy.en-gb.html?aid=304142&label=gen173nr-1FCAQoggJCGHNlYXJjaF9tb250IHNhaW50IG1pY2hlbEgzWARoTYgBAZgBCbgBCsgBBdgBAegBAfgBA4gCAagCA7gCs8_QuAbAAgHSAiQ3NTUwN2I4Mi0wNDAzLTQ1N2MtOGFjMi0xZmNiYjk3ZTA1YmbYAgXgAgE&ucfs=1&arphpl=1&group_adults=2&req_adults=2&no_rooms=1&group_children=0&req_children=0&hpos=7&hapos=7&sr_order=popularity&srpvid=4bad989955810128&srepoch=1729374132&from_sustainable_property_sr=1&from=searchresults,8.2,"Le Relais Du Roy is a 3-star hotel situated next to the River Couesnon, just 1.5 km from the Mont Saint-Michel and 50 metres from the free shuttle bus. ",Mont Saint Michel,48.6162627,
609,Le Saint Aubert,https://www.booking.com/hotel/fr/hotel-saint-aubert.en-gb.html?aid=304142&label=gen173nr-1FCAQoggJCGHNlYXJjaF9tb250IHNhaW50IG1pY2hlbEgzWARoTYgBAZgBCbgBCsgBBdgBAegBAfgBA4gCAagCA7gCs8_QuAbAAgHSAiQ3NTUwN2I4Mi0wNDAzLTQ1N2MtOGFjMi0xZmNiYjk3ZTA1YmbYAgXgAgE&ucfs=1&arphpl=1&group_adults=2&req_adults=2&no_rooms=1&group_children=0&req_children=0&hpos=6&hapos=6&sr_order=popularity&srpvid=4bad989955810128&srepoch=1729374132&from=searchresults,7.4,"Set amid lush greenery, just 2 km from the Mont Saint-Michel, the hotel welcomes you in a warm and friendly atmosphere. ",Mont Saint Michel,48.61293783,
610,La Mère Poulard,https://www.booking.com/hotel/fr/la-mere-poulard.en-gb.html?aid=304142&label=gen173nr-1FCAQoggJCGHNlYXJjaF9tb250IHNhaW50IG1pY2hlbEgzWARoTYgBAZgBCbgBCsgBBdgBAegBAfgBA4gCAagCA7gCs8_QuAbAAgHSAiQ3NTUwN2I4Mi0wNDAzLTQ1N2MtOGFjMi0xZmNiYjk3ZTA1YmbYAgXgAgE&ucfs=1&arphpl=1&group_adults=2&req_adults=2&no_rooms=1&group_children=0&req_children=0&hpos=5&hapos=5&sr_order=popularity&srpvid=4bad989955810128&srepoch=1729374132&from=searchresults,7.2,"Housed in a historical building, this hotel is ideally located in the heart of Mont Saint-Michel. The classic-style rooms overlook the bay, the abbey or the medieval city. ",Mont Saint Michel,48.63508532,
611,Les Terrasses Poulard,https://www.booking.com/hotel/fr/les-terrasses-poulard.en-gb.html?aid=304142&label=gen173nr-1FCAQoggJCGHNlYXJjaF9tb250IHNhaW50IG1pY2hlbEgzWARoTYgBAZgBCbgBCsgBBdgBAegBAfgBA4gCAagCA7gCs8_QuAbAAgHSAiQ3NTUwN2I4Mi0wNDAzLTQ1N2MtOGFjMi0xZmNiYjk3ZTA1YmbYAgXgAgE&ucfs=1&arphpl=1&group_adults=2&req_adults=2&no_rooms=1&group_children=0&req_children=0&hpos=4&hapos=4&sr_order=popularity&srpvid=4bad989955810128&srepoch=1729374132&from=searchresults,7.4,"Composed of 2 different buildings, Les Terrasses Poulard is a historical property in the heart of Mont Saint-Michel and offers views of the bay, the village and the street. ",Mont Saint Michel,48.63534943,
612,Mercure Mont Saint Michel,https://www.booking.com/hotel/fr/mont-saint-michel.en-gb.html?aid=304142&label=gen173nr-1FCAQoggJCGHNlYXJjaF9tb250IHNhaW50IG1pY2hlbEgzWARoTYgBAZgBCbgBCsgBBdgBAegBAfgBA4gCAagCA7gCs8_QuAbAAgHSAiQ3NTUwN2I4Mi0wNDAzLTQ1N2MtOGFjMi0xZmNiYjk3ZTA1YmbYAgXgAgE&ucfs=1&arphpl=1&group_adults=2&req_adults=2&no_rooms=1&group_children=0&req_children=0&hpos=3&hapos=3&sr_order=popularity&srpvid=4bad989955810128&srepoch=1729374132&from_sustainable_property_sr=1&from=searchresults,8.2,"This Mercure is situated in parkland just 2 km from the abbey of Mont Saint Michel. It offers spacious en suite rooms, a restaurant and bar and plenty of free on-site parking. ",Mont Saint Michel,48.61424653,
613,Le Relais Saint Michel,https://www.booking.com/hotel/fr/le-relais-saint-michel.en-gb.html?aid=304142&label=gen173nr-1FCAQoggJCGHNlYXJjaF9tb250IHNhaW50IG1pY2hlbEgzWARoTYgBAZgBCbgBCsgBBdgBAegBAfgBA4gCAagCA7gCs8_QuAbAAgHSAiQ3NTUwN2I4Mi0wNDAzLTQ1N2MtOGFjMi0xZmNiYjk3ZTA1YmbYAgXgAgE&ucfs=1&arphpl=1&group_adults=2&req_adults=2&no_rooms=1&group_children=0&req_children=0&hpos=2&hapos=2&sr_order=popularity&srpvid=4bad989955810128&srepoch=1729374132&from_sustainable_property_sr=1&from=searchresults,8.0,Le Relais Saint Michel is an hotel facing the bay of Mont Saint-Michel. ,Mont Saint Michel,48.61758727,
614,Hôtel Vert,https://www.booking.com/hotel/fr/vert.en-gb.html?aid=304142&label=gen173nr-1FCAQoggJCGHNlYXJjaF9tb250IHNhaW50IG1pY2hlbEgzWARoTYgBAZgBCbgBCsgBBdgBAegBAfgBA4gCAagCA7gCs8_QuAbAAgHSAiQ3NTUwN2I4Mi0wNDAzLTQ1N2MtOGFjMi0xZmNiYjk3ZTA1YmbYAgXgAgE&ucfs=1&arphpl=1&group_adults=2&req_adults=2&no_rooms=1&group_children=0&req_children=0&hpos=1&hapos=1&sr_order=popularity&srpvid=4bad989955810128&srepoch=1729374132&from_sustainable_property_sr=1&from=searchresults,8.0,"Hotel Vert offers pastel-coloured rooms with a private bathroom, TV and free Wi-Fi access. It is located 2 km from the Mont Saint-Michel tidal island on the Normandy Coast. ",Mont Saint Michel,48.61470049,
615,Maison De ville Bayeux,https://www.booking.com/hotel/fr/maison-de-ville-bayeux.en-gb.html?aid=304142&label=gen173nr-1FCAQoggJCDXNlYXJjaF9iYXlldXhIM1gEaE2IAQGYAQm4AQrIAQXYAQHoAQH4AQOIAgGoAgO4ArPP0LgGwAIB0gIkZThkYThiZmItZDVlOS00MjIzLWE5ODYtNzRmZDFiMjQ0NTYx2AIF4AIB&ucfs=1&arphpl=1&group_adults=2&req_adults=2&no_rooms=1&group_children=0&req_children=0&hpos=24&hapos=24&sr_order=popularity&srpvid=52a49899583403b7&srepoch=1729374132&from=searchresults,8.9,"Located in Bayeux and only 400 metres from Baron Gerard Museum, Maison De ville Bayeux provides accommodation with inner courtyard views, free WiFi and free private parking. ",Bayeux,49.2740311,
616,Hôtel De Brunville & Spa,https://www.booking.com/hotel/fr/hoteldebrunville.en-gb.html?aid=304142&label=gen173nr-1FCAQoggJCDXNlYXJjaF9iYXlldXhIM1gEaE2IAQGYAQm4AQrIAQXYAQHoAQH4AQOIAgGoAgO4ArPP0LgGwAIB0gIkZThkYThiZmItZDVlOS00MjIzLWE5ODYtNzRmZDFiMjQ0NTYx2AIF4AIB&ucfs=1&arphpl=1&group_adults=2&req_adults=2&no_rooms=1&group_children=0&req_children=0&hpos=23&hapos=23&sr_order=popularity&srpvid=52a49899583403b7&srepoch=1729374132&from_sustainable_property_sr=1&from=searchresults,8.0,"Just 400 metres from Bayeux Cathedral, this hotel offers an outdoor heated pool and a jacuzzi  which are accessible all year round. ",Bayeux,49.27815769,
617,La Maison de Mathilde,https://www.booking.com/hotel/fr/la-maison-de-mathilde.en-gb.html?aid=304142&label=gen173nr-1FCAQoggJCDXNlYXJjaF9iYXlldXhIM1gEaE2IAQGYAQm4AQrIAQXYAQHoAQH4AQOIAgGoAgO4ArPP0LgGwAIB0gIkZThkYThiZmItZDVlOS00MjIzLWE5ODYtNzRmZDFiMjQ0NTYx2AIF4AIB&ucfs=1&arphpl=1&group_adults=2&req_adults=2&no_rooms=1&group_children=0&req_children=0&hpos=22&hapos=22&sr_order=popularity&srpvid=52a49899583403b7&srepoch=1729374132&from=searchresults,9.0,"La Maison de Mathilde is set in Bayeux, 100 metres from Baron Gerard Museum and 200 metres from Museum of the Bayeux Tapestry. ",Bayeux,49.27647468,
618,Au Loup Historic Apartments,https://www.booking.com/hotel/fr/au-loup-historic-apartments-bayeux.en-gb.html?aid=304142&label=gen173nr-1FCAQoggJCDXNlYXJjaF9iYXlldXhIM1gEaE2IAQGYAQm4AQrIAQXYAQHoAQH4AQOIAgGoAgO4ArPP0LgGwAIB0gIkZThkYThiZmItZDVlOS00MjIzLWE5ODYtNzRmZDFiMjQ0NTYx2AIF4AIB&ucfs=1&arphpl=1&group_adults=2&req_adults=2&no_rooms=1&group_children=0&req_children=0&hpos=21&hapos=21&sr_order=popularity&srpvid=52a49899583403b7&srepoch=1729374132&from_sustainable_property_sr=1&from=searchresults,8.2,"Located 550 metres of Cathedrale Notre Dame de Bayeux and a 10-minute walk of Museum of the Bayeux Tapestry in Bayeux, Au Loup Historic Apartments offers accommodation with free WiFi, a seating area,...",Bayeux,49.272798,
619,Studio Exupere,https://www.booking.com/hotel/fr/studio-exupere-bayeux.en-gb.html?aid=304142&label=gen173nr-1FCAQoggJCDXNlYXJjaF9iYXlldXhIM1gEaE2IAQGYAQm4AQrIAQXYAQHoAQH4AQOIAgGoAgO4ArPP0LgGwAIB0gIkZThkYThiZmItZDVlOS00MjIzLWE5ODYtNzRmZDFiMjQ0NTYx2AIF4AIB&ucfs=1&arphpl=1&group_adults=2&req_adults=2&no_rooms=1&group_children=0&req_children=0&hpos=20&hapos=20&sr_order=popularity&srpvid=52a49899583403b7&srepoch=1729374132&from=searchresults,9.6,"Housed in a historic building, Studio Exupere provides accommodation with a garden and free WiFi in Bayeux, 300 metres from Baron Gerard Museum. ",Bayeux,49.2779637,
620,Le P'tit Croissant,https://www.booking.com/hotel/fr/le-p-tit-croissant.en-gb.html?aid=304142&label=gen173nr-1FCAQoggJCDXNlYXJjaF9iYXlldXhIM1gEaE2IAQGYAQm4AQrIAQXYAQHoAQH4AQOIAgGoAgO4ArPP0LgGwAIB0gIkZThkYThiZmItZDVlOS00MjIzLWE5ODYtNzRmZDFiMjQ0NTYx2AIF4AIB&ucfs=1&arphpl=1&group_adults=2&req_adults=2&no_rooms=1&group_children=0&req_children=0&hpos=19&hapos=19&sr_order=popularity&srpvid=52a49899583403b7&srepoch=1729374132&from=searchresults,9.4,"Set in Bayeux, 300 metres from Museum of the Bayeux Tapestry and 400 metres from Baron Gerard Museum, Le P'tit Croissant offers city views and free WiFi. ",Bayeux,49.2763099,
621,Au cœur du centre historique,https://www.booking.com/hotel/fr/au-coeur-du-centre-historique-bayeux.en-gb.html?aid=304142&label=gen173nr-1FCAQoggJCDXNlYXJjaF9iYXlldXhIM1gEaE2IAQGYAQm4AQrIAQXYAQHoAQH4AQOIAgGoAgO4ArPP0LgGwAIB0gIkZThkYThiZmItZDVlOS00MjIzLWE5ODYtNzRmZDFiMjQ0NTYx2AIF4AIB&ucfs=1&arphpl=1&group_adults=2&req_adults=2&no_rooms=1&group_children=0&req_children=0&hpos=18&hapos=18&sr_order=popularity&srpvid=52a49899583403b7&srepoch=1729374132&from=searchresults,9.3,"Offering city views, Au cœur du centre historique is an accommodation located in Bayeux, 300 metres from Baron Gerard Museum and 600 metres from Museum of the Bayeux Tapestry. ",Bayeux,49.274074,
622,L'AURE BLEUE,https://www.booking.com/hotel/fr/l-39-aure-bleue.en-gb.html?aid=304142&label=gen173nr-1FCAQoggJCDXNlYXJjaF9iYXlldXhIM1gEaE2IAQGYAQm4AQrIAQXYAQHoAQH4AQOIAgGoAgO4ArPP0LgGwAIB0gIkZThkYThiZmItZDVlOS00MjIzLWE5ODYtNzRmZDFiMjQ0NTYx2AIF4AIB&ucfs=1&arphpl=1&group_adults=2&req_adults=2&no_rooms=1&group_children=0&req_children=0&hpos=17&hapos=17&sr_order=popularity&srpvid=52a49899583403b7&srepoch=1729374132&from=searchresults,9.0,"Set in an old manor in Bayeux, this apartment is 300 metres from Baron Gerard Museum and 400 metres from Museum of the Bayeux Tapestry. A free public parking is located nearby. ",Bayeux,49.2772596,
623,Villa Des Ursulines,https://www.booking.com/hotel/fr/appartement-des-ursulines.en-gb.html?aid=304142&label=gen173nr-1FCAQoggJCDXNlYXJjaF9iYXlldXhIM1gEaE2IAQGYAQm4AQrIAQXYAQHoAQH4AQOIAgGoAgO4ArPP0LgGwAIB0gIkZThkYThiZmItZDVlOS00MjIzLWE5ODYtNzRmZDFiMjQ0NTYx2AIF4AIB&ucfs=1&arphpl=1&group_adults=2&req_adults=2&no_rooms=1&group_children=0&req_children=0&hpos=16&hapos=16&sr_order=popularity&srpvid=52a49899583403b7&srepoch=1729374132&from_sustainable_property_sr=1&from=searchresults,8.4,"Located in Bayeux, Villa Des Ursulines is 100 metres from Baron Gerard Museum. Cathedrale Notre Dame de Bayeux is 200 metres from the property. Free WiFi is offered . All units feature a seating area....",Bayeux,49.27646775,
624,Clos de Bellefontaine B&B,https://www.booking.com/hotel/fr/chambres-d-ha-tes-clos-de-bellefontaine-bayeux.en-gb.html?aid=304142&label=gen173nr-1FCAQoggJCDXNlYXJjaF9iYXlldXhIM1gEaE2IAQGYAQm4AQrIAQXYAQHoAQH4AQOIAgGoAgO4ArPP0LgGwAIB0gIkZThkYThiZmItZDVlOS00MjIzLWE5ODYtNzRmZDFiMjQ0NTYx2AIF4AIB&ucfs=1&arphpl=1&group_adults=2&req_adults=2&no_rooms=1&group_children=0&req_children=0&hpos=15&hapos=15&sr_order=popularity&srpvid=52a49899583403b7&srepoch=1729374132&from=searchresults,9.7,"Set in a 2000m² park, this 19th-century house is just 200 metres from the Bayeux Tapestry. You can admire the views of the garden from your elegant room or visit Omaha Beach, 6 km away. ",Bayeux,49.27267164,
625,Hôtel d'Argouges,https://www.booking.com/hotel/fr/d-argouges.en-gb.html?aid=304142&label=gen173nr-1FCAQoggJCDXNlYXJjaF9iYXlldXhIM1gEaE2IAQGYAQm4AQrIAQXYAQHoAQH4AQOIAgGoAgO4ArPP0LgGwAIB0gIkZThkYThiZmItZDVlOS00MjIzLWE5ODYtNzRmZDFiMjQ0NTYx2AIF4AIB&ucfs=1&arphpl=1&group_adults=2&req_adults=2&no_rooms=1&group_children=0&req_children=0&hpos=14&hapos=14&sr_order=popularity&srpvid=52a49899583403b7&srepoch=1729374132&from_sustainable_property_sr=1&from=searchresults,8.8,"This 18th-century hotel is situated in the heart of Bayeux. It is set back from the road, ensuring guests the calmness of the countryside. Free Wi-Fi access is available for 1 device per room. ",Bayeux,49.2789941,
626,Le Grand Arbre,https://www.booking.com/hotel/fr/le-grand-arbre.en-gb.html?aid=304142&label=gen173nr-1FCAQoggJCDXNlYXJjaF9iYXlldXhIM1gEaE2IAQGYAQm4AQrIAQXYAQHoAQH4AQOIAgGoAgO4ArPP0LgGwAIB0gIkZThkYThiZmItZDVlOS00MjIzLWE5ODYtNzRmZDFiMjQ0NTYx2AIF4AIB&ucfs=1&arphpl=1&group_adults=2&req_adults=2&no_rooms=1&group_children=0&req_children=0&hpos=13&hapos=13&sr_order=popularity&srpvid=52a49899583403b7&srepoch=1729374132&from=searchresults,9.7,"Situated in Bayeux in the Lower Normandy Region, 800 metres from Museum of the Bayeux Tapestry, Le Grand Arbre boasts a sun terrace and views of the garden. ",Bayeux,49.273359,
627,Maison d'hôtes de Charme,https://www.booking.com/hotel/fr/maison-d-39-hotes-de-charme-bayeux.en-gb.html?aid=304142&label=gen173nr-1FCAQoggJCDXNlYXJjaF9iYXlldXhIM1gEaE2IAQGYAQm4AQrIAQXYAQHoAQH4AQOIAgGoAgO4ArPP0LgGwAIB0gIkZThkYThiZmItZDVlOS00MjIzLWE5ODYtNzRmZDFiMjQ0NTYx2AIF4AIB&ucfs=1&arphpl=1&group_adults=2&req_adults=2&no_rooms=1&group_children=0&req_children=0&hpos=12&hapos=12&sr_order=popularity&srpvid=52a49899583403b7&srepoch=1729374132&from_sustainable_property_sr=1&from=searchresults,8.8,"Situated in Bayeux in the Lower Normandy region, Maison d'hôtes de Charme has a patio and garden views. This property offers access to a terrace, table tennis, free private parking and free WiFi. ",Bayeux,49.2739614,
628,Le Mûrier de Bayeux,https://www.booking.com/hotel/fr/le-murier-de-bayeux.en-gb.html?aid=304142&label=gen173nr-1FCAQoggJCDXNlYXJjaF9iYXlldXhIM1gEaE2IAQGYAQm4AQrIAQXYAQHoAQH4AQOIAgGoAgO4ArPP0LgGwAIB0gIkZThkYThiZmItZDVlOS00MjIzLWE5ODYtNzRmZDFiMjQ0NTYx2AIF4AIB&ucfs=1&arphpl=1&group_adults=2&req_adults=2&no_rooms=1&group_children=0&req_children=0&hpos=11&hapos=11&sr_order=popularity&srpvid=52a49899583403b7&srepoch=1729374132&from=searchresults,9.8,"Set within 200 metres of Cathedrale Notre Dame de Bayeux and 300 metres of Baron Gerard Museum in Bayeux, Le Mûrier de Bayeux offers accommodation with seating area. ",Bayeux,49.2769354,
629,Le Petit Malo,https://www.booking.com/hotel/fr/le-petit-malo.en-gb.html?aid=304142&label=gen173nr-1FCAQoggJCDXNlYXJjaF9iYXlldXhIM1gEaE2IAQGYAQm4AQrIAQXYAQHoAQH4AQOIAgGoAgO4ArPP0LgGwAIB0gIkZThkYThiZmItZDVlOS00MjIzLWE5ODYtNzRmZDFiMjQ0NTYx2AIF4AIB&ucfs=1&arphpl=1&group_adults=2&req_adults=2&no_rooms=1&group_children=0&req_children=0&hpos=10&hapos=10&sr_order=popularity&srpvid=52a49899583403b7&srepoch=1729374132&from_sustainable_property_sr=1&from=searchresults,9.6,"A recently renovated property, Le Petit Malo is situated in Bayeux near Baron Gerard Museum, Museum of the Bayeux Tapestry and Cathedrale Notre Dame de Bayeux. ",Bayeux,49.2777066,
630,Gites les Pourquoi Pas - Résidence de Tourisme DSV Bayeux,https://www.booking.com/hotel/fr/gites-les-pourquoi-pas-residence-de-tourisme-dsv-bayeux.en-gb.html?aid=304142&label=gen173nr-1FCAQoggJCDXNlYXJjaF9iYXlldXhIM1gEaE2IAQGYAQm4AQrIAQXYAQHoAQH4AQOIAgGoAgO4ArPP0LgGwAIB0gIkZThkYThiZmItZDVlOS00MjIzLWE5ODYtNzRmZDFiMjQ0NTYx2AIF4AIB&ucfs=1&arphpl=1&group_adults=2&req_adults=2&no_rooms=1&group_children=0&req_children=0&hpos=9&hapos=9&sr_order=popularity&srpvid=52a49899583403b7&srepoch=1729374132&from=searchresults,9.2,"The recently renovated Gites les Pourquoi Pas - Résidence de Tourisme DSV Bayeux is located in Bayeux, near Baron Gerard Museum and Museum of the Bayeux Tapestry. ",Bayeux,49.2815226,
631,La Plus Petite Maison De France,https://www.booking.com/hotel/fr/tour-de-l-39-islet.en-gb.html?aid=304142&label=gen173nr-1FCAQoggJCDXNlYXJjaF9iYXlldXhIM1gEaE2IAQGYAQm4AQrIAQXYAQHoAQH4AQOIAgGoAgO4ArPP0LgGwAIB0gIkZThkYThiZmItZDVlOS00MjIzLWE5ODYtNzRmZDFiMjQ0NTYx2AIF4AIB&ucfs=1&arphpl=1&group_adults=2&req_adults=2&no_rooms=1&group_children=0&req_children=0&hpos=8&hapos=8&sr_order=popularity&srpvid=52a49899583403b7&srepoch=1729374132&from=searchresults,9.1,"Located in Bayeux, 300 metres from Museum of the Bayeux Tapestry and 300 metres from Baron Gerard Museum, La Plus Petite Maison De France provides accommodation with free WiFi in a historic building. ",Bayeux,49.27661977,
632,Tiny house au cœur de Bayeux,https://www.booking.com/hotel/fr/tiny-house-au-coeur-de-bayeux.en-gb.html?aid=304142&label=gen173nr-1FCAQoggJCDXNlYXJjaF9iYXlldXhIM1gEaE2IAQGYAQm4AQrIAQXYAQHoAQH4AQOIAgGoAgO4ArPP0LgGwAIB0gIkZThkYThiZmItZDVlOS00MjIzLWE5ODYtNzRmZDFiMjQ0NTYx2AIF4AIB&ucfs=1&arphpl=1&group_adults=2&req_adults=2&no_rooms=1&group_children=0&req_children=0&hpos=7&hapos=7&sr_order=popularity&srpvid=52a49899583403b7&srepoch=1729374132&from=searchresults,9.7,"Featuring city views, Tiny house au cœur de Bayeux offers accommodation with a garden and a patio, around 200 metres from Museum of the Bayeux Tapestry. ",Bayeux,49.2755584,
633,Hotel Reine Mathilde,https://www.booking.com/hotel/fr/reine-mathilde-bayeux.en-gb.html?aid=304142&label=gen173nr-1FCAQoggJCDXNlYXJjaF9iYXlldXhIM1gEaE2IAQGYAQm4AQrIAQXYAQHoAQH4AQOIAgGoAgO4ArPP0LgGwAIB0gIkZThkYThiZmItZDVlOS00MjIzLWE5ODYtNzRmZDFiMjQ0NTYx2AIF4AIB&ucfs=1&arphpl=1&group_adults=2&req_adults=2&no_rooms=1&group_children=0&req_children=0&hpos=6&hapos=6&sr_order=popularity&srpvid=52a49899583403b7&srepoch=1729374132&from=searchresults,8.6,"Hotel Reine Mathilde is situated in the medieval district, just 300 metres from the Bayeux Tapestry Museum. It offers free Wi-Fi access and modern guest rooms with private bathrooms. ",Bayeux,49.27603159,
634,Le Castel Guesthouse,https://www.booking.com/hotel/fr/le-castel-noble-guesthouse.en-gb.html?aid=304142&label=gen173nr-1FCAQoggJCDXNlYXJjaF9iYXlldXhIM1gEaE2IAQGYAQm4AQrIAQXYAQHoAQH4AQOIAgGoAgO4ArPP0LgGwAIB0gIkZThkYThiZmItZDVlOS00MjIzLWE5ODYtNzRmZDFiMjQ0NTYx2AIF4AIB&ucfs=1&arphpl=1&group_adults=2&req_adults=2&no_rooms=1&group_children=0&req_children=0&hpos=5&hapos=5&sr_order=popularity&srpvid=52a49899583403b7&srepoch=1729374132&from=searchresults,8.6,"Le Castel is a guesthouse located in the centre of the medieval city of Bayeux between the station, the Cathedral and the Tapestry Museum. ",Bayeux,49.27368314,
635,Domaine de Bayeux,https://www.booking.com/hotel/fr/domaine-de-bayeux.en-gb.html?aid=304142&label=gen173nr-1FCAQoggJCDXNlYXJjaF9iYXlldXhIM1gEaE2IAQGYAQm4AQrIAQXYAQHoAQH4AQOIAgGoAgO4ArPP0LgGwAIB0gIkZThkYThiZmItZDVlOS00MjIzLWE5ODYtNzRmZDFiMjQ0NTYx2AIF4AIB&ucfs=1&arphpl=1&group_adults=2&req_adults=2&no_rooms=1&group_children=0&req_children=0&hpos=4&hapos=4&sr_order=popularity&srpvid=52a49899583403b7&srepoch=1729374132&from_sustainable_property_sr=1&from=searchresults,9.1,"Located in the centre of Bayeux, the Domaine de Bayeux is set in an 18th century house featuring a tree-lined park. ",Bayeux,49.2723256,
636,Manoir Sainte Victoire,https://www.booking.com/hotel/fr/manoir-sainte-victoire.en-gb.html?aid=304142&label=gen173nr-1FCAQoggJCDXNlYXJjaF9iYXlldXhIM1gEaE2IAQGYAQm4AQrIAQXYAQHoAQH4AQOIAgGoAgO4ArPP0LgGwAIB0gIkZThkYThiZmItZDVlOS00MjIzLWE5ODYtNzRmZDFiMjQ0NTYx2AIF4AIB&ucfs=1&arphpl=1&group_adults=2&req_adults=2&no_rooms=1&group_children=0&req_children=0&hpos=3&hapos=3&sr_order=popularity&srpvid=52a49899583403b7&srepoch=1729374132&from=searchresults,9.6,"Featuring a garden and views of city, Manoir Sainte Victoire is a bed and breakfast situated in a historic building in Bayeux, 200 metres from Baron Gerard Museum. ",Bayeux,49.27649171,
637,Le Petit Matin,https://www.booking.com/hotel/fr/le-petit-matin.en-gb.html?aid=304142&label=gen173nr-1FCAQoggJCDXNlYXJjaF9iYXlldXhIM1gEaE2IAQGYAQm4AQrIAQXYAQHoAQH4AQOIAgGoAgO4ArPP0LgGwAIB0gIkZThkYThiZmItZDVlOS00MjIzLWE5ODYtNzRmZDFiMjQ0NTYx2AIF4AIB&ucfs=1&arphpl=1&group_adults=2&req_adults=2&no_rooms=1&group_children=0&req_children=0&hpos=2&hapos=2&sr_order=popularity&srpvid=52a49899583403b7&srepoch=1729374132&from_sustainable_property_sr=1&from=searchresults,9.4,"This guest house is set in a building from the 18th century in Bayeux’s historical district. Le Petit Matin offers a garden, a furnished terrace. ",Bayeux,49.27606133,
638,B&B Nathalie,https://www.booking.com/hotel/fr/imagine-bayeux.en-gb.html?aid=304142&label=gen173nr-1FCAQoggJCDXNlYXJjaF9iYXlldXhIM1gEaE2IAQGYAQm4AQrIAQXYAQHoAQH4AQOIAgGoAgO4ArPP0LgGwAIB0gIkZThkYThiZmItZDVlOS00MjIzLWE5ODYtNzRmZDFiMjQ0NTYx2AIF4AIB&ucfs=1&arphpl=1&group_adults=2&req_adults=2&no_rooms=1&group_children=0&req_children=0&hpos=1&hapos=1&sr_order=popularity&srpvid=52a49899583403b7&srepoch=1729374132&from_sustainable_property_sr=1&from=searchresults,9.5,"B&B Nathalie, a property with a terrace and a shared lounge, is located in Bayeux, 200 metres from Baron Gerard Museum, 200 metres from Cathedrale Notre Dame de Bayeux, as well as 600 metres from...",Bayeux,49.276465,
639,L'Adresse Studio Rempart sud - centre historique Eguisheim,https://www.booking.com/hotel/fr/adresse-studio-rempart-sud.en-gb.html?aid=304142&label=gen173nr-1FCAQoggJCEHNlYXJjaF9lZ3Vpc2hlaW1IM1gEaE2IAQGYAQm4AQrIAQXYAQHoAQH4AQOIAgGoAgO4ArLP0LgGwAIB0gIkZGU3NWVjNmYtNDg0YS00MTVmLWJkMDEtZDhlODkzMzU0MjU12AIF4AIB&ucfs=1&arphpl=1&group_adults=2&req_adults=2&no_rooms=1&group_children=0&req_children=0&hpos=24&hapos=24&sr_order=popularity&srpvid=013a98999861016c&srepoch=1729374131&from_sustainable_property_sr=1&from=searchresults,9.8,"L'Adresse Studio Rempart sud - centre historique Eguisheim is set in Eguisheim, 6.1 km from Colmar Train Station, 6.9 km from House of the Heads, as well as 7.3 km from Saint-Martin Collegiate Church....",Eguisheim,48.0417699,7.3063084
640,Le Zen d'Eguisheim,https://www.booking.com/hotel/fr/zen-eguisheim.en-gb.html?aid=304142&label=gen173nr-1FCAQoggJCEHNlYXJjaF9lZ3Vpc2hlaW1IM1gEaE2IAQGYAQm4AQrIAQXYAQHoAQH4AQOIAgGoAgO4ArLP0LgGwAIB0gIkZGU3NWVjNmYtNDg0YS00MTVmLWJkMDEtZDhlODkzMzU0MjU12AIF4AIB&ucfs=1&arphpl=1&group_adults=2&req_adults=2&no_rooms=1&group_children=0&req_children=0&hpos=23&hapos=23&sr_order=popularity&srpvid=013a98999861016c&srepoch=1729374131&from=searchresults,9.3,"Located in Eguisheim, 5.8 km from Colmar Train Station and 6.7 km from House of the Heads, Le Zen d'Eguisheim provides accommodation with free WiFi in a historic building. ",Eguisheim,48.0427072,7.3044255
641,Guesthouse Les 3 Chateaux,https://www.booking.com/hotel/fr/guesthouse-les-3-chateaux.en-gb.html?aid=304142&label=gen173nr-1FCAQoggJCEHNlYXJjaF9lZ3Vpc2hlaW1IM1gEaE2IAQGYAQm4AQrIAQXYAQHoAQH4AQOIAgGoAgO4ArLP0LgGwAIB0gIkZGU3NWVjNmYtNDg0YS00MTVmLWJkMDEtZDhlODkzMzU0MjU12AIF4AIB&ucfs=1&arphpl=1&group_adults=2&req_adults=2&no_rooms=1&group_children=0&req_children=0&hpos=22&hapos=22&sr_order=popularity&srpvid=013a98999861016c&srepoch=1729374131&from=searchresults,8.4,"Offering a garden and garden view, Guesthouse Les 3 Chateaux is set in Eguisheim, 6.3 km from House of the Heads and 6.7 km from Saint-Martin Collegiate Church. ",Eguisheim,48.0433578,7.3075508
642,Au nid des remparts à Eguisheim,https://www.booking.com/hotel/fr/au-nid-des-remparts-a-eguisheim.en-gb.html?aid=304142&label=gen173nr-1FCAQoggJCEHNlYXJjaF9lZ3Vpc2hlaW1IM1gEaE2IAQGYAQm4AQrIAQXYAQHoAQH4AQOIAgGoAgO4ArLP0LgGwAIB0gIkZGU3NWVjNmYtNDg0YS00MTVmLWJkMDEtZDhlODkzMzU0MjU12AIF4AIB&ucfs=1&arphpl=1&group_adults=2&req_adults=2&no_rooms=1&group_children=0&req_children=0&hpos=21&hapos=21&sr_order=popularity&srpvid=013a98999861016c&srepoch=1729374131&from=searchresults,8.9,"Offering city views, Au nid des remparts à Eguisheim is an accommodation situated in Eguisheim, 6.6 km from House of the Heads and 7 km from Saint-Martin Collegiate Church. ",Eguisheim,48.0430187,7.3043542
643,Hôtel L'Auberge Alsacienne,https://www.booking.com/hotel/fr/ha-tel-restaurant-l-auberge-alsacienne.en-gb.html?aid=304142&label=gen173nr-1FCAQoggJCEHNlYXJjaF9lZ3Vpc2hlaW1IM1gEaE2IAQGYAQm4AQrIAQXYAQHoAQH4AQOIAgGoAgO4ArLP0LgGwAIB0gIkZGU3NWVjNmYtNDg0YS00MTVmLWJkMDEtZDhlODkzMzU0MjU12AIF4AIB&ucfs=1&arphpl=1&group_adults=2&req_adults=2&no_rooms=1&group_children=0&req_children=0&hpos=20&hapos=20&sr_order=popularity&srpvid=013a98999861016c&srepoch=1729374131&from_sustainable_property_sr=1&from=searchresults,8.6,"Located in the village of Eguisheim in the Alsace region, this hotel features modern rooms with private bathroom and a traditional restaurant. Free WiFi is available in the entire hotel. ",Eguisheim,48.04223841,7.30916776
644,Chez Jade et Ambre,https://www.booking.com/hotel/fr/chez-jade-et-ambre.en-gb.html?aid=304142&label=gen173nr-1FCAQoggJCEHNlYXJjaF9lZ3Vpc2hlaW1IM1gEaE2IAQGYAQm4AQrIAQXYAQHoAQH4AQOIAgGoAgO4ArLP0LgGwAIB0gIkZGU3NWVjNmYtNDg0YS00MTVmLWJkMDEtZDhlODkzMzU0MjU12AIF4AIB&ucfs=1&arphpl=1&group_adults=2&req_adults=2&no_rooms=1&group_children=0&req_children=0&hpos=19&hapos=19&sr_order=popularity&srpvid=013a98999861016c&srepoch=1729374131&from_sustainable_property_sr=1&from=searchresults,8.7,"Located in Eguisheim and only 5.8 km from Colmar Train Station, Chez Jade et Ambre provides accommodation with city views, free WiFi and free private parking. ",Eguisheim,48.0437697,7.3054
645,"Gîte ""Smart'In"" - Parking offert",https://www.booking.com/hotel/fr/gite-quot-smart-39-in-quot.en-gb.html?aid=304142&label=gen173nr-1FCAQoggJCEHNlYXJjaF9lZ3Vpc2hlaW1IM1gEaE2IAQGYAQm4AQrIAQXYAQHoAQH4AQOIAgGoAgO4ArLP0LgGwAIB0gIkZGU3NWVjNmYtNDg0YS00MTVmLWJkMDEtZDhlODkzMzU0MjU12AIF4AIB&ucfs=1&arphpl=1&group_adults=2&req_adults=2&no_rooms=1&group_children=0&req_children=0&hpos=18&hapos=18&sr_order=popularity&srpvid=013a98999861016c&srepoch=1729374131&from_sustainable_property_sr=1&from=searchresults,9.5,"Offering mountain views, Gîte ""Smart'In"" - Parking offert is an accommodation set in Eguisheim, 5.6 km from Colmar Train Station and 6.5 km from House of the Heads. ",Eguisheim,48.04231968,7.30585562
646,"James Vignoble Hôtel, Eguisheim",https://www.booking.com/hotel/fr/james-vignoble-eguisheim.en-gb.html?aid=304142&label=gen173nr-1FCAQoggJCEHNlYXJjaF9lZ3Vpc2hlaW1IM1gEaE2IAQGYAQm4AQrIAQXYAQHoAQH4AQOIAgGoAgO4ArLP0LgGwAIB0gIkZGU3NWVjNmYtNDg0YS00MTVmLWJkMDEtZDhlODkzMzU0MjU12AIF4AIB&ucfs=1&arphpl=1&group_adults=2&req_adults=2&no_rooms=1&group_children=0&req_children=0&hpos=17&hapos=17&sr_order=popularity&srpvid=013a98999861016c&srepoch=1729374131&from_sustainable_property_sr=1&from=searchresults,8.5,James Vignoble Hôtel Eguisheim is located among the vineyards of Eguisheim. It offers a spectacular view of the Black Forest. ,Eguisheim,48.04496277,7.30157845
647,Chambre Pin Up Wings,https://www.booking.com/hotel/fr/chambre-pin-up-wings.en-gb.html?aid=304142&label=gen173nr-1FCAQoggJCEHNlYXJjaF9lZ3Vpc2hlaW1IM1gEaE2IAQGYAQm4AQrIAQXYAQHoAQH4AQOIAgGoAgO4ArLP0LgGwAIB0gIkZGU3NWVjNmYtNDg0YS00MTVmLWJkMDEtZDhlODkzMzU0MjU12AIF4AIB&ucfs=1&arphpl=1&group_adults=2&req_adults=2&no_rooms=1&group_children=0&req_children=0&hpos=16&hapos=16&sr_order=popularity&srpvid=013a98999861016c&srepoch=1729374131&from=searchresults,9.6,"Located in Eguisheim, 5.3 km from Colmar Train Station and 6.1 km from House of the Heads, Chambre Pin Up Wings offers a terrace and air conditioning. ",Eguisheim,48.0424275,7.308131
648,L'Hostellerie du Château,https://www.booking.com/hotel/fr/hostellerie-du-chateau-eguisheim.en-gb.html?aid=304142&label=gen173nr-1FCAQoggJCEHNlYXJjaF9lZ3Vpc2hlaW1IM1gEaE2IAQGYAQm4AQrIAQXYAQHoAQH4AQOIAgGoAgO4ArLP0LgGwAIB0gIkZGU3NWVjNmYtNDg0YS00MTVmLWJkMDEtZDhlODkzMzU0MjU12AIF4AIB&ucfs=1&arphpl=1&group_adults=2&req_adults=2&no_rooms=1&group_children=0&req_children=0&hpos=15&hapos=15&sr_order=popularity&srpvid=013a98999861016c&srepoch=1729374131&from_sustainable_property_sr=1&from=searchresults,8.9,"Set at the heart of the medieval village of Eguisheim, the Hostellerie du Château is located on the Alsace wine route. It offers individually decorated guest rooms with free fibre-optic WiFi access. ",Eguisheim,48.04242043,7.30631925
649,Fleur de Vigne,https://www.booking.com/hotel/fr/fleur-de-vignes-eguisheim.en-gb.html?aid=304142&label=gen173nr-1FCAQoggJCEHNlYXJjaF9lZ3Vpc2hlaW1IM1gEaE2IAQGYAQm4AQrIAQXYAQHoAQH4AQOIAgGoAgO4ArLP0LgGwAIB0gIkZGU3NWVjNmYtNDg0YS00MTVmLWJkMDEtZDhlODkzMzU0MjU12AIF4AIB&ucfs=1&arphpl=1&group_adults=2&req_adults=2&no_rooms=1&group_children=0&req_children=0&hpos=14&hapos=14&sr_order=popularity&srpvid=013a98999861016c&srepoch=1729374131&from=searchresults,9.7,"Located in Eguisheim, 5.9 km from Colmar Train Station and 6.7 km from House of the Heads, Fleur de Vigne offers a garden and air conditioning. ",Eguisheim,48.0461134,7.3051632
650,Au pied des remparts à Eguisheim,https://www.booking.com/hotel/fr/elsass-design-vintage.en-gb.html?aid=304142&label=gen173nr-1FCAQoggJCEHNlYXJjaF9lZ3Vpc2hlaW1IM1gEaE2IAQGYAQm4AQrIAQXYAQHoAQH4AQOIAgGoAgO4ArLP0LgGwAIB0gIkZGU3NWVjNmYtNDg0YS00MTVmLWJkMDEtZDhlODkzMzU0MjU12AIF4AIB&ucfs=1&arphpl=1&group_adults=2&req_adults=2&no_rooms=1&group_children=0&req_children=0&hpos=13&hapos=13&sr_order=popularity&srpvid=013a98999861016c&srepoch=1729374131&from=searchresults,9.0,"Offering quiet street views, Au pied des remparts à Eguisheim is an accommodation situated in Eguisheim, 7 km from Saint-Martin Collegiate Church and 10 km from Colmar Expo. ",Eguisheim,48.043006,7.3043162
651,Auberge des Trois Châteaux,https://www.booking.com/hotel/fr/auberge-des-trois-chac-teaux.en-gb.html?aid=304142&label=gen173nr-1FCAQoggJCEHNlYXJjaF9lZ3Vpc2hlaW1IM1gEaE2IAQGYAQm4AQrIAQXYAQHoAQH4AQOIAgGoAgO4ArLP0LgGwAIB0gIkZGU3NWVjNmYtNDg0YS00MTVmLWJkMDEtZDhlODkzMzU0MjU12AIF4AIB&ucfs=1&arphpl=1&group_adults=2&req_adults=2&no_rooms=1&group_children=0&req_children=0&hpos=12&hapos=12&sr_order=popularity&srpvid=013a98999861016c&srepoch=1729374131&from_sustainable_property_sr=1&from=searchresults,8.6,"Auberge des Trois Châteaux is in the heart of Eguisheim, surrounded by vineyards of Alsace along the Alsatian wine route. Its traditional Winstub serves local, traditional specialties and local wines....",Eguisheim,48.0430391,7.30580762
652,La Grange du Pape - Annexe de l'Hôtel La Ferme du Pape,https://www.booking.com/hotel/fr/ha-tel-restaurant-a-la-ville-de-nancy.en-gb.html?aid=304142&label=gen173nr-1FCAQoggJCEHNlYXJjaF9lZ3Vpc2hlaW1IM1gEaE2IAQGYAQm4AQrIAQXYAQHoAQH4AQOIAgGoAgO4ArLP0LgGwAIB0gIkZGU3NWVjNmYtNDg0YS00MTVmLWJkMDEtZDhlODkzMzU0MjU12AIF4AIB&ucfs=1&arphpl=1&group_adults=2&req_adults=2&no_rooms=1&group_children=0&req_children=0&hpos=11&hapos=11&sr_order=popularity&srpvid=013a98999861016c&srepoch=1729374131&from=searchresults,8.1,"Situated within 35 km of Le Haut Koenigsbourg Castle and 39 km of Parc Expo Mulhouse, La Grange du Pape - Annexe de l'Hôtel La Ferme du Pape offers rooms in Eguisheim. ",Eguisheim,48.04349458,7.30439007
653,Gite à Eguisheim proche de Colmar et Kaysergberg.,https://www.booking.com/hotel/fr/gite-a-eguisheim-proche-de-colmar-et-kaysergberg.en-gb.html?aid=304142&label=gen173nr-1FCAQoggJCEHNlYXJjaF9lZ3Vpc2hlaW1IM1gEaE2IAQGYAQm4AQrIAQXYAQHoAQH4AQOIAgGoAgO4ArLP0LgGwAIB0gIkZGU3NWVjNmYtNDg0YS00MTVmLWJkMDEtZDhlODkzMzU0MjU12AIF4AIB&ucfs=1&arphpl=1&group_adults=2&req_adults=2&no_rooms=1&group_children=0&req_children=0&hpos=10&hapos=10&sr_order=popularity&srpvid=013a98999861016c&srepoch=1729374131&from_sustainable_property_sr=1&from=searchresults,9.2,"Offering garden views, Gite à Eguisheim proche de Colmar et Kaysergberg. Is an accommodation situated in Eguisheim, 6.7 km from House of the Heads and 7.1 km from Saint-Martin Collegiate Church. ",Eguisheim,48.0420202,7.3041974
654,Les chambres du domaine,https://www.booking.com/hotel/fr/les-chambres-du-domaine.en-gb.html?aid=304142&label=gen173nr-1FCAQoggJCEHNlYXJjaF9lZ3Vpc2hlaW1IM1gEaE2IAQGYAQm4AQrIAQXYAQHoAQH4AQOIAgGoAgO4ArLP0LgGwAIB0gIkZGU3NWVjNmYtNDg0YS00MTVmLWJkMDEtZDhlODkzMzU0MjU12AIF4AIB&ucfs=1&arphpl=1&group_adults=2&req_adults=2&no_rooms=1&group_children=0&req_children=0&hpos=9&hapos=9&sr_order=popularity&srpvid=013a98999861016c&srepoch=1729374131&from=searchresults,9.3,"Les chambres du domaine, a property with a terrace, is situated in Eguisheim, 5.5 km from Colmar Train Station, 6.3 km from House of the Heads, as well as 6.7 km from Saint-Martin Collegiate Church. ",Eguisheim,48.042963,7.307216
655,Charmant studio avec parking,https://www.booking.com/hotel/fr/charmant-studio-avec-parking-eguisheim.en-gb.html?aid=304142&label=gen173nr-1FCAQoggJCEHNlYXJjaF9lZ3Vpc2hlaW1IM1gEaE2IAQGYAQm4AQrIAQXYAQHoAQH4AQOIAgGoAgO4ArLP0LgGwAIB0gIkZGU3NWVjNmYtNDg0YS00MTVmLWJkMDEtZDhlODkzMzU0MjU12AIF4AIB&ucfs=1&arphpl=1&group_adults=2&req_adults=2&no_rooms=1&group_children=0&req_children=0&hpos=8&hapos=8&sr_order=popularity&srpvid=013a98999861016c&srepoch=1729374131&from=searchresults,9.7,"Located in Eguisheim and only 5.4 km from Colmar Train Station, Charmant studio avec parking provides accommodation with mountain views, free WiFi and free private parking. ",Eguisheim,48.04549309,7.31131214
656,Chambre Rose des Vents,https://www.booking.com/hotel/fr/rose-des-vents-eguisheim.en-gb.html?aid=304142&label=gen173nr-1FCAQoggJCEHNlYXJjaF9lZ3Vpc2hlaW1IM1gEaE2IAQGYAQm4AQrIAQXYAQHoAQH4AQOIAgGoAgO4ArLP0LgGwAIB0gIkZGU3NWVjNmYtNDg0YS00MTVmLWJkMDEtZDhlODkzMzU0MjU12AIF4AIB&ucfs=1&arphpl=1&group_adults=2&req_adults=2&no_rooms=1&group_children=0&req_children=0&hpos=7&hapos=7&sr_order=popularity&srpvid=013a98999861016c&srepoch=1729374131&from_sustainable_property_sr=1&from=searchresults,9.4,"Offering city views, Chambre Rose des Vents is an accommodation located in Eguisheim, 6.1 km from House of the Heads and 6.6 km from Saint-Martin Collegiate Church. ",Eguisheim,48.0424275,7.308131
657,Gite Le Petit Malsbach Eguisheim,https://www.booking.com/hotel/fr/gite-le-petit-malsbach-eguisheim.en-gb.html?aid=304142&label=gen173nr-1FCAQoggJCEHNlYXJjaF9lZ3Vpc2hlaW1IM1gEaE2IAQGYAQm4AQrIAQXYAQHoAQH4AQOIAgGoAgO4ArLP0LgGwAIB0gIkZGU3NWVjNmYtNDg0YS00MTVmLWJkMDEtZDhlODkzMzU0MjU12AIF4AIB&ucfs=1&arphpl=1&group_adults=2&req_adults=2&no_rooms=1&group_children=0&req_children=0&hpos=6&hapos=6&sr_order=popularity&srpvid=013a98999861016c&srepoch=1729374131&from_sustainable_property_sr=1&from=searchresults,9.2,"Offering inner courtyard views, Gite Le Petit Malsbach Eguisheim is an accommodation set in Eguisheim, 6.6 km from Saint-Martin Collegiate Church and 10 km from Colmar Expo. ",Eguisheim,48.04224054,7.3127051
658,Hotel SPA Husseren Collections - Proche Colmar - Eguisheim,https://www.booking.com/hotel/fr/husseren-les-chateaux.en-gb.html?aid=304142&label=gen173nr-1FCAQoggJCEHNlYXJjaF9lZ3Vpc2hlaW1IM1gEaE2IAQGYAQm4AQrIAQXYAQHoAQH4AQOIAgGoAgO4ArLP0LgGwAIB0gIkZGU3NWVjNmYtNDg0YS00MTVmLWJkMDEtZDhlODkzMzU0MjU12AIF4AIB&ucfs=1&arphpl=1&group_adults=2&req_adults=2&no_rooms=1&group_children=0&req_children=0&hpos=5&hapos=5&sr_order=popularity&srpvid=013a98999861016c&srepoch=1729374131&from_sustainable_property_sr=1&from=searchresults,8.8,"The hotel, with terraces southerly oriented, is located between vineyards and forest, at the foothills of the ruins of the three castles in the heart of Alsace, on the wine-road, 6 km from Colmar, 70...",Eguisheim,48.03498767,7.27613837
659,Auberge du Rempart,https://www.booking.com/hotel/fr/auberge-du-rempart.en-gb.html?aid=304142&label=gen173nr-1FCAQoggJCEHNlYXJjaF9lZ3Vpc2hlaW1IM1gEaE2IAQGYAQm4AQrIAQXYAQHoAQH4AQOIAgGoAgO4ArLP0LgGwAIB0gIkZGU3NWVjNmYtNDg0YS00MTVmLWJkMDEtZDhlODkzMzU0MjU12AIF4AIB&ucfs=1&arphpl=1&group_adults=2&req_adults=2&no_rooms=1&group_children=0&req_children=0&hpos=4&hapos=4&sr_order=popularity&srpvid=013a98999861016c&srepoch=1729374131&from=searchresults,8.7,"Offering views of the city, Auberge du Rempart is a family-run inn situated in the historic centre of Eguisheim in the Alsace Region.The property is 100 metres from Eguisheim Christmas Market. ",Eguisheim,48.04215781,7.30737026
660,Hotel Colmar Vignes Eguisheim,https://www.booking.com/hotel/fr/auberge-des-comtes.en-gb.html?aid=304142&label=gen173nr-1FCAQoggJCEHNlYXJjaF9lZ3Vpc2hlaW1IM1gEaE2IAQGYAQm4AQrIAQXYAQHoAQH4AQOIAgGoAgO4ArLP0LgGwAIB0gIkZGU3NWVjNmYtNDg0YS00MTVmLWJkMDEtZDhlODkzMzU0MjU12AIF4AIB&ucfs=1&arphpl=1&group_adults=2&req_adults=2&no_rooms=1&group_children=0&req_children=0&hpos=3&hapos=3&sr_order=popularity&srpvid=013a98999861016c&srepoch=1729374131&from_sustainable_property_sr=1&from=searchresults,8.8,"This hotel is located 200 metres from the city centre of Eguisheim, a 10-minute drive from Colmar. It offers free Wi-Fi internet access and free private parking. ",Eguisheim,48.04327133,7.30412185
661,Gite St Léon à Eguisheim,https://www.booking.com/hotel/fr/gite-st-leon.en-gb.html?aid=304142&label=gen173nr-1FCAQoggJCEHNlYXJjaF9lZ3Vpc2hlaW1IM1gEaE2IAQGYAQm4AQrIAQXYAQHoAQH4AQOIAgGoAgO4ArLP0LgGwAIB0gIkZGU3NWVjNmYtNDg0YS00MTVmLWJkMDEtZDhlODkzMzU0MjU12AIF4AIB&ucfs=1&arphpl=1&group_adults=2&req_adults=2&no_rooms=1&group_children=0&req_children=0&hpos=2&hapos=2&sr_order=popularity&srpvid=013a98999861016c&srepoch=1729374131&from=searchresults,9.0,"Situated in Eguisheim, the recently renovated Gite St Léon à Eguisheim features accommodation 5.6 km from Colmar Train Station and 6.5 km from House of the Heads. ",Eguisheim,48.0428645,7.3061238
662,Le Hameau d'Eguisheim - Chambres d'hôtes & Gîtes,https://www.booking.com/hotel/fr/le-hameau-d-eguisheim.en-gb.html?aid=304142&label=gen173nr-1FCAQoggJCEHNlYXJjaF9lZ3Vpc2hlaW1IM1gEaE2IAQGYAQm4AQrIAQXYAQHoAQH4AQOIAgGoAgO4ArLP0LgGwAIB0gIkZGU3NWVjNmYtNDg0YS00MTVmLWJkMDEtZDhlODkzMzU0MjU12AIF4AIB&ucfs=1&arphpl=1&group_adults=2&req_adults=2&no_rooms=1&group_children=0&req_children=0&hpos=1&hapos=1&sr_order=popularity&srpvid=013a98999861016c&srepoch=1729374131&from_sustainable_property_sr=1&from=searchresults,9.0,"Set in a typical Alsatian timbered house, Le Hameau d’Eguisheim offers B&B and self-catering accommodation on an estate with a vineyard. ",Eguisheim,48.04252897,7.30712727
663,Grand Hotel Bellevue - Grand Place,https://www.booking.com/hotel/fr/grandhotelbellevue.en-gb.html?aid=304142&label=gen173nr-1FCAQoggJCDHNlYXJjaF9saWxsZUgzWARoTYgBAZgBCbgBCsgBBdgBAegBAfgBA4gCAagCA7gCss_QuAbAAgHSAiQ0NmEwNWQyYS0zNDQ1LTQwZmMtYmZiNi0zNDVhOTA1ZGFhMTjYAgXgAgE&ucfs=1&arphpl=1&group_adults=2&req_adults=2&no_rooms=1&group_children=0&req_children=0&hpos=24&hapos=24&sr_order=popularity&srpvid=4f249899f22512de&srepoch=1729374131&from_sustainable_property_sr=1&from=searchresults,8.4,,Lille,50.63654707,3.06234241
664,La Villa 30,https://www.booking.com/hotel/fr/la-villa-30.en-gb.html?aid=304142&label=gen173nr-1FCAQoggJCDHNlYXJjaF9saWxsZUgzWARoTYgBAZgBCbgBCsgBBdgBAegBAfgBA4gCAagCA7gCss_QuAbAAgHSAiQ0NmEwNWQyYS0zNDQ1LTQwZmMtYmZiNi0zNDVhOTA1ZGFhMTjYAgXgAgE&ucfs=1&arphpl=1&group_adults=2&req_adults=2&no_rooms=1&group_children=0&req_children=0&hpos=23&hapos=23&sr_order=popularity&srpvid=4f249899f22512de&srepoch=1729374131&from_sustainable_property_sr=1&from=searchresults,9.0,"Built in the 1930s, this bed and breakfast is just 400 metres from Lille-Flandres Train Station and a 10-minute walk from Nouveau Siècle Convention Centre is a 10-minute walk away. ",Lille,50.63261383,3.064861
665,"1 bedroom apartment near metro, shops & schools",https://www.booking.com/hotel/fr/1-bedroom-apartment-near-metro-shops-amp-schools.en-gb.html?aid=304142&label=gen173nr-1FCAQoggJCDHNlYXJjaF9saWxsZUgzWARoTYgBAZgBCbgBCsgBBdgBAegBAfgBA4gCAagCA7gCss_QuAbAAgHSAiQ0NmEwNWQyYS0zNDQ1LTQwZmMtYmZiNi0zNDVhOTA1ZGFhMTjYAgXgAgE&ucfs=1&arphpl=1&group_adults=2&req_adults=2&no_rooms=1&group_children=0&req_children=0&hpos=22&hapos=22&sr_order=popularity&srpvid=4f249899f22512de&srepoch=1729374131&from=searchresults,8.7,"1 bedroom apartment near metro, shops & schools is located in the Wazemmes district of Lille, less than 1 km from Printemps Gallery, a 10-minute walk from Coilliot House and 1.4 km from Hospice...",Lille,50.6317414,3.0535001
666,Escalille la Travia,https://www.booking.com/hotel/fr/escalille-la-travia.en-gb.html?aid=304142&label=gen173nr-1FCAQoggJCDHNlYXJjaF9saWxsZUgzWARoTYgBAZgBCbgBCsgBBdgBAegBAfgBA4gCAagCA7gCss_QuAbAAgHSAiQ0NmEwNWQyYS0zNDQ1LTQwZmMtYmZiNi0zNDVhOTA1ZGFhMTjYAgXgAgE&ucfs=1&arphpl=1&group_adults=2&req_adults=2&no_rooms=1&group_children=0&req_children=0&hpos=21&hapos=21&sr_order=popularity&srpvid=4f249899f22512de&srepoch=1729374131&from=searchresults,9.0,"Appartement La Travia is a one-bedroom apartment located in the historic centre of Lille, 600 metres from Grand Place. Decorated in a modern-style, the accommodation features a view of the courtyard. ",Lille,50.64215681,3.06402415
667,Appartement grande chaussée Lille,https://www.booking.com/hotel/fr/appartement-grande-chaussee-lille.en-gb.html?aid=304142&label=gen173nr-1FCAQoggJCDHNlYXJjaF9saWxsZUgzWARoTYgBAZgBCbgBCsgBBdgBAegBAfgBA4gCAagCA7gCss_QuAbAAgHSAiQ0NmEwNWQyYS0zNDQ1LTQwZmMtYmZiNi0zNDVhOTA1ZGFhMTjYAgXgAgE&ucfs=1&arphpl=1&group_adults=2&req_adults=2&no_rooms=1&group_children=0&req_children=0&hpos=20&hapos=20&sr_order=popularity&srpvid=4f249899f22512de&srepoch=1729374131&from=searchresults,9.0,"Appartement grande chaussée Lille is set in the Vieux Lille district of Lille, 800 metres from Lille Flandres Train Station, 1.3 km from Tour de Lille and 1.1 km from Lille Europe Train Station. ",Lille,50.63882621,3.06384844
668,Stay Appart Hotel Lille Centre,https://www.booking.com/hotel/fr/studio-de-standing-grand-place-nouveau-siecle.en-gb.html?aid=304142&label=gen173nr-1FCAQoggJCDHNlYXJjaF9saWxsZUgzWARoTYgBAZgBCbgBCsgBBdgBAegBAfgBA4gCAagCA7gCss_QuAbAAgHSAiQ0NmEwNWQyYS0zNDQ1LTQwZmMtYmZiNi0zNDVhOTA1ZGFhMTjYAgXgAgE&ucfs=1&arphpl=1&group_adults=2&req_adults=2&no_rooms=1&group_children=0&req_children=0&hpos=19&hapos=19&sr_order=popularity&srpvid=4f249899f22512de&srepoch=1729374131&from_sustainable_property_sr=1&from=searchresults,9.1,"Set in Lille, Stayappart Lille Nouveau Siècle offers two apartments with free WiFi access. The unit is 100 metres from Printemps Gallery. ",Lille,50.63647338,3.0606345
669,HOTEL AMBASSADEUR,https://www.booking.com/hotel/fr/ambassadeur-lille.en-gb.html?aid=304142&label=gen173nr-1FCAQoggJCDHNlYXJjaF9saWxsZUgzWARoTYgBAZgBCbgBCsgBBdgBAegBAfgBA4gCAagCA7gCss_QuAbAAgHSAiQ0NmEwNWQyYS0zNDQ1LTQwZmMtYmZiNi0zNDVhOTA1ZGFhMTjYAgXgAgE&ucfs=1&arphpl=1&group_adults=2&req_adults=2&no_rooms=1&group_children=0&req_children=0&hpos=18&hapos=18&sr_order=popularity&srpvid=4f249899f22512de&srepoch=1729374131&from_sustainable_property_sr=1&from=searchresults,7.8,"Well set in the centre of Lille, HOTEL AMBASSADEUR provides buffet breakfast and free WiFi throughout the property. This 2-star hotel offers a terrace. ",Lille,50.63544,3.070401
670,Old Town apartment with view,https://www.booking.com/hotel/fr/old-town-apartment-with-view.en-gb.html?aid=304142&label=gen173nr-1FCAQoggJCDHNlYXJjaF9saWxsZUgzWARoTYgBAZgBCbgBCsgBBdgBAegBAfgBA4gCAagCA7gCss_QuAbAAgHSAiQ0NmEwNWQyYS0zNDQ1LTQwZmMtYmZiNi0zNDVhOTA1ZGFhMTjYAgXgAgE&ucfs=1&arphpl=1&group_adults=2&req_adults=2&no_rooms=1&group_children=0&req_children=0&hpos=17&hapos=17&sr_order=popularity&srpvid=4f249899f22512de&srepoch=1729374131&from=searchresults,8.9,"Old Town apartment with view is set in the Vieux Lille district of Lille, 500 metres from Grand Place Lille, less than 1 km from Lille Flandres Train Station and a 16-minute walk from Tour de Lille. ",Lille,50.6405567,3.0640741
671,Moxy Lille City,https://www.booking.com/hotel/fr/moxy-lille-city-center-france.en-gb.html?aid=304142&label=gen173nr-1FCAQoggJCDHNlYXJjaF9saWxsZUgzWARoTYgBAZgBCbgBCsgBBdgBAegBAfgBA4gCAagCA7gCss_QuAbAAgHSAiQ0NmEwNWQyYS0zNDQ1LTQwZmMtYmZiNi0zNDVhOTA1ZGFhMTjYAgXgAgE&ucfs=1&arphpl=1&group_adults=2&req_adults=2&no_rooms=1&group_children=0&req_children=0&hpos=16&hapos=16&sr_order=popularity&srpvid=4f249899f22512de&srepoch=1729374131&from_sustainable_property_sr=1&from=searchresults,8.4,"Conveniently set in Lille, Moxy Lille City provides air-conditioned rooms, a fitness centre, free WiFi and a terrace. This 3-star hotel offers a bar. Private parking is available on site. ",Lille,50.627831,3.063592
672,JOST Hôtel Lille Centre,https://www.booking.com/hotel/fr/jost-lille-wazemmes.en-gb.html?aid=304142&label=gen173nr-1FCAQoggJCDHNlYXJjaF9saWxsZUgzWARoTYgBAZgBCbgBCsgBBdgBAegBAfgBA4gCAagCA7gCss_QuAbAAgHSAiQ0NmEwNWQyYS0zNDQ1LTQwZmMtYmZiNi0zNDVhOTA1ZGFhMTjYAgXgAgE&ucfs=1&arphpl=1&group_adults=2&req_adults=2&no_rooms=1&group_children=0&req_children=0&hpos=15&hapos=15&sr_order=popularity&srpvid=4f249899f22512de&srepoch=1729374131&from_sustainable_property_sr=1&from=searchresults,8.0,"Set in Lille, less than 1 km from Coilliot House, JOST Hôtel Lille Centre offers accommodation with a terrace, private parking, a restaurant and a bar. ",Lille,50.6288419,3.0519791
673,B&B HOTEL Lille Centre Grand Palais,https://www.booking.com/hotel/fr/b-b-lille-centre-grand-palais.en-gb.html?aid=304142&label=gen173nr-1FCAQoggJCDHNlYXJjaF9saWxsZUgzWARoTYgBAZgBCbgBCsgBBdgBAegBAfgBA4gCAagCA7gCss_QuAbAAgHSAiQ0NmEwNWQyYS0zNDQ1LTQwZmMtYmZiNi0zNDVhOTA1ZGFhMTjYAgXgAgE&ucfs=1&arphpl=1&group_adults=2&req_adults=2&no_rooms=1&group_children=0&req_children=0&hpos=14&hapos=14&sr_order=popularity&srpvid=4f249899f22512de&srepoch=1729374131&from_sustainable_property_sr=1&from=searchresults,7.8,,Lille,50.6281375,3.08142364
674,Hotel De La Treille,https://www.booking.com/hotel/fr/hoteldelatreillelille.en-gb.html?aid=304142&label=gen173nr-1FCAQoggJCDHNlYXJjaF9saWxsZUgzWARoTYgBAZgBCbgBCsgBBdgBAegBAfgBA4gCAagCA7gCss_QuAbAAgHSAiQ0NmEwNWQyYS0zNDQ1LTQwZmMtYmZiNi0zNDVhOTA1ZGFhMTjYAgXgAgE&ucfs=1&arphpl=1&group_adults=2&req_adults=2&no_rooms=1&group_children=0&req_children=0&hpos=13&hapos=13&sr_order=popularity&srpvid=4f249899f22512de&srepoch=1729374131&from_sustainable_property_sr=1&from=searchresults,8.2,"Hôtel de la Treille is located a 3-minute walk from Lille old district, 650 meters from Nouveau Siecle Convention Centre and 1.5 km from Lille Grand Palais. ",Lille,50.64053101,3.06424141
675,Mama Shelter Lille,https://www.booking.com/hotel/fr/mama-shelter-lille.en-gb.html?aid=304142&label=gen173nr-1FCAQoggJCDHNlYXJjaF9saWxsZUgzWARoTYgBAZgBCbgBCsgBBdgBAegBAfgBA4gCAagCA7gCss_QuAbAAgHSAiQ0NmEwNWQyYS0zNDQ1LTQwZmMtYmZiNi0zNDVhOTA1ZGFhMTjYAgXgAgE&ucfs=1&arphpl=1&group_adults=2&req_adults=2&no_rooms=1&group_children=0&req_children=0&hpos=12&hapos=12&sr_order=popularity&srpvid=4f249899f22512de&srepoch=1729374131&from_sustainable_property_sr=1&from=searchresults,8.4,"Mama Shelter Lille is located in the centre of Lille, a 4-minute walk from Lille Flandres Train and Metro Stations, as well as a 7-minute walk from Lille Europe Train Station. ",Lille,50.639065,3.070951
676,"Holiday Inn Express Lille Centre, an IHG Hotel",https://www.booking.com/hotel/fr/expressbyholidayinnlille.en-gb.html?aid=304142&label=gen173nr-1FCAQoggJCDHNlYXJjaF9saWxsZUgzWARoTYgBAZgBCbgBCsgBBdgBAegBAfgBA4gCAagCA7gCss_QuAbAAgHSAiQ0NmEwNWQyYS0zNDQ1LTQwZmMtYmZiNi0zNDVhOTA1ZGFhMTjYAgXgAgE&ucfs=1&arphpl=1&group_adults=2&req_adults=2&no_rooms=1&group_children=0&req_children=0&hpos=11&hapos=11&sr_order=popularity&srpvid=4f249899f22512de&srepoch=1729374131&from_sustainable_property_sr=1&from=searchresults,8.0,"Located in Lille city centre, this hotel is 350 metres from Lille’s Palais des Beaux Arts and 9 km from Pierre Mauroy Stadium. ",Lille,50.63075938,3.05808842
677,Brueghel,https://www.booking.com/hotel/fr/brueghel.en-gb.html?aid=304142&label=gen173nr-1FCAQoggJCDHNlYXJjaF9saWxsZUgzWARoTYgBAZgBCbgBCsgBBdgBAegBAfgBA4gCAagCA7gCss_QuAbAAgHSAiQ0NmEwNWQyYS0zNDQ1LTQwZmMtYmZiNi0zNDVhOTA1ZGFhMTjYAgXgAgE&ucfs=1&arphpl=1&group_adults=2&req_adults=2&no_rooms=1&group_children=0&req_children=0&hpos=10&hapos=10&sr_order=popularity&srpvid=4f249899f22512de&srepoch=1729374131&from=searchresults,8.0,"This hotel is located in the heart of Lille. It is 300 metres from Gare Lille Flandres, 750 metres from Gare de Lille Europe and 10 minutes from Nouveau Siecle Convention Centre by walk. ",Lille,50.63603842,3.06693703
678,ibis Styles Lille Centre Gare Beffroi,https://www.booking.com/hotel/fr/ibis-styles-lille-centre-gare-beffroi.en-gb.html?aid=304142&label=gen173nr-1FCAQoggJCDHNlYXJjaF9saWxsZUgzWARoTYgBAZgBCbgBCsgBBdgBAegBAfgBA4gCAagCA7gCss_QuAbAAgHSAiQ0NmEwNWQyYS0zNDQ1LTQwZmMtYmZiNi0zNDVhOTA1ZGFhMTjYAgXgAgE&ucfs=1&arphpl=1&group_adults=2&req_adults=2&no_rooms=1&group_children=0&req_children=0&hpos=9&hapos=9&sr_order=popularity&srpvid=4f249899f22512de&srepoch=1729374131&from=searchresults,7.9,"The ibis Styles Lille Centre Gare Beffroi is located in the centre of Lille, 600 metres from Lille Flandres and Lille Europe train stations. ",Lille,50.63238245,3.06794286
679,Les Cariatides,https://www.booking.com/hotel/fr/les-cariatides-lille.en-gb.html?aid=304142&label=gen173nr-1FCAQoggJCDHNlYXJjaF9saWxsZUgzWARoTYgBAZgBCbgBCsgBBdgBAegBAfgBA4gCAagCA7gCss_QuAbAAgHSAiQ0NmEwNWQyYS0zNDQ1LTQwZmMtYmZiNi0zNDVhOTA1ZGFhMTjYAgXgAgE&ucfs=1&arphpl=1&group_adults=2&req_adults=2&no_rooms=1&group_children=0&req_children=0&hpos=8&hapos=8&sr_order=popularity&srpvid=4f249899f22512de&srepoch=1729374131&from=searchresults,9.4,"Boasting city views, Les Cariatides offers accommodation with a balcony, around 600 metres from Printemps Gallery. It is situated 1.6 km from Zoo Lille and provides a lift. ",Lille,50.631062,3.06031
680,Au Cœur De Lille,https://www.booking.com/hotel/fr/au-coeur-de-lille.en-gb.html?aid=304142&label=gen173nr-1FCAQoggJCDHNlYXJjaF9saWxsZUgzWARoTYgBAZgBCbgBCsgBBdgBAegBAfgBA4gCAagCA7gCss_QuAbAAgHSAiQ0NmEwNWQyYS0zNDQ1LTQwZmMtYmZiNi0zNDVhOTA1ZGFhMTjYAgXgAgE&ucfs=1&arphpl=1&group_adults=2&req_adults=2&no_rooms=1&group_children=0&req_children=0&hpos=7&hapos=7&sr_order=popularity&srpvid=4f249899f22512de&srepoch=1729374131&from=searchresults,9.4,"Offering city views, Au Cœur De Lille is set in the Lille Centre district of Lille, less than 1 km from Zoo Lille and a 15-minute walk from Hospice Gantois. ",Lille,50.63551312,3.05439251
681,Studio Vieux Lille parking privé,https://www.booking.com/hotel/fr/studio-vieux-lille-lille.en-gb.html?aid=304142&label=gen173nr-1FCAQoggJCDHNlYXJjaF9saWxsZUgzWARoTYgBAZgBCbgBCsgBBdgBAegBAfgBA4gCAagCA7gCss_QuAbAAgHSAiQ0NmEwNWQyYS0zNDQ1LTQwZmMtYmZiNi0zNDVhOTA1ZGFhMTjYAgXgAgE&ucfs=1&arphpl=1&group_adults=2&req_adults=2&no_rooms=1&group_children=0&req_children=0&hpos=6&hapos=6&sr_order=popularity&srpvid=4f249899f22512de&srepoch=1729374131&from=searchresults,9.1,"Situated in Lille and only less than 1 km from Lille Opera, Studio Vieux Lille parking privé features accommodation with city views, free WiFi and free private parking. ",Lille,50.6449536,3.0624115
682,Hotel Chagnot,https://www.booking.com/hotel/fr/hotel-balladins-superior-lille-centre.en-gb.html?aid=304142&label=gen173nr-1FCAQoggJCDHNlYXJjaF9saWxsZUgzWARoTYgBAZgBCbgBCsgBBdgBAegBAfgBA4gCAagCA7gCss_QuAbAAgHSAiQ0NmEwNWQyYS0zNDQ1LTQwZmMtYmZiNi0zNDVhOTA1ZGFhMTjYAgXgAgE&ucfs=1&arphpl=1&group_adults=2&req_adults=2&no_rooms=1&group_children=0&req_children=0&hpos=5&hapos=5&sr_order=popularity&srpvid=4f249899f22512de&srepoch=1729374131&from=searchresults,8.0,"Hotel Chagnot is situated in Lille city centre, directly opposite Lille Flanders Train Station and a 10-minute walk from Lille-Europe Station. It offers modern accommodation and free Wi-Fi access. ",Lille,50.63624596,3.06924239
683,My Little Home - Le Vieux Lille de Rousseau,https://www.booking.com/hotel/fr/rousseau-apartment.en-gb.html?aid=304142&label=gen173nr-1FCAQoggJCDHNlYXJjaF9saWxsZUgzWARoTYgBAZgBCbgBCsgBBdgBAegBAfgBA4gCAagCA7gCss_QuAbAAgHSAiQ0NmEwNWQyYS0zNDQ1LTQwZmMtYmZiNi0zNDVhOTA1ZGFhMTjYAgXgAgE&ucfs=1&arphpl=1&group_adults=2&req_adults=2&no_rooms=1&group_children=0&req_children=0&hpos=4&hapos=4&sr_order=popularity&srpvid=4f249899f22512de&srepoch=1729374131&from=searchresults,8.8,"Offering inner courtyard views, My Little Home - Le Vieux Lille de Rousseau is an accommodation located in Lille, 600 metres from Lille Opera and 500 metres from Grand Place Lille. ",Lille,50.63965,3.059795
684,B&B HOTEL Lille Lillenium Eurasanté,https://www.booking.com/hotel/fr/b-amp-b-lille-lillenium-eurasante-lille.en-gb.html?aid=304142&label=gen173nr-1FCAQoggJCDHNlYXJjaF9saWxsZUgzWARoTYgBAZgBCbgBCsgBBdgBAegBAfgBA4gCAagCA7gCss_QuAbAAgHSAiQ0NmEwNWQyYS0zNDQ1LTQwZmMtYmZiNi0zNDVhOTA1ZGFhMTjYAgXgAgE&ucfs=1&arphpl=1&group_adults=2&req_adults=2&no_rooms=1&group_children=0&req_children=0&hpos=3&hapos=3&sr_order=popularity&srpvid=4f249899f22512de&srepoch=1729374131&from_sustainable_property_sr=1&from=searchresults,8.4,,Lille,50.615354,3.043125
685,OKKO Hotels Lille Centre,https://www.booking.com/hotel/fr/okko-hotels-lille-centre.en-gb.html?aid=304142&label=gen173nr-1FCAQoggJCDHNlYXJjaF9saWxsZUgzWARoTYgBAZgBCbgBCsgBBdgBAegBAfgBA4gCAagCA7gCss_QuAbAAgHSAiQ0NmEwNWQyYS0zNDQ1LTQwZmMtYmZiNi0zNDVhOTA1ZGFhMTjYAgXgAgE&ucfs=1&arphpl=1&group_adults=2&req_adults=2&no_rooms=1&group_children=0&req_children=0&hpos=2&hapos=2&sr_order=popularity&srpvid=4f249899f22512de&srepoch=1729374131&from_sustainable_property_sr=1&from=searchresults,8.7,"OKKO Hotels Lille Centre has a fitness centre, shared lounge, a terrace and restaurant in Lille. This 4-star hotel offers room service, a 24-hour front desk and free WiFi. ",Lille,50.634074,3.064229
686,Hotel Lille Europe,https://www.booking.com/hotel/fr/lille-europe.en-gb.html?aid=304142&label=gen173nr-1FCAQoggJCDHNlYXJjaF9saWxsZUgzWARoTYgBAZgBCbgBCsgBBdgBAegBAfgBA4gCAagCA7gCss_QuAbAAgHSAiQ0NmEwNWQyYS0zNDQ1LTQwZmMtYmZiNi0zNDVhOTA1ZGFhMTjYAgXgAgE&ucfs=1&arphpl=1&group_adults=2&req_adults=2&no_rooms=1&group_children=0&req_children=0&hpos=1&hapos=1&sr_order=popularity&srpvid=4f249899f22512de&srepoch=1729374131&from=searchresults,8.0,"Located just 250 metres from Lille-Flandres Train Station, this 3-star hotel is set at the heart of the international business district. Pierre Mauroy Stadium is a 17-minute drive away. ",Lille,50.63788756,3.072685
687,ibis budget Paris Porte de Vincennes,https://www.booking.com/hotel/fr/ibis-budget-paris-porte-de-vincennes.en-gb.html?aid=304142&label=gen173nr-1FCAQoggJCDHNlYXJjaF9wYXJpc0gzWARoTYgBAZgBCbgBCsgBBdgBAegBAfgBA4gCAagCA7gCsc_QuAbAAgHSAiQyYWE0NDgxMi0xZGQwLTRiYTItOGZmYS1kZDBmZDY1MzdkMDnYAgXgAgE&ucfs=1&arphpl=1&group_adults=2&req_adults=2&no_rooms=1&group_children=0&req_children=0&hpos=24&hapos=24&sr_order=popularity&srpvid=005a9898ae7000d7&srepoch=1729374130&from=searchresults,7.0,"Located in Paris, ibis budget Paris Porte de Vincennes is a 20-minute walk from the Château de Vincennes. It offers free Wi-Fi access, luggage storage and a 24-hour front desk. ",Paris,48.84940527,2.4162291
688,Hotel de Flore - Montmartre,https://www.booking.com/hotel/fr/de-flore-paris.en-gb.html?aid=304142&label=gen173nr-1FCAQoggJCDHNlYXJjaF9wYXJpc0gzWARoTYgBAZgBCbgBCsgBBdgBAegBAfgBA4gCAagCA7gCsc_QuAbAAgHSAiQyYWE0NDgxMi0xZGQwLTRiYTItOGZmYS1kZDBmZDY1MzdkMDnYAgXgAgE&ucfs=1&arphpl=1&group_adults=2&req_adults=2&no_rooms=1&group_children=0&req_children=0&hpos=23&hapos=23&sr_order=popularity&srpvid=005a9898ae7000d7&srepoch=1729374130&from_sustainable_property_sr=1&from=searchresults,8.6,"Situated in the 18th district, a 13-minute walk from Basilique Sacré Coeur, Hotel de Flore - Montmartre features ticket service, free fiber-optic internet connection and rooms with a flat-screen TV...",Paris,48.89044635,2.3351486
689,Mercure Paris Alesia,https://www.booking.com/hotel/fr/paris-orleans.en-gb.html?aid=304142&label=gen173nr-1FCAQoggJCDHNlYXJjaF9wYXJpc0gzWARoTYgBAZgBCbgBCsgBBdgBAegBAfgBA4gCAagCA7gCsc_QuAbAAgHSAiQyYWE0NDgxMi0xZGQwLTRiYTItOGZmYS1kZDBmZDY1MzdkMDnYAgXgAgE&ucfs=1&arphpl=1&group_adults=2&req_adults=2&no_rooms=1&group_children=0&req_children=0&hpos=22&hapos=22&sr_order=popularity&srpvid=005a9898ae7000d7&srepoch=1729374130&from_sustainable_property_sr=1&from=searchresults,8.4,,Paris,48.82365654,2.32395172
690,ibis Styles Paris Buttes Chaumont,https://www.booking.com/hotel/fr/le-laumia-re.en-gb.html?aid=304142&label=gen173nr-1FCAQoggJCDHNlYXJjaF9wYXJpc0gzWARoTYgBAZgBCbgBCsgBBdgBAegBAfgBA4gCAagCA7gCsc_QuAbAAgHSAiQyYWE0NDgxMi0xZGQwLTRiYTItOGZmYS1kZDBmZDY1MzdkMDnYAgXgAgE&ucfs=1&arphpl=1&group_adults=2&req_adults=2&no_rooms=1&group_children=0&req_children=0&hpos=21&hapos=21&sr_order=popularity&srpvid=005a9898ae7000d7&srepoch=1729374130&from_sustainable_property_sr=1&from=searchresults,8.0,"Located in the north of Paris, ibis styles Paris Buttes Chaumont offers a 24-hour reception, a garden and terrace. Buttes Chaumont Park is only a 10-minute walk away. ",Paris,48.88458969,2.37931352
691,Best Western Quartier Latin Pantheon,https://www.booking.com/hotel/fr/timquartierlatinpantheo.en-gb.html?aid=304142&label=gen173nr-1FCAQoggJCDHNlYXJjaF9wYXJpc0gzWARoTYgBAZgBCbgBCsgBBdgBAegBAfgBA4gCAagCA7gCsc_QuAbAAgHSAiQyYWE0NDgxMi0xZGQwLTRiYTItOGZmYS1kZDBmZDY1MzdkMDnYAgXgAgE&ucfs=1&arphpl=1&group_adults=2&req_adults=2&no_rooms=1&group_children=0&req_children=0&hpos=20&hapos=20&sr_order=popularity&srpvid=005a9898ae7000d7&srepoch=1729374130&from_sustainable_property_sr=1&from=searchresults,7.8,"Best Western Plus Quartier Latin Pantheon, located in Paris’s Latin Quarter, offers rooms with satellite TV and free WiFi. Guests can also enjoy the hammam for free. ",Paris,48.8435588,2.35241465
692,WS Louvre - Casanova,https://www.booking.com/hotel/fr/apartments-ws-louvre-casanova.en-gb.html?aid=304142&label=gen173nr-1FCAQoggJCDHNlYXJjaF9wYXJpc0gzWARoTYgBAZgBCbgBCsgBBdgBAegBAfgBA4gCAagCA7gCsc_QuAbAAgHSAiQyYWE0NDgxMi0xZGQwLTRiYTItOGZmYS1kZDBmZDY1MzdkMDnYAgXgAgE&ucfs=1&arphpl=1&group_adults=2&req_adults=2&no_rooms=1&group_children=0&req_children=0&hpos=19&hapos=19&sr_order=popularity&srpvid=005a9898ae7000d7&srepoch=1729374130&from_sustainable_property_sr=1&from=searchresults,8.1,"WS Louvre - Casanova features accommodation within 1.1 km of the centre of Paris, with free WiFi, and a kitchen with a microwave, a toaster and a fridge. ",Paris,48.8681858,2.331164
693,Hôtel Diva Opera,https://www.booking.com/hotel/fr/gotty-opera.en-gb.html?aid=304142&label=gen173nr-1FCAQoggJCDHNlYXJjaF9wYXJpc0gzWARoTYgBAZgBCbgBCsgBBdgBAegBAfgBA4gCAagCA7gCsc_QuAbAAgHSAiQyYWE0NDgxMi0xZGQwLTRiYTItOGZmYS1kZDBmZDY1MzdkMDnYAgXgAgE&ucfs=1&arphpl=1&group_adults=2&req_adults=2&no_rooms=1&group_children=0&req_children=0&hpos=18&hapos=18&sr_order=popularity&srpvid=005a9898ae7000d7&srepoch=1729374130&from_sustainable_property_sr=1&from=searchresults,8.0,"The Hotel Diva Opera is located in the 9th arrondissement in the city center of Paris, near the Grands Boulevards with their numerous theaters, cinemas, bistros and restaurants. ",Paris,48.87327211,2.34507881
694,Hôtel Aston Paris,https://www.booking.com/hotel/fr/aston-paris.en-gb.html?aid=304142&label=gen173nr-1FCAQoggJCDHNlYXJjaF9wYXJpc0gzWARoTYgBAZgBCbgBCsgBBdgBAegBAfgBA4gCAagCA7gCsc_QuAbAAgHSAiQyYWE0NDgxMi0xZGQwLTRiYTItOGZmYS1kZDBmZDY1MzdkMDnYAgXgAgE&ucfs=1&arphpl=1&group_adults=2&req_adults=2&no_rooms=1&group_children=0&req_children=0&hpos=17&hapos=17&sr_order=popularity&srpvid=005a9898ae7000d7&srepoch=1729374130&from_sustainable_property_sr=1&from=searchresults,7.6,"Located in Paris’s Grands Boulevards area, 1 km from Opéra Garnier, this boutique hotel is located in a traditional Haussmanian building and offers air-conditioned guestrooms with free Wi-Fi. ",Paris,48.87182592,2.34490134
695,"voco Paris Montparnasse, an IHG Hotel",https://www.booking.com/hotel/fr/holiday-inn-paris-montparnasse-maine.en-gb.html?aid=304142&label=gen173nr-1FCAQoggJCDHNlYXJjaF9wYXJpc0gzWARoTYgBAZgBCbgBCsgBBdgBAegBAfgBA4gCAagCA7gCsc_QuAbAAgHSAiQyYWE0NDgxMi0xZGQwLTRiYTItOGZmYS1kZDBmZDY1MzdkMDnYAgXgAgE&ucfs=1&arphpl=1&group_adults=2&req_adults=2&no_rooms=1&group_children=0&req_children=0&hpos=16&hapos=16&sr_order=popularity&srpvid=005a9898ae7000d7&srepoch=1729374130&from_sustainable_property_sr=1&from=searchresults,8.3,voco Paris Montparnasse is located in Paris’s 14th arrondissement just in front of Gaîté Metro station and a 5-minute walk from Montparnasse Train Station. ,Paris,48.83829556,2.32279971
696,ibis Paris Gare du Nord Château Landon 10ème,https://www.booking.com/hotel/fr/ibis-gare-du-nord-chateau-landon.en-gb.html?aid=304142&label=gen173nr-1FCAQoggJCDHNlYXJjaF9wYXJpc0gzWARoTYgBAZgBCbgBCsgBBdgBAegBAfgBA4gCAagCA7gCsc_QuAbAAgHSAiQyYWE0NDgxMi0xZGQwLTRiYTItOGZmYS1kZDBmZDY1MzdkMDnYAgXgAgE&ucfs=1&arphpl=1&group_adults=2&req_adults=2&no_rooms=1&group_children=0&req_children=0&hpos=15&hapos=15&sr_order=popularity&srpvid=005a9898ae7000d7&srepoch=1729374130&from_sustainable_property_sr=1&from=searchresults,7.5,"Located in the centre of Paris, just a 10-minute walk from Gare du Nord Train Station, ibis Gare du Nord Chateau Landon offers a 24-hour reception and bar. ",Paris,48.8808901,2.3626402
697,B&B HOTEL Paris 17 Batignolles,https://www.booking.com/hotel/fr/parisboulevardberthier.en-gb.html?aid=304142&label=gen173nr-1FCAQoggJCDHNlYXJjaF9wYXJpc0gzWARoTYgBAZgBCbgBCsgBBdgBAegBAfgBA4gCAagCA7gCsc_QuAbAAgHSAiQyYWE0NDgxMi0xZGQwLTRiYTItOGZmYS1kZDBmZDY1MzdkMDnYAgXgAgE&ucfs=1&arphpl=1&group_adults=2&req_adults=2&no_rooms=1&group_children=0&req_children=0&hpos=14&hapos=14&sr_order=popularity&srpvid=005a9898ae7000d7&srepoch=1729374130&from=searchresults,8.0,"B&B HOTEL Paris 17 Batignolles is located in north-west Paris, just 50 metres from Porte de Clichy Metro and RER stations. ",Paris,48.89431407,2.31234401
698,Campanile Prime Paris 19 - La Villette,https://www.booking.com/hotel/fr/campanile-prime-paris19-lavillette.en-gb.html?aid=304142&label=gen173nr-1FCAQoggJCDHNlYXJjaF9wYXJpc0gzWARoTYgBAZgBCbgBCsgBBdgBAegBAfgBA4gCAagCA7gCsc_QuAbAAgHSAiQyYWE0NDgxMi0xZGQwLTRiYTItOGZmYS1kZDBmZDY1MzdkMDnYAgXgAgE&ucfs=1&arphpl=1&group_adults=2&req_adults=2&no_rooms=1&group_children=0&req_children=0&hpos=13&hapos=13&sr_order=popularity&srpvid=005a9898ae7000d7&srepoch=1729374130&from_sustainable_property_sr=1&from=searchresults,8.0,"A 10-minute walk from La Villette Convention Center and from the Cité des Sciences et de l’Industrie, Campanile Paris 19 - La Villette features a 24-hour reception. ",Paris,48.89342491,2.38002062
699,ibis Styles Paris Bercy,https://www.booking.com/hotel/fr/mercure-paris-bercy.en-gb.html?aid=304142&label=gen173nr-1FCAQoggJCDHNlYXJjaF9wYXJpc0gzWARoTYgBAZgBCbgBCsgBBdgBAegBAfgBA4gCAagCA7gCsc_QuAbAAgHSAiQyYWE0NDgxMi0xZGQwLTRiYTItOGZmYS1kZDBmZDY1MzdkMDnYAgXgAgE&ucfs=1&arphpl=1&group_adults=2&req_adults=2&no_rooms=1&group_children=0&req_children=0&hpos=12&hapos=12&sr_order=popularity&srpvid=005a9898ae7000d7&srepoch=1729374130&from_sustainable_property_sr=1&from=searchresults,7.5,"Located opposite the Accor Arena, 200 metres from Bercy Metro stop and 500 metres from Gare de Lyon train station, ibis Styles Paris Bercy offers free Wi-Fi access. ",Paris,48.83841913,2.3810935
700,HOTEL DU PRINTEMPS,https://www.booking.com/hotel/fr/du-printemps-paris.en-gb.html?aid=304142&label=gen173nr-1FCAQoggJCDHNlYXJjaF9wYXJpc0gzWARoTYgBAZgBCbgBCsgBBdgBAegBAfgBA4gCAagCA7gCsc_QuAbAAgHSAiQyYWE0NDgxMi0xZGQwLTRiYTItOGZmYS1kZDBmZDY1MzdkMDnYAgXgAgE&ucfs=1&arphpl=1&group_adults=2&req_adults=2&no_rooms=1&group_children=0&req_children=0&hpos=11&hapos=11&sr_order=popularity&srpvid=005a9898ae7000d7&srepoch=1729374130&from=searchresults,7.9,"Well set in the centre of Paris, HOTEL DU PRINTEMPS provides continental breakfast and free WiFi throughout the property. This 3-star hotel has air-conditioned rooms with a private bathroom. ",Paris,48.87476116,2.32643598
701,Atlantic Hotel,https://www.booking.com/hotel/fr/atlantic-paris.en-gb.html?aid=304142&label=gen173nr-1FCAQoggJCDHNlYXJjaF9wYXJpc0gzWARoTYgBAZgBCbgBCsgBBdgBAegBAfgBA4gCAagCA7gCsc_QuAbAAgHSAiQyYWE0NDgxMi0xZGQwLTRiYTItOGZmYS1kZDBmZDY1MzdkMDnYAgXgAgE&ucfs=1&arphpl=1&group_adults=2&req_adults=2&no_rooms=1&group_children=0&req_children=0&hpos=10&hapos=10&sr_order=popularity&srpvid=005a9898ae7000d7&srepoch=1729374130&from_sustainable_property_sr=1&from=searchresults,8.7,"Featuring free WiFi throughout the property, Atlantic Hotel is located in Paris, 900 metres from Opéra Garnier and Galeries Lafayette. Rooms offer a kettle and a flat-screen TV with satellite...",Paris,48.8782278,2.3264115
702,NH Paris Gare de l'Est,https://www.booking.com/hotel/fr/mercure-terminus-est.en-gb.html?aid=304142&label=gen173nr-1FCAQoggJCDHNlYXJjaF9wYXJpc0gzWARoTYgBAZgBCbgBCsgBBdgBAegBAfgBA4gCAagCA7gCsc_QuAbAAgHSAiQyYWE0NDgxMi0xZGQwLTRiYTItOGZmYS1kZDBmZDY1MzdkMDnYAgXgAgE&ucfs=1&arphpl=1&group_adults=2&req_adults=2&no_rooms=1&group_children=0&req_children=0&hpos=9&hapos=9&sr_order=popularity&srpvid=005a9898ae7000d7&srepoch=1729374130&from_sustainable_property_sr=1&from=searchresults,7.7,,Paris,48.87597385,2.35900484
703,PARIS RIVOLI NOTRE DAME Chambre d'Hôtes Studio Private,https://www.booking.com/hotel/fr/paris-rivoli-notre-dame.en-gb.html?aid=304142&label=gen173nr-1FCAQoggJCDHNlYXJjaF9wYXJpc0gzWARoTYgBAZgBCbgBCsgBBdgBAegBAfgBA4gCAagCA7gCsc_QuAbAAgHSAiQyYWE0NDgxMi0xZGQwLTRiYTItOGZmYS1kZDBmZDY1MzdkMDnYAgXgAgE&ucfs=1&arphpl=1&group_adults=2&req_adults=2&no_rooms=1&group_children=0&req_children=0&hpos=8&hapos=8&sr_order=popularity&srpvid=005a9898ae7000d7&srepoch=1729374130&from_sustainable_property_sr=1&from=searchresults,9.3,"Boasting city views, PARIS RIVOLI NOTRE DAME Chambre d'Hôtes Studio Private features accommodation with a balcony, around 1.1 km from Sainte-Chapelle. ",Paris,48.85588,2.356515
704,Kyriad Paris 10 - Canal Saint Martin - République,https://www.booking.com/hotel/fr/kyriad-paris-10-canal-saint-martin-ra-c-publique-xml.en-gb.html?aid=304142&label=gen173nr-1FCAQoggJCDHNlYXJjaF9wYXJpc0gzWARoTYgBAZgBCbgBCsgBBdgBAegBAfgBA4gCAagCA7gCsc_QuAbAAgHSAiQyYWE0NDgxMi0xZGQwLTRiYTItOGZmYS1kZDBmZDY1MzdkMDnYAgXgAgE&ucfs=1&arphpl=1&group_adults=2&req_adults=2&no_rooms=1&group_children=0&req_children=0&hpos=7&hapos=7&sr_order=popularity&srpvid=005a9898ae7000d7&srepoch=1729374130&from=searchresults,7.1,This Kyriad hotel is situated just off Place de la République in Paris. It provides you with 24-hour reception and free Wi-Fi internet access. ,Paris,48.87279887,2.36122906
705,hotelF1 Paris Porte de Châtillon,https://www.booking.com/hotel/fr/hotelf1-paris-porte-de-chatillon-paris.en-gb.html?aid=304142&label=gen173nr-1FCAQoggJCDHNlYXJjaF9wYXJpc0gzWARoTYgBAZgBCbgBCsgBBdgBAegBAfgBA4gCAagCA7gCsc_QuAbAAgHSAiQyYWE0NDgxMi0xZGQwLTRiYTItOGZmYS1kZDBmZDY1MzdkMDnYAgXgAgE&ucfs=1&arphpl=1&group_adults=2&req_adults=2&no_rooms=1&group_children=0&req_children=0&hpos=6&hapos=6&sr_order=popularity&srpvid=005a9898ae7000d7&srepoch=1729374130&from_sustainable_property_sr=1&from=searchresults,7.3,"Situated in the 14th district in Paris, 4 km from the Luxembourg Gardens, hotelF1 Paris Porte de Châtillon boasts free WiFi throughout the property. Rooms are equipped with a flat-screen TV. ",Paris,48.82234006,2.31634179
706,Best Western Plus Hotel Sydney Opera,https://www.booking.com/hotel/fr/best-western-sydney-opera-paris1.en-gb.html?aid=304142&label=gen173nr-1FCAQoggJCDHNlYXJjaF9wYXJpc0gzWARoTYgBAZgBCbgBCsgBBdgBAegBAfgBA4gCAagCA7gCsc_QuAbAAgHSAiQyYWE0NDgxMi0xZGQwLTRiYTItOGZmYS1kZDBmZDY1MzdkMDnYAgXgAgE&ucfs=1&arphpl=1&group_adults=2&req_adults=2&no_rooms=1&group_children=0&req_children=0&hpos=5&hapos=5&sr_order=popularity&srpvid=005a9898ae7000d7&srepoch=1729374130&from=searchresults,9.0,"Ideally set in Paris, Best Western Plus Hotel Sydney Opera features a buffet breakfast and free WiFi throughout the property. This 3-star hotel offers a bar. ",Paris,48.87330583,2.32398405
707,Hotel Armoni Paris,https://www.booking.com/hotel/fr/armoni-paris.en-gb.html?aid=304142&label=gen173nr-1FCAQoggJCDHNlYXJjaF9wYXJpc0gzWARoTYgBAZgBCbgBCsgBBdgBAegBAfgBA4gCAagCA7gCsc_QuAbAAgHSAiQyYWE0NDgxMi0xZGQwLTRiYTItOGZmYS1kZDBmZDY1MzdkMDnYAgXgAgE&ucfs=1&arphpl=1&group_adults=2&req_adults=2&no_rooms=1&group_children=0&req_children=0&hpos=4&hapos=4&sr_order=popularity&srpvid=005a9898ae7000d7&srepoch=1729374130&from_sustainable_property_sr=1&from=searchresults,8.1,"Hotel Armoni Paris is a design hotel set a 17-minute walk from the Palais des Congrès de Paris and 100 metres from Porte de Champerret Metro Station, providing direct access to the city centre of...",Paris,48.88513772,2.2929845
708,B&B HOTEL Paris Porte des Lilas,https://www.booking.com/hotel/fr/b-amp-b-porte-des-lilas.en-gb.html?aid=304142&label=gen173nr-1FCAQoggJCDHNlYXJjaF9wYXJpc0gzWARoTYgBAZgBCbgBCsgBBdgBAegBAfgBA4gCAagCA7gCsc_QuAbAAgHSAiQyYWE0NDgxMi0xZGQwLTRiYTItOGZmYS1kZDBmZDY1MzdkMDnYAgXgAgE&ucfs=1&arphpl=1&group_adults=2&req_adults=2&no_rooms=1&group_children=0&req_children=0&hpos=3&hapos=3&sr_order=popularity&srpvid=005a9898ae7000d7&srepoch=1729374130&from_sustainable_property_sr=1&from=searchresults,7.8,,Paris,48.8781877,2.4093032
709,Kyriad Hotel XIII Italie Gobelins,https://www.booking.com/hotel/fr/hotelkyriaditaliegobelins.en-gb.html?aid=304142&label=gen173nr-1FCAQoggJCDHNlYXJjaF9wYXJpc0gzWARoTYgBAZgBCbgBCsgBBdgBAegBAfgBA4gCAagCA7gCsc_QuAbAAgHSAiQyYWE0NDgxMi0xZGQwLTRiYTItOGZmYS1kZDBmZDY1MzdkMDnYAgXgAgE&ucfs=1&arphpl=1&group_adults=2&req_adults=2&no_rooms=1&group_children=0&req_children=0&hpos=2&hapos=2&sr_order=popularity&srpvid=005a9898ae7000d7&srepoch=1729374130&from_sustainable_property_sr=1&from=searchresults,7.9,Kyriad Hotel XIII Italie Gobelins is located in the 13th arrondissement of Paris. It offers en suite rooms with Wi-Fi access just 100 metres from Gobelins Metro Station. ,Paris,48.83379537,2.35496745
710,Motel One Paris-Porte Dorée,https://www.booking.com/hotel/fr/motel-one-paris-porte-doree.en-gb.html?aid=304142&label=gen173nr-1FCAQoggJCDHNlYXJjaF9wYXJpc0gzWARoTYgBAZgBCbgBCsgBBdgBAegBAfgBA4gCAagCA7gCsc_QuAbAAgHSAiQyYWE0NDgxMi0xZGQwLTRiYTItOGZmYS1kZDBmZDY1MzdkMDnYAgXgAgE&ucfs=1&arphpl=1&group_adults=2&req_adults=2&no_rooms=1&group_children=0&req_children=0&hpos=1&hapos=1&sr_order=popularity&srpvid=005a9898ae7000d7&srepoch=1729374130&from_sustainable_property_sr=1&from=searchresults,8.7,"Located in the 12th district of Paris, Motel One Paris-Porte Dorée provides a garden and an on-site bar. ",Paris,48.834942,2.410246
711,Villa Ellerslie,https://www.booking.com/hotel/fr/villa-ellerslie.en-gb.html?aid=304142&label=gen173nr-1FCAQoggJCDnNlYXJjaF9zdCBtYWxvSDNYBGhNiAEBmAEJuAEKyAEF2AEB6AEB-AEDiAIBqAIDuAKxz9C4BsACAdICJDQ4YTc3MzljLWNiYzgtNDk5NS05NjgyLTlmMGU4YzUwY2E5Y9gCBeACAQ&ucfs=1&arphpl=1&group_adults=2&req_adults=2&no_rooms=1&group_children=0&req_children=0&hpos=24&hapos=24&sr_order=popularity&srpvid=4deb9898f62f046e&srepoch=1729374130&from=searchresults,8.8,"Set in Saint Malo in the Brittany region, with Sillon Beach and Rochebonne Beach nearby, Villa Ellerslie offers accommodation with free private parking. ",St Malo,48.6569223,
712,Golden Tulip Saint Malo– Le Grand Bé,https://www.booking.com/hotel/fr/golden-tulip-saint-malo.en-gb.html?aid=304142&label=gen173nr-1FCAQoggJCDnNlYXJjaF9zdCBtYWxvSDNYBGhNiAEBmAEJuAEKyAEF2AEB6AEB-AEDiAIBqAIDuAKxz9C4BsACAdICJDQ4YTc3MzljLWNiYzgtNDk5NS05NjgyLTlmMGU4YzUwY2E5Y9gCBeACAQ&ucfs=1&arphpl=1&group_adults=2&req_adults=2&no_rooms=1&group_children=0&req_children=0&hpos=23&hapos=23&sr_order=popularity&srpvid=4deb9898f62f046e&srepoch=1729374130&from=searchresults,8.6,"Located in the walled city of Saint Malo, a 5-minute walk from Saint-Malo Harbour, Golden Tulip Saint Malo offers free WiFi and a restaurant. Guests can enjoy free access to a fitness centre. ",St Malo,48.64956907,
713,"Emeraude, pleine vue de mer",https://www.booking.com/hotel/fr/emeraude-saint-malo.en-gb.html?aid=304142&label=gen173nr-1FCAQoggJCDnNlYXJjaF9zdCBtYWxvSDNYBGhNiAEBmAEJuAEKyAEF2AEB6AEB-AEDiAIBqAIDuAKxz9C4BsACAdICJDQ4YTc3MzljLWNiYzgtNDk5NS05NjgyLTlmMGU4YzUwY2E5Y9gCBeACAQ&ucfs=1&arphpl=1&group_adults=2&req_adults=2&no_rooms=1&group_children=0&req_children=0&hpos=22&hapos=22&sr_order=popularity&srpvid=4deb9898f62f046e&srepoch=1729374130&from=searchresults,9.4,"Offering city views, Emeraude, pleine vue de mer is an accommodation set in Saint Malo, 70 metres from Sillon Beach and 1 km from Eventail Beach. ",St Malo,48.65428,
714,Hôtel Ar Iniz,https://www.booking.com/hotel/fr/ar-iniz.en-gb.html?aid=304142&label=gen173nr-1FCAQoggJCDnNlYXJjaF9zdCBtYWxvSDNYBGhNiAEBmAEJuAEKyAEF2AEB6AEB-AEDiAIBqAIDuAKxz9C4BsACAdICJDQ4YTc3MzljLWNiYzgtNDk5NS05NjgyLTlmMGU4YzUwY2E5Y9gCBeACAQ&ucfs=1&arphpl=1&group_adults=2&req_adults=2&no_rooms=1&group_children=0&req_children=0&hpos=21&hapos=21&sr_order=popularity&srpvid=4deb9898f62f046e&srepoch=1729374130&from_sustainable_property_sr=1&from=searchresults,8.5,"Providing a direct access to the Sillon Beach, Hôtel Ar Iniz offers a regional restaurant, a bar and a terrace with a view of the sea. The modern-style hotel is situated 1.5 km from the city centre. ",St Malo,48.66167888,
715,"Le Plongeoir, intra-muros",https://www.booking.com/hotel/fr/le-pongeoir-intra-muros.en-gb.html?aid=304142&label=gen173nr-1FCAQoggJCDnNlYXJjaF9zdCBtYWxvSDNYBGhNiAEBmAEJuAEKyAEF2AEB6AEB-AEDiAIBqAIDuAKxz9C4BsACAdICJDQ4YTc3MzljLWNiYzgtNDk5NS05NjgyLTlmMGU4YzUwY2E5Y9gCBeACAQ&ucfs=1&arphpl=1&group_adults=2&req_adults=2&no_rooms=1&group_children=0&req_children=0&hpos=20&hapos=20&sr_order=popularity&srpvid=4deb9898f62f046e&srepoch=1729374130&from=searchresults,9.1,"Located only 100 metres from Bon Secours Beach, Le Plongeoir, intra-muros is a 4-star property conveniently situated in the centre of Saint Malo. ",St Malo,48.6487255,
716,Villa Louisa,https://www.booking.com/hotel/fr/villa-louisa-saint-malo123.en-gb.html?aid=304142&label=gen173nr-1FCAQoggJCDnNlYXJjaF9zdCBtYWxvSDNYBGhNiAEBmAEJuAEKyAEF2AEB6AEB-AEDiAIBqAIDuAKxz9C4BsACAdICJDQ4YTc3MzljLWNiYzgtNDk5NS05NjgyLTlmMGU4YzUwY2E5Y9gCBeACAQ&ucfs=1&arphpl=1&group_adults=2&req_adults=2&no_rooms=1&group_children=0&req_children=0&hpos=19&hapos=19&sr_order=popularity&srpvid=4deb9898f62f046e&srepoch=1729374130&from_sustainable_property_sr=1&from=searchresults,9.6,Villa Louisa is located in Saint Malo and offers a garden and a terrace. This bed and breakfast is less than 1 km from Solidor Tower and an 11-minute walk from Ferry Terminal du Naye. ,St Malo,48.636573,
717,Appartement Saint-Malo - Arrivée autonome,https://www.booking.com/hotel/fr/appartement-chaleureux-saint-malo-centre.en-gb.html?aid=304142&label=gen173nr-1FCAQoggJCDnNlYXJjaF9zdCBtYWxvSDNYBGhNiAEBmAEJuAEKyAEF2AEB6AEB-AEDiAIBqAIDuAKxz9C4BsACAdICJDQ4YTc3MzljLWNiYzgtNDk5NS05NjgyLTlmMGU4YzUwY2E5Y9gCBeACAQ&ucfs=1&arphpl=1&group_adults=2&req_adults=2&no_rooms=1&group_children=0&req_children=0&hpos=18&hapos=18&sr_order=popularity&srpvid=4deb9898f62f046e&srepoch=1729374130&from=searchresults,8.1,"Appartement Saint-Malo - Arrivée autonome is located in Saint Malo, 1.4 km from Plage des Fours à Chaux, 1.9 km from Bas-Sablons Beach, as well as 2.5 km from Solidor Tower. ",St Malo,48.63315284,
718,Le Plongeoir by Cocoonr,https://www.booking.com/hotel/fr/le-plongeoir-malouin.en-gb.html?aid=304142&label=gen173nr-1FCAQoggJCDnNlYXJjaF9zdCBtYWxvSDNYBGhNiAEBmAEJuAEKyAEF2AEB6AEB-AEDiAIBqAIDuAKxz9C4BsACAdICJDQ4YTc3MzljLWNiYzgtNDk5NS05NjgyLTlmMGU4YzUwY2E5Y9gCBeACAQ&ucfs=1&arphpl=1&group_adults=2&req_adults=2&no_rooms=1&group_children=0&req_children=0&hpos=17&hapos=17&sr_order=popularity&srpvid=4deb9898f62f046e&srepoch=1729374130&from=searchresults,9.2,"Set in the centre of Saint Malo, just 100 metres from Bon Secours Beach and 500 metres from Mole Beach, Le Plongeoir by Cocoonr offers accommodation with sea views and free WiFi. ",St Malo,48.650084,
719,Petit loft SAINT-MALO intra-muros,https://www.booking.com/hotel/fr/petit-loft-saint-malo-intra-muros.en-gb.html?aid=304142&label=gen173nr-1FCAQoggJCDnNlYXJjaF9zdCBtYWxvSDNYBGhNiAEBmAEJuAEKyAEF2AEB6AEB-AEDiAIBqAIDuAKxz9C4BsACAdICJDQ4YTc3MzljLWNiYzgtNDk5NS05NjgyLTlmMGU4YzUwY2E5Y9gCBeACAQ&ucfs=1&arphpl=1&group_adults=2&req_adults=2&no_rooms=1&group_children=0&req_children=0&hpos=16&hapos=16&sr_order=popularity&srpvid=4deb9898f62f046e&srepoch=1729374130&from=searchresults,8.8,"Petit loft SAINT-MALO intra-muros is set in the Intra Muros district of Saint Malo, 300 metres from Mole Beach, 700 metres from Eventail Beach and 400 metres from Grand Bé. ",St Malo,48.6482506,
720,APPARTEMENT NEUF ET BIEN SITUE AVEC UN CLASSEMENT,https://www.booking.com/hotel/fr/appartement-neuf-et-bien-situe-avec-un-classement-saint-malo.en-gb.html?aid=304142&label=gen173nr-1FCAQoggJCDnNlYXJjaF9zdCBtYWxvSDNYBGhNiAEBmAEJuAEKyAEF2AEB6AEB-AEDiAIBqAIDuAKxz9C4BsACAdICJDQ4YTc3MzljLWNiYzgtNDk5NS05NjgyLTlmMGU4YzUwY2E5Y9gCBeACAQ&ucfs=1&arphpl=1&group_adults=2&req_adults=2&no_rooms=1&group_children=0&req_children=0&hpos=15&hapos=15&sr_order=popularity&srpvid=4deb9898f62f046e&srepoch=1729374130&from=searchresults,9.6,"Located in Saint Malo, near Sillon Beach, Eventail Beach and Bas-Sablons Beach, APPARTEMENT NEUF ET BIEN SITUE AVEC UN CLASSEMENT has a terrace. ",St Malo,48.64591,
721,Le Servannais,https://www.booking.com/hotel/fr/le-servannais.en-gb.html?aid=304142&label=gen173nr-1FCAQoggJCDnNlYXJjaF9zdCBtYWxvSDNYBGhNiAEBmAEJuAEKyAEF2AEB6AEB-AEDiAIBqAIDuAKxz9C4BsACAdICJDQ4YTc3MzljLWNiYzgtNDk5NS05NjgyLTlmMGU4YzUwY2E5Y9gCBeACAQ&ucfs=1&arphpl=1&group_adults=2&req_adults=2&no_rooms=1&group_children=0&req_children=0&hpos=14&hapos=14&sr_order=popularity&srpvid=4deb9898f62f046e&srepoch=1729374130&from=searchresults,9.6,"Boasting city views, Le Servannais features accommodation with a balcony, around less than 1 km from Bas-Sablons Beach. ",St Malo,48.633066,
722,L'AccrocheCoeur,https://www.booking.com/hotel/fr/l-39-accrochecoeur.en-gb.html?aid=304142&label=gen173nr-1FCAQoggJCDnNlYXJjaF9zdCBtYWxvSDNYBGhNiAEBmAEJuAEKyAEF2AEB6AEB-AEDiAIBqAIDuAKxz9C4BsACAdICJDQ4YTc3MzljLWNiYzgtNDk5NS05NjgyLTlmMGU4YzUwY2E5Y9gCBeACAQ&ucfs=1&arphpl=1&group_adults=2&req_adults=2&no_rooms=1&group_children=0&req_children=0&hpos=13&hapos=13&sr_order=popularity&srpvid=4deb9898f62f046e&srepoch=1729374130&from_sustainable_property_sr=1&from=searchresults,9.3,"Ideally located in Saint Malo, L'AccrocheCoeur offers a continental breakfast and free WiFi. This 4-star guest house offers full-day security and a concierge service. Guests can enjoy city views. ",St Malo,48.64812105,
723,Appartement Dunes - Plage 50m - Rue gratuite,https://www.booking.com/hotel/fr/cite-solidor-appartement-dunes-plage-50m-rue-gratuite.en-gb.html?aid=304142&label=gen173nr-1FCAQoggJCDnNlYXJjaF9zdCBtYWxvSDNYBGhNiAEBmAEJuAEKyAEF2AEB6AEB-AEDiAIBqAIDuAKxz9C4BsACAdICJDQ4YTc3MzljLWNiYzgtNDk5NS05NjgyLTlmMGU4YzUwY2E5Y9gCBeACAQ&ucfs=1&arphpl=1&group_adults=2&req_adults=2&no_rooms=1&group_children=0&req_children=0&hpos=12&hapos=12&sr_order=popularity&srpvid=4deb9898f62f046e&srepoch=1729374130&from=searchresults,8.8,Appartement Dunes - Plage 50m - Rue gratuite provides accommodation situated 200 metres from the centre of Saint Malo and offers a private beach area and a garden. ,St Malo,48.6357878,
724,Hôtel San Pedro,https://www.booking.com/hotel/fr/san-pedro.en-gb.html?aid=304142&label=gen173nr-1FCAQoggJCDnNlYXJjaF9zdCBtYWxvSDNYBGhNiAEBmAEJuAEKyAEF2AEB6AEB-AEDiAIBqAIDuAKxz9C4BsACAdICJDQ4YTc3MzljLWNiYzgtNDk5NS05NjgyLTlmMGU4YzUwY2E5Y9gCBeACAQ&ucfs=1&arphpl=1&group_adults=2&req_adults=2&no_rooms=1&group_children=0&req_children=0&hpos=11&hapos=11&sr_order=popularity&srpvid=4deb9898f62f046e&srepoch=1729374130&from=searchresults,8.3,"Hôtel San Pedro is located in Saint Malo, 50 metres from the beach and 400 metres from Saint-Malo Marina. ",St Malo,48.64908143,
725,Malouinière Guillaume Onffroy,https://www.booking.com/hotel/fr/malouiniere-guillaume-onffroy.en-gb.html?aid=304142&label=gen173nr-1FCAQoggJCDnNlYXJjaF9zdCBtYWxvSDNYBGhNiAEBmAEJuAEKyAEF2AEB6AEB-AEDiAIBqAIDuAKxz9C4BsACAdICJDQ4YTc3MzljLWNiYzgtNDk5NS05NjgyLTlmMGU4YzUwY2E5Y9gCBeACAQ&ucfs=1&arphpl=1&group_adults=2&req_adults=2&no_rooms=1&group_children=0&req_children=0&hpos=10&hapos=10&sr_order=popularity&srpvid=4deb9898f62f046e&srepoch=1729374130&from=searchresults,9.4,"Located just 2.4 km from Plage des Fours à Chaux, Malouinière Guillaume Onffroy provides accommodation in Saint Malo with access to a garden, a shared lounge, as well as a shared kitchen. ",St Malo,48.63250885,
726,Hotel Brasserie Armoricaine,https://www.booking.com/hotel/fr/brasserie-armoricaine.en-gb.html?aid=304142&label=gen173nr-1FCAQoggJCDnNlYXJjaF9zdCBtYWxvSDNYBGhNiAEBmAEJuAEKyAEF2AEB6AEB-AEDiAIBqAIDuAKxz9C4BsACAdICJDQ4YTc3MzljLWNiYzgtNDk5NS05NjgyLTlmMGU4YzUwY2E5Y9gCBeACAQ&ucfs=1&arphpl=1&group_adults=2&req_adults=2&no_rooms=1&group_children=0&req_children=0&hpos=9&hapos=9&sr_order=popularity&srpvid=4deb9898f62f046e&srepoch=1729374130&from=searchresults,8.5,"Hotel Brasserie Armoricaine is situated conveniently in Saint Malo, and features a restaurant, free WiFi and a bar. ",St Malo,48.648813,
727,Les Bois Flottés,https://www.booking.com/hotel/fr/les-bois-flottes-saint-malo.en-gb.html?aid=304142&label=gen173nr-1FCAQoggJCDnNlYXJjaF9zdCBtYWxvSDNYBGhNiAEBmAEJuAEKyAEF2AEB6AEB-AEDiAIBqAIDuAKxz9C4BsACAdICJDQ4YTc3MzljLWNiYzgtNDk5NS05NjgyLTlmMGU4YzUwY2E5Y9gCBeACAQ&ucfs=1&arphpl=1&group_adults=2&req_adults=2&no_rooms=1&group_children=0&req_children=0&hpos=8&hapos=8&sr_order=popularity&srpvid=4deb9898f62f046e&srepoch=1729374130&from_sustainable_property_sr=1&from=searchresults,9.4,"Located in Saint Malo, just 1.2 km from Sillon Beach, Les Bois Flottés provides beachfront accommodation with free WiFi. ",St Malo,48.6561872,
728,Rempart Doré,https://www.booking.com/hotel/fr/rempart-dore.en-gb.html?aid=304142&label=gen173nr-1FCAQoggJCDnNlYXJjaF9zdCBtYWxvSDNYBGhNiAEBmAEJuAEKyAEF2AEB6AEB-AEDiAIBqAIDuAKxz9C4BsACAdICJDQ4YTc3MzljLWNiYzgtNDk5NS05NjgyLTlmMGU4YzUwY2E5Y9gCBeACAQ&ucfs=1&arphpl=1&group_adults=2&req_adults=2&no_rooms=1&group_children=0&req_children=0&hpos=7&hapos=7&sr_order=popularity&srpvid=4deb9898f62f046e&srepoch=1729374130&from=searchresults,8.8,"Situated in Saint Malo, near Bon Secours Beach, Eventail Beach and Grand Bé, Rempart Doré features free WiFi. ",St Malo,48.6470732,
729,La Haute Flourie - bed and breakfast -chambres d'hôtes,https://www.booking.com/hotel/fr/la-haute-flourie.en-gb.html?aid=304142&label=gen173nr-1FCAQoggJCDnNlYXJjaF9zdCBtYWxvSDNYBGhNiAEBmAEJuAEKyAEF2AEB6AEB-AEDiAIBqAIDuAKxz9C4BsACAdICJDQ4YTc3MzljLWNiYzgtNDk5NS05NjgyLTlmMGU4YzUwY2E5Y9gCBeACAQ&ucfs=1&arphpl=1&group_adults=2&req_adults=2&no_rooms=1&group_children=0&req_children=0&hpos=6&hapos=6&sr_order=popularity&srpvid=4deb9898f62f046e&srepoch=1729374130&from_sustainable_property_sr=1&from=searchresults,9.5,,St Malo,48.61885282,
730,Hôtel Bristol Union Intra Muros,https://www.booking.com/hotel/fr/bristol-union.en-gb.html?aid=304142&label=gen173nr-1FCAQoggJCDnNlYXJjaF9zdCBtYWxvSDNYBGhNiAEBmAEJuAEKyAEF2AEB6AEB-AEDiAIBqAIDuAKxz9C4BsACAdICJDQ4YTc3MzljLWNiYzgtNDk5NS05NjgyLTlmMGU4YzUwY2E5Y9gCBeACAQ&ucfs=1&arphpl=1&group_adults=2&req_adults=2&no_rooms=1&group_children=0&req_children=0&hpos=5&hapos=5&sr_order=popularity&srpvid=4deb9898f62f046e&srepoch=1729374130&from=searchresults,9.0,"Hotel Bristol Union is located in the heart of Saint Malo, within the city walls of the old town and 180 metres from Saint-Malo Marina. ",St Malo,48.649611,
731,Hôtel de la Gare,https://www.booking.com/hotel/fr/de-la-gare-saint-malo.en-gb.html?aid=304142&label=gen173nr-1FCAQoggJCDnNlYXJjaF9zdCBtYWxvSDNYBGhNiAEBmAEJuAEKyAEF2AEB6AEB-AEDiAIBqAIDuAKxz9C4BsACAdICJDQ4YTc3MzljLWNiYzgtNDk5NS05NjgyLTlmMGU4YzUwY2E5Y9gCBeACAQ&ucfs=1&arphpl=1&group_adults=2&req_adults=2&no_rooms=1&group_children=0&req_children=0&hpos=4&hapos=4&sr_order=popularity&srpvid=4deb9898f62f046e&srepoch=1729374130&from=searchresults,8.1,Hôtel de la Gare features accommodation in Saint Malo near Casino Barrière Saint-Malo and National Fort. ,St Malo,48.646646,
732,Les embruns,https://www.booking.com/hotel/fr/les-embruns-saint-malo.en-gb.html?aid=304142&label=gen173nr-1FCAQoggJCDnNlYXJjaF9zdCBtYWxvSDNYBGhNiAEBmAEJuAEKyAEF2AEB6AEB-AEDiAIBqAIDuAKxz9C4BsACAdICJDQ4YTc3MzljLWNiYzgtNDk5NS05NjgyLTlmMGU4YzUwY2E5Y9gCBeACAQ&ucfs=1&arphpl=1&group_adults=2&req_adults=2&no_rooms=1&group_children=0&req_children=0&hpos=3&hapos=3&sr_order=popularity&srpvid=4deb9898f62f046e&srepoch=1729374130&from=searchresults,9.8,"Les embruns is a beachfront property located in Saint Malo, 500 metres from Eventail Beach and 500 metres from Mole Beach. The 3-star apartment is 200 metres from Grand Bé. ",St Malo,48.65024279,
733,Oceania Saint Malo,https://www.booking.com/hotel/fr/oceaniasaintmalo.en-gb.html?aid=304142&label=gen173nr-1FCAQoggJCDnNlYXJjaF9zdCBtYWxvSDNYBGhNiAEBmAEJuAEKyAEF2AEB6AEB-AEDiAIBqAIDuAKxz9C4BsACAdICJDQ4YTc3MzljLWNiYzgtNDk5NS05NjgyLTlmMGU4YzUwY2E5Y9gCBeACAQ&ucfs=1&arphpl=1&group_adults=2&req_adults=2&no_rooms=1&group_children=0&req_children=0&hpos=2&hapos=2&sr_order=popularity&srpvid=4deb9898f62f046e&srepoch=1729374130&from=searchresults,8.5,"The Oceania Saint Malo hotel faces the sea and is located on Chaussée du Sillon, opposite Sillon Beach and 450 metres from Saint-Malo Marina. ",St Malo,48.65175689,
734,Hôtel Le Nautilus,https://www.booking.com/hotel/fr/le-nautilus.en-gb.html?aid=304142&label=gen173nr-1FCAQoggJCDnNlYXJjaF9zdCBtYWxvSDNYBGhNiAEBmAEJuAEKyAEF2AEB6AEB-AEDiAIBqAIDuAKxz9C4BsACAdICJDQ4YTc3MzljLWNiYzgtNDk5NS05NjgyLTlmMGU4YzUwY2E5Y9gCBeACAQ&ucfs=1&arphpl=1&group_adults=2&req_adults=2&no_rooms=1&group_children=0&req_children=0&hpos=1&hapos=1&sr_order=popularity&srpvid=4deb9898f62f046e&srepoch=1729374130&from_sustainable_property_sr=1&from=searchresults,9.2,"Hôtel Le Nautilus is set in a renovated 17th-century building and is located in the walled city of Saint-Malo. This hotel offers a bar, luggage storage and a shared lounge. ",St Malo,48.65072706,
735,Nuits océanes à La Rochelle avec parking privatif,https://www.booking.com/hotel/fr/stenol.en-gb.html?aid=304142&label=gen173nr-1FCAQoggJCEnNlYXJjaF9sYSByb2NoZWxsZUgzWARoTYgBAZgBCbgBCsgBBdgBAegBAfgBA4gCAagCA7gCsM_QuAbAAgHSAiQxMmM5ODY0Mi1lY2VjLTQxNzUtODc2Yy04OWI2ZjMxZjhlZjHYAgXgAgE&ucfs=1&arphpl=1&group_adults=2&req_adults=2&no_rooms=1&group_children=0&req_children=0&hpos=24&hapos=24&sr_order=popularity&srpvid=c80498988b450180&srepoch=1729374129&from_sustainable_property_sr=1&from=searchresults,9.4,"Located in La Rochelle and only 2.4 km from Concurrence Beach, Nuits océanes à La Rochelle avec parking privatif provides accommodation with garden views, free WiFi and free private parking. ",La Rochelle,46.17261264,
736,Petite Roche gîtes centre-ville La Rochelle,https://www.booking.com/hotel/fr/petite-roche.en-gb.html?aid=304142&label=gen173nr-1FCAQoggJCEnNlYXJjaF9sYSByb2NoZWxsZUgzWARoTYgBAZgBCbgBCsgBBdgBAegBAfgBA4gCAagCA7gCsM_QuAbAAgHSAiQxMmM5ODY0Mi1lY2VjLTQxNzUtODc2Yy04OWI2ZjMxZjhlZjHYAgXgAgE&ucfs=1&arphpl=1&group_adults=2&req_adults=2&no_rooms=1&group_children=0&req_children=0&hpos=23&hapos=23&sr_order=popularity&srpvid=c80498988b450180&srepoch=1729374129&from_sustainable_property_sr=1&from=searchresults,9.1,"Petite Roche gîtes centre-ville La Rochelle features accommodation within 400 metres of the centre of La Rochelle, with free WiFi, and a kitchen with a dishwasher, an oven and a microwave. ",La Rochelle,46.1598788,
737,Hôtel La Fabrique,https://www.booking.com/hotel/fr/la-fabrique-la-rochelle.en-gb.html?aid=304142&label=gen173nr-1FCAQoggJCEnNlYXJjaF9sYSByb2NoZWxsZUgzWARoTYgBAZgBCbgBCsgBBdgBAegBAfgBA4gCAagCA7gCsM_QuAbAAgHSAiQxMmM5ODY0Mi1lY2VjLTQxNzUtODc2Yy04OWI2ZjMxZjhlZjHYAgXgAgE&ucfs=1&arphpl=1&group_adults=2&req_adults=2&no_rooms=1&group_children=0&req_children=0&hpos=22&hapos=22&sr_order=popularity&srpvid=c80498988b450180&srepoch=1729374129&from_sustainable_property_sr=1&from=searchresults,8.4,Hôtel La Fabrique offers accommodation in La Rochelle. Rooms come with a flat-screen TV. Hôtel La Fabrique features free WiFi throughout the property. There is a 24-hour front desk at the property. ,La Rochelle,46.156155,
738,Appartement Petit coin de paradis - Welkeys,https://www.booking.com/hotel/fr/very-nice-apartment-with-a-balcony-in-the-heart-of-la-rochelle-welkeys.en-gb.html?aid=304142&label=gen173nr-1FCAQoggJCEnNlYXJjaF9sYSByb2NoZWxsZUgzWARoTYgBAZgBCbgBCsgBBdgBAegBAfgBA4gCAagCA7gCsM_QuAbAAgHSAiQxMmM5ODY0Mi1lY2VjLTQxNzUtODc2Yy04OWI2ZjMxZjhlZjHYAgXgAgE&ucfs=1&arphpl=1&group_adults=2&req_adults=2&no_rooms=1&group_children=0&req_children=0&hpos=21&hapos=21&sr_order=popularity&srpvid=c80498988b450180&srepoch=1729374129&from=searchresults,8.7,"Offering city views, Appartement Petit coin de paradis - Welkeys is an accommodation situated in La Rochelle, 1.8 km from La Rochelle Train Station and 2 km from L'Espace Encan. ",La Rochelle,46.1642461,
739,joli petit nid douillet en centre ville,https://www.booking.com/hotel/fr/joli-petit-nid-douillet-en-centre-ville.en-gb.html?aid=304142&label=gen173nr-1FCAQoggJCEnNlYXJjaF9sYSByb2NoZWxsZUgzWARoTYgBAZgBCbgBCsgBBdgBAegBAfgBA4gCAagCA7gCsM_QuAbAAgHSAiQxMmM5ODY0Mi1lY2VjLTQxNzUtODc2Yy04OWI2ZjMxZjhlZjHYAgXgAgE&ucfs=1&arphpl=1&group_adults=2&req_adults=2&no_rooms=1&group_children=0&req_children=0&hpos=20&hapos=20&sr_order=popularity&srpvid=c80498988b450180&srepoch=1729374129&from=searchresults,8.9,"Joli petit nid douillet en centre ville is a recently renovated apartment in the centre of La Rochelle, 1.1 km from Concurrence Beach and 2.7 km from Plage Du Roux. ",La Rochelle,46.15811259,
740,le Gabut vue port,https://www.booking.com/hotel/fr/le-gabut-vue-port.en-gb.html?aid=304142&label=gen173nr-1FCAQoggJCEnNlYXJjaF9sYSByb2NoZWxsZUgzWARoTYgBAZgBCbgBCsgBBdgBAegBAfgBA4gCAagCA7gCsM_QuAbAAgHSAiQxMmM5ODY0Mi1lY2VjLTQxNzUtODc2Yy04OWI2ZjMxZjhlZjHYAgXgAgE&ucfs=1&arphpl=1&group_adults=2&req_adults=2&no_rooms=1&group_children=0&req_children=0&hpos=19&hapos=19&sr_order=popularity&srpvid=c80498988b450180&srepoch=1729374129&from=searchresults,8.9,"Le Gabut vue port is a beachfront property located in La Rochelle, 2.4 km from Plage Du Roux and 2.8 km from Minimes. ",La Rochelle,46.1555729,
741,"Les Remparts, cœur de ville La Rochelle",https://www.booking.com/hotel/fr/les-remparts-coeur-de-ville-la-rochelle.en-gb.html?aid=304142&label=gen173nr-1FCAQoggJCEnNlYXJjaF9sYSByb2NoZWxsZUgzWARoTYgBAZgBCbgBCsgBBdgBAegBAfgBA4gCAagCA7gCsM_QuAbAAgHSAiQxMmM5ODY0Mi1lY2VjLTQxNzUtODc2Yy04OWI2ZjMxZjhlZjHYAgXgAgE&ucfs=1&arphpl=1&group_adults=2&req_adults=2&no_rooms=1&group_children=0&req_children=0&hpos=18&hapos=18&sr_order=popularity&srpvid=c80498988b450180&srepoch=1729374129&from=searchresults,9.0,"In the La Rochelle City Centre district of La Rochelle, close to La Rochelle Train Station, Les Remparts, cœur de ville La Rochelle has free WiFi and a washing machine. ",La Rochelle,46.1559116,
742,Mercure La Rochelle Vieux Port,https://www.booking.com/hotel/fr/la-rochelle-vieux-port-sud.en-gb.html?aid=304142&label=gen173nr-1FCAQoggJCEnNlYXJjaF9sYSByb2NoZWxsZUgzWARoTYgBAZgBCbgBCsgBBdgBAegBAfgBA4gCAagCA7gCsM_QuAbAAgHSAiQxMmM5ODY0Mi1lY2VjLTQxNzUtODc2Yy04OWI2ZjMxZjhlZjHYAgXgAgE&ucfs=1&arphpl=1&group_adults=2&req_adults=2&no_rooms=1&group_children=0&req_children=0&hpos=17&hapos=17&sr_order=popularity&srpvid=c80498988b450180&srepoch=1729374129&from_sustainable_property_sr=1&from=searchresults,8.6,"Entirely renovated, the Mercure La Rochelle Vieux-Port hotel welcomes you for business or leisure stays. ",La Rochelle,46.15365316,
743,Le Champlain,https://www.booking.com/hotel/fr/best-western-champlain-france-angleterre.en-gb.html?aid=304142&label=gen173nr-1FCAQoggJCEnNlYXJjaF9sYSByb2NoZWxsZUgzWARoTYgBAZgBCbgBCsgBBdgBAegBAfgBA4gCAagCA7gCsM_QuAbAAgHSAiQxMmM5ODY0Mi1lY2VjLTQxNzUtODc2Yy04OWI2ZjMxZjhlZjHYAgXgAgE&ucfs=1&arphpl=1&group_adults=2&req_adults=2&no_rooms=1&group_children=0&req_children=0&hpos=16&hapos=16&sr_order=popularity&srpvid=c80498988b450180&srepoch=1729374129&from_sustainable_property_sr=1&from=searchresults,8.8,Le Champlain is located opposite Parc Charruyer in the heart of La Rochelle. It offers spacious air-conditioned rooms with flat-screen cable TV and free WiFi. ,La Rochelle,46.16357605,
744,Central Park Hôtel & Spa,https://www.booking.com/hotel/fr/central-park-amp-spa.en-gb.html?aid=304142&label=gen173nr-1FCAQoggJCEnNlYXJjaF9sYSByb2NoZWxsZUgzWARoTYgBAZgBCbgBCsgBBdgBAegBAfgBA4gCAagCA7gCsM_QuAbAAgHSAiQxMmM5ODY0Mi1lY2VjLTQxNzUtODc2Yy04OWI2ZjMxZjhlZjHYAgXgAgE&ucfs=1&arphpl=1&group_adults=2&req_adults=2&no_rooms=1&group_children=0&req_children=0&hpos=15&hapos=15&sr_order=popularity&srpvid=c80498988b450180&srepoch=1729374129&from_sustainable_property_sr=1&from=searchresults,8.8,"The 4-star Central Park Hôtel & Spa is situated a 10-minute walk from the heart of La Rochelle, within walking distance from the beach, and next to the Old Harbour. ",La Rochelle,46.15891333,
745,Hôtel de l'Océan,https://www.booking.com/hotel/fr/de-l-ocean-la-rochelle.en-gb.html?aid=304142&label=gen173nr-1FCAQoggJCEnNlYXJjaF9sYSByb2NoZWxsZUgzWARoTYgBAZgBCbgBCsgBBdgBAegBAfgBA4gCAagCA7gCsM_QuAbAAgHSAiQxMmM5ODY0Mi1lY2VjLTQxNzUtODc2Yy04OWI2ZjMxZjhlZjHYAgXgAgE&ucfs=1&arphpl=1&group_adults=2&req_adults=2&no_rooms=1&group_children=0&req_children=0&hpos=14&hapos=14&sr_order=popularity&srpvid=c80498988b450180&srepoch=1729374129&from=searchresults,8.4,"Built in 1646, Hotel de L’Ocean is located on the Old Port, in the heart of La Rochelle. It offers soundproofed rooms equipped with air-conditioning and free Wi-Fi. ",La Rochelle,46.15701983,
746,Les 3 Tours et parking,https://www.booking.com/hotel/fr/les-3-tours.en-gb.html?aid=304142&label=gen173nr-1FCAQoggJCEnNlYXJjaF9sYSByb2NoZWxsZUgzWARoTYgBAZgBCbgBCsgBBdgBAegBAfgBA4gCAagCA7gCsM_QuAbAAgHSAiQxMmM5ODY0Mi1lY2VjLTQxNzUtODc2Yy04OWI2ZjMxZjhlZjHYAgXgAgE&ucfs=1&arphpl=1&group_adults=2&req_adults=2&no_rooms=1&group_children=0&req_children=0&hpos=13&hapos=13&sr_order=popularity&srpvid=c80498988b450180&srepoch=1729374129&from=searchresults,8.6,"Set 1.3 km from Concurrence Beach and 2.3 km from Plage Du Roux in the centre of La Rochelle, Les 3 Tours et parking offers accommodation with free WiFi and free private parking. ",La Rochelle,46.155512,
747,Maisons du Monde Hôtel & Suites - La Rochelle Vieux Port,https://www.booking.com/hotel/fr/inter-saint-jean-d-acre.en-gb.html?aid=304142&label=gen173nr-1FCAQoggJCEnNlYXJjaF9sYSByb2NoZWxsZUgzWARoTYgBAZgBCbgBCsgBBdgBAegBAfgBA4gCAagCA7gCsM_QuAbAAgHSAiQxMmM5ODY0Mi1lY2VjLTQxNzUtODc2Yy04OWI2ZjMxZjhlZjHYAgXgAgE&ucfs=1&arphpl=1&group_adults=2&req_adults=2&no_rooms=1&group_children=0&req_children=0&hpos=12&hapos=12&sr_order=popularity&srpvid=c80498988b450180&srepoch=1729374129&from_sustainable_property_sr=1&from=searchresults,8.4,Maisons du Monde Hôtel & Suites - La Rochelle Vieux Port is located in La Rochelle on the harbour. It offers free WiFi throughout the entire hotel. ,La Rochelle,46.15619304,
748,Appartements Les Rochelais,https://www.booking.com/hotel/fr/appartements-les-rochelais.en-gb.html?aid=304142&label=gen173nr-1FCAQoggJCEnNlYXJjaF9sYSByb2NoZWxsZUgzWARoTYgBAZgBCbgBCsgBBdgBAegBAfgBA4gCAagCA7gCsM_QuAbAAgHSAiQxMmM5ODY0Mi1lY2VjLTQxNzUtODc2Yy04OWI2ZjMxZjhlZjHYAgXgAgE&ucfs=1&arphpl=1&group_adults=2&req_adults=2&no_rooms=1&group_children=0&req_children=0&hpos=11&hapos=11&sr_order=popularity&srpvid=c80498988b450180&srepoch=1729374129&from_sustainable_property_sr=1&from=searchresults,9.2,"Set in the La Rochelle City Centre district in La Rochelle, Appartements Les Rochelais offers 3-star rooms with free WiFi. ",La Rochelle,46.15738818,
749,Escale Pamatxi : Vieux port,https://www.booking.com/hotel/fr/escale-pamatxi-vieux-port.en-gb.html?aid=304142&label=gen173nr-1FCAQoggJCEnNlYXJjaF9sYSByb2NoZWxsZUgzWARoTYgBAZgBCbgBCsgBBdgBAegBAfgBA4gCAagCA7gCsM_QuAbAAgHSAiQxMmM5ODY0Mi1lY2VjLTQxNzUtODc2Yy04OWI2ZjMxZjhlZjHYAgXgAgE&ucfs=1&arphpl=1&group_adults=2&req_adults=2&no_rooms=1&group_children=0&req_children=0&hpos=10&hapos=10&sr_order=popularity&srpvid=c80498988b450180&srepoch=1729374129&from=searchresults,8.8,"Situated right in the heart of La Rochelle, Escale Pamatxi: Vieux port features accommodation with city views, just 500 metres from Concurrence Beach and 1.3 km from La Rochelle Train Station. ",La Rochelle,46.15614504,
750,Apartment- La Rochelle historic city centre,https://www.booking.com/hotel/fr/apartment-la-rochelle-historic-city-centre.en-gb.html?aid=304142&label=gen173nr-1FCAQoggJCEnNlYXJjaF9sYSByb2NoZWxsZUgzWARoTYgBAZgBCbgBCsgBBdgBAegBAfgBA4gCAagCA7gCsM_QuAbAAgHSAiQxMmM5ODY0Mi1lY2VjLTQxNzUtODc2Yy04OWI2ZjMxZjhlZjHYAgXgAgE&ucfs=1&arphpl=1&group_adults=2&req_adults=2&no_rooms=1&group_children=0&req_children=0&hpos=9&hapos=9&sr_order=popularity&srpvid=c80498988b450180&srepoch=1729374129&from=searchresults,9.7,"Offering free WiFi and inner courtyard views, Apartment- La Rochelle historic city centre is an accommodation set right in the centre of La Rochelle, just less than 1 km from Concurrence Beach and a...",La Rochelle,46.1599029,
751,B&B HOTEL La Rochelle Centre,https://www.booking.com/hotel/fr/b-amp-b-la-rochelle-centre.en-gb.html?aid=304142&label=gen173nr-1FCAQoggJCEnNlYXJjaF9sYSByb2NoZWxsZUgzWARoTYgBAZgBCbgBCsgBBdgBAegBAfgBA4gCAagCA7gCsM_QuAbAAgHSAiQxMmM5ODY0Mi1lY2VjLTQxNzUtODc2Yy04OWI2ZjMxZjhlZjHYAgXgAgE&ucfs=1&arphpl=1&group_adults=2&req_adults=2&no_rooms=1&group_children=0&req_children=0&hpos=8&hapos=8&sr_order=popularity&srpvid=c80498988b450180&srepoch=1729374129&from_sustainable_property_sr=1&from=searchresults,8.1,"Set in the La Rochelle City Centre district in La Rochelle, 500 metres from Parc Expo de La Rochelle, B&B HOTEL La Rochelle Centre boasts air-conditioned rooms with free WiFi. ",La Rochelle,46.15450177,
752,Vue Superbe sur Tour de la Lanterne T2 avec Terrasse Remparts 2,https://www.booking.com/hotel/fr/vue-superbe-sur-tour-de-la-lanterne-t2-terrasse.en-gb.html?aid=304142&label=gen173nr-1FCAQoggJCEnNlYXJjaF9sYSByb2NoZWxsZUgzWARoTYgBAZgBCbgBCsgBBdgBAegBAfgBA4gCAagCA7gCsM_QuAbAAgHSAiQxMmM5ODY0Mi1lY2VjLTQxNzUtODc2Yy04OWI2ZjMxZjhlZjHYAgXgAgE&ucfs=1&arphpl=1&group_adults=2&req_adults=2&no_rooms=1&group_children=0&req_children=0&hpos=7&hapos=7&sr_order=popularity&srpvid=c80498988b450180&srepoch=1729374129&from_sustainable_property_sr=1&from=searchresults,9.4,"Situated in the centre of La Rochelle, just 200 metres from Concurrence Beach and 1.5 km from La Rochelle Train Station, Vue Superbe sur Tour de la Lanterne T2 avec Terrasse Remparts 2 features...",La Rochelle,46.1558467,
753,"Escale Rochelaise, chambre avec acces toute l'année au sauna et SPA chauffée",https://www.booking.com/hotel/fr/escale-rochelaise-chez-l-habitant-spa-bain-nordique-et-sauna-tonneau.en-gb.html?aid=304142&label=gen173nr-1FCAQoggJCEnNlYXJjaF9sYSByb2NoZWxsZUgzWARoTYgBAZgBCbgBCsgBBdgBAegBAfgBA4gCAagCA7gCsM_QuAbAAgHSAiQxMmM5ODY0Mi1lY2VjLTQxNzUtODc2Yy04OWI2ZjMxZjhlZjHYAgXgAgE&ucfs=1&arphpl=1&group_adults=2&req_adults=2&no_rooms=1&group_children=0&req_children=0&hpos=6&hapos=6&sr_order=popularity&srpvid=c80498988b450180&srepoch=1729374129&from_sustainable_property_sr=1&from=searchresults,9.2,"Escale Rochelaise, chambre avec acces toute l'année au sauna et SPA chauffée offers accommodation set less than 1 km from the centre of La Rochelle and features a spa and wellness centre and a garden....",La Rochelle,46.1649505,
754,Appartement Saint Claude - Centre Port,https://www.booking.com/hotel/fr/retour-de-plage-la-rochelle.en-gb.html?aid=304142&label=gen173nr-1FCAQoggJCEnNlYXJjaF9sYSByb2NoZWxsZUgzWARoTYgBAZgBCbgBCsgBBdgBAegBAfgBA4gCAagCA7gCsM_QuAbAAgHSAiQxMmM5ODY0Mi1lY2VjLTQxNzUtODc2Yy04OWI2ZjMxZjhlZjHYAgXgAgE&ucfs=1&arphpl=1&group_adults=2&req_adults=2&no_rooms=1&group_children=0&req_children=0&hpos=5&hapos=5&sr_order=popularity&srpvid=c80498988b450180&srepoch=1729374129&from=searchresults,8.9,"Located 1.5 km from Concurrence Beach and 2.7 km from Plage Du Roux in the centre of La Rochelle, Appartement Saint Claude - Centre Port provides accommodation with free WiFi and free private parking....",La Rochelle,46.1574106,
755,L'Escale Marine - Couette et Café,https://www.booking.com/hotel/fr/couette-et-cafe.en-gb.html?aid=304142&label=gen173nr-1FCAQoggJCEnNlYXJjaF9sYSByb2NoZWxsZUgzWARoTYgBAZgBCbgBCsgBBdgBAegBAfgBA4gCAagCA7gCsM_QuAbAAgHSAiQxMmM5ODY0Mi1lY2VjLTQxNzUtODc2Yy04OWI2ZjMxZjhlZjHYAgXgAgE&ucfs=1&arphpl=1&group_adults=2&req_adults=2&no_rooms=1&group_children=0&req_children=0&hpos=4&hapos=4&sr_order=popularity&srpvid=c80498988b450180&srepoch=1729374129&from=searchresults,9.1,"Located in La Rochelle, L'Escale Marine - Couette et Café offers a garden, a terrace and free Wi-Fi. La Rochelle city centre is just a 15-minute walk away and Ile-de-Ré is just 5 km away. ",La Rochelle,46.16969684,
756,La Belle Amarre-Bed and Breakfast-Maison d'Hôtes,https://www.booking.com/hotel/fr/la-belle-amarre.en-gb.html?aid=304142&label=gen173nr-1FCAQoggJCEnNlYXJjaF9sYSByb2NoZWxsZUgzWARoTYgBAZgBCbgBCsgBBdgBAegBAfgBA4gCAagCA7gCsM_QuAbAAgHSAiQxMmM5ODY0Mi1lY2VjLTQxNzUtODc2Yy04OWI2ZjMxZjhlZjHYAgXgAgE&ucfs=1&arphpl=1&group_adults=2&req_adults=2&no_rooms=1&group_children=0&req_children=0&hpos=3&hapos=3&sr_order=popularity&srpvid=c80498988b450180&srepoch=1729374129&from_sustainable_property_sr=1&from=searchresults,9.4,La Belle Amarre-Bed and Breakfast-Maison d'Hôtes provides accommodation located 400 metres from the centre of La Rochelle and offers a terrace and a bar. ,La Rochelle,46.158662,
757,Le Saint-Nicolas Hôtel,https://www.booking.com/hotel/fr/comforthotelsaintnicolas.en-gb.html?aid=304142&label=gen173nr-1FCAQoggJCEnNlYXJjaF9sYSByb2NoZWxsZUgzWARoTYgBAZgBCbgBCsgBBdgBAegBAfgBA4gCAagCA7gCsM_QuAbAAgHSAiQxMmM5ODY0Mi1lY2VjLTQxNzUtODc2Yy04OWI2ZjMxZjhlZjHYAgXgAgE&ucfs=1&arphpl=1&group_adults=2&req_adults=2&no_rooms=1&group_children=0&req_children=0&hpos=2&hapos=2&sr_order=popularity&srpvid=c80498988b450180&srepoch=1729374129&from_sustainable_property_sr=1&from=searchresults,8.8,"Situated in the lively Saint Nicolas district in La Rochelle, this hotel is surrounded by antique dealers, bars and cafés. It offers free Wi-Fi and a conservatory with large sofas and tropical plants....",La Rochelle,46.15813457,
758,Hôtel Le Transatlantique - Lycée Hôtelier La Rochelle,https://www.booking.com/hotel/fr/lycee-hotelier-la-rochelle.en-gb.html?aid=304142&label=gen173nr-1FCAQoggJCEnNlYXJjaF9sYSByb2NoZWxsZUgzWARoTYgBAZgBCbgBCsgBBdgBAegBAfgBA4gCAagCA7gCsM_QuAbAAgHSAiQxMmM5ODY0Mi1lY2VjLTQxNzUtODc2Yy04OWI2ZjMxZjhlZjHYAgXgAgE&ucfs=1&arphpl=1&group_adults=2&req_adults=2&no_rooms=1&group_children=0&req_children=0&hpos=1&hapos=1&sr_order=popularity&srpvid=c80498988b450180&srepoch=1729374129&from=searchresults,8.8,"Located in La Rochelle, 2.5 km from Parc Expo de La Rochelle,  The hotel and catering school property is around 5 km from La Rochelle Grosse Horloge, 1.5 km from Musée Maritime de La Rochelle and 1.8...",La Rochelle,46.143734,
759,"Gite ""Karcher""",https://www.booking.com/hotel/fr/gite-quot-muscat-quot.en-gb.html?aid=304142&label=gen173nr-1FCAQoggJCDXNlYXJjaF9jb2xtYXJIM1gEaE2IAQGYAQm4AQrIAQXYAQHoAQH4AQOIAgGoAgO4Aq_P0LgGwAIB0gIkNzU5MzFjOWMtZDFhMy00NTc2LWE1NmQtYWYyYjJjOWJmZWFh2AIF4AIB&ucfs=1&arphpl=1&group_adults=2&req_adults=2&no_rooms=1&group_children=0&req_children=0&hpos=24&hapos=24&sr_order=popularity&srpvid=3e4698971cc9011b&srepoch=1729374128&from=searchresults,9.0,"Offering city views, Gite ""Karcher"" is an accommodation set in Colmar, 500 metres from Saint-Martin Collegiate Church and 1.6 km from Colmar Train Station. ",Colmar,48.078509,7.362297
760,Hôtel Turenne,https://www.booking.com/hotel/fr/turenne-colmar.en-gb.html?aid=304142&label=gen173nr-1FCAQoggJCDXNlYXJjaF9jb2xtYXJIM1gEaE2IAQGYAQm4AQrIAQXYAQHoAQH4AQOIAgGoAgO4Aq_P0LgGwAIB0gIkNzU5MzFjOWMtZDFhMy00NTc2LWE1NmQtYWYyYjJjOWJmZWFh2AIF4AIB&ucfs=1&arphpl=1&group_adults=2&req_adults=2&no_rooms=1&group_children=0&req_children=0&hpos=23&hapos=23&sr_order=popularity&srpvid=3e4698971cc9011b&srepoch=1729374128&from_sustainable_property_sr=1&from=searchresults,8.5,"Hotel Turenne is located at the entrance to Colmar’s old quarter, 750 metres from the Saint Martin Church. It offers air-conditioned rooms with free WiFi access. ",Colmar,48.07192026,7.36053944
761,Pauline's home - city center,https://www.booking.com/hotel/fr/paulines-home.en-gb.html?aid=304142&label=gen173nr-1FCAQoggJCDXNlYXJjaF9jb2xtYXJIM1gEaE2IAQGYAQm4AQrIAQXYAQHoAQH4AQOIAgGoAgO4Aq_P0LgGwAIB0gIkNzU5MzFjOWMtZDFhMy00NTc2LWE1NmQtYWYyYjJjOWJmZWFh2AIF4AIB&ucfs=1&arphpl=1&group_adults=2&req_adults=2&no_rooms=1&group_children=0&req_children=0&hpos=22&hapos=22&sr_order=popularity&srpvid=3e4698971cc9011b&srepoch=1729374128&from=searchresults,8.8,"Offering city views, Pauline's home - city center is an accommodation located in Colmar, 500 metres from House of the Heads and 500 metres from Saint-Martin Collegiate Church. ",Colmar,48.08050014,7.35999227
762,Petite Venise,https://www.booking.com/hotel/fr/petite-venise.en-gb.html?aid=304142&label=gen173nr-1FCAQoggJCDXNlYXJjaF9jb2xtYXJIM1gEaE2IAQGYAQm4AQrIAQXYAQHoAQH4AQOIAgGoAgO4Aq_P0LgGwAIB0gIkNzU5MzFjOWMtZDFhMy00NTc2LWE1NmQtYWYyYjJjOWJmZWFh2AIF4AIB&ucfs=1&arphpl=1&group_adults=2&req_adults=2&no_rooms=1&group_children=0&req_children=0&hpos=21&hapos=21&sr_order=popularity&srpvid=3e4698971cc9011b&srepoch=1729374128&from=searchresults,9.2,"Petite Venise provides accommodation within 400 metres of the centre of Colmar, with free WiFi, and a kitchen with a dishwasher, an oven and a microwave. ",Colmar,48.073166,7.357313
763,Le Riesling Colmar All inclusive Free parking,https://www.booking.com/hotel/fr/le-riesling-colmar.en-gb.html?aid=304142&label=gen173nr-1FCAQoggJCDXNlYXJjaF9jb2xtYXJIM1gEaE2IAQGYAQm4AQrIAQXYAQHoAQH4AQOIAgGoAgO4Aq_P0LgGwAIB0gIkNzU5MzFjOWMtZDFhMy00NTc2LWE1NmQtYWYyYjJjOWJmZWFh2AIF4AIB&ucfs=1&arphpl=1&group_adults=2&req_adults=2&no_rooms=1&group_children=0&req_children=0&hpos=20&hapos=20&sr_order=popularity&srpvid=3e4698971cc9011b&srepoch=1729374128&from_sustainable_property_sr=1&from=searchresults,9.0,"Offering inner courtyard views, Le Riesling Colmar All inclusive Free parking is an accommodation situated in Colmar, 1 km from House of the Heads and 800 metres from Saint-Martin Collegiate Church. ",Colmar,48.07984425,7.36613929
764,CHEZ CECILE Bed and Breakfast chez le VIGNERON,https://www.booking.com/hotel/fr/chambre-d-39-hote-chez-le-vigneron.en-gb.html?aid=304142&label=gen173nr-1FCAQoggJCDXNlYXJjaF9jb2xtYXJIM1gEaE2IAQGYAQm4AQrIAQXYAQHoAQH4AQOIAgGoAgO4Aq_P0LgGwAIB0gIkNzU5MzFjOWMtZDFhMy00NTc2LWE1NmQtYWYyYjJjOWJmZWFh2AIF4AIB&ucfs=1&arphpl=1&group_adults=2&req_adults=2&no_rooms=1&group_children=0&req_children=0&hpos=19&hapos=19&sr_order=popularity&srpvid=3e4698971cc9011b&srepoch=1729374128&from_sustainable_property_sr=1&from=searchresults,8.8,"Boasting a garden, CHEZ CECILE Bed and Breakfast chez le VIGNERON is a bed and breakfast situated in a historic building in the centre of Colmar, close to Saint-Martin Collegiate Church. ",Colmar,48.0786298,7.3602031
765,LE PTIT BARTHO,https://www.booking.com/hotel/fr/le-ptit-bartho.en-gb.html?aid=304142&label=gen173nr-1FCAQoggJCDXNlYXJjaF9jb2xtYXJIM1gEaE2IAQGYAQm4AQrIAQXYAQHoAQH4AQOIAgGoAgO4Aq_P0LgGwAIB0gIkNzU5MzFjOWMtZDFhMy00NTc2LWE1NmQtYWYyYjJjOWJmZWFh2AIF4AIB&ucfs=1&arphpl=1&group_adults=2&req_adults=2&no_rooms=1&group_children=0&req_children=0&hpos=18&hapos=18&sr_order=popularity&srpvid=3e4698971cc9011b&srepoch=1729374128&from_sustainable_property_sr=1&from=searchresults,9.0,"Situated in the centre of Colmar, LE PTIT BARTHO features accommodation with free WiFi in a historic building. This 3-star apartment offers full-day security. ",Colmar,48.0768261,7.3575798
766,La Cour de Berthe Est,https://www.booking.com/hotel/fr/la-cour-de-berthe-est.en-gb.html?aid=304142&label=gen173nr-1FCAQoggJCDXNlYXJjaF9jb2xtYXJIM1gEaE2IAQGYAQm4AQrIAQXYAQHoAQH4AQOIAgGoAgO4Aq_P0LgGwAIB0gIkNzU5MzFjOWMtZDFhMy00NTc2LWE1NmQtYWYyYjJjOWJmZWFh2AIF4AIB&ucfs=1&arphpl=1&group_adults=2&req_adults=2&no_rooms=1&group_children=0&req_children=0&hpos=17&hapos=17&sr_order=popularity&srpvid=3e4698971cc9011b&srepoch=1729374128&from=searchresults,8.9,"Located within 300 metres of Saint-Martin Collegiate Church and 200 metres of House of the Heads in the centre of Colmar, La Cour de Berthe Est provides accommodation with free WiFi and seating area. ",Colmar,48.076825,7.356487
767,Le Loft,https://www.booking.com/hotel/fr/le-loft-colmar.en-gb.html?aid=304142&label=gen173nr-1FCAQoggJCDXNlYXJjaF9jb2xtYXJIM1gEaE2IAQGYAQm4AQrIAQXYAQHoAQH4AQOIAgGoAgO4Aq_P0LgGwAIB0gIkNzU5MzFjOWMtZDFhMy00NTc2LWE1NmQtYWYyYjJjOWJmZWFh2AIF4AIB&ucfs=1&arphpl=1&group_adults=2&req_adults=2&no_rooms=1&group_children=0&req_children=0&hpos=16&hapos=16&sr_order=popularity&srpvid=3e4698971cc9011b&srepoch=1729374128&from=searchresults,9.6,"Located in Colmar, Le Loft provides city views and free WiFi, 400 metres from House of the Heads and 1.2 km from Colmar Train Station. ",Colmar,48.07600804,7.35850243
768,Les Colombages,https://www.booking.com/hotel/fr/les-colmbages.en-gb.html?aid=304142&label=gen173nr-1FCAQoggJCDXNlYXJjaF9jb2xtYXJIM1gEaE2IAQGYAQm4AQrIAQXYAQHoAQH4AQOIAgGoAgO4Aq_P0LgGwAIB0gIkNzU5MzFjOWMtZDFhMy00NTc2LWE1NmQtYWYyYjJjOWJmZWFh2AIF4AIB&ucfs=1&arphpl=1&group_adults=2&req_adults=2&no_rooms=1&group_children=0&req_children=0&hpos=15&hapos=15&sr_order=popularity&srpvid=3e4698971cc9011b&srepoch=1729374128&from_sustainable_property_sr=1&from=searchresults,9.0,"Situated in the centre of Colmar, just 700 metres from House of the Heads and 1.1 km from Colmar Train Station, Les Colombages features accommodation with quiet street views and free WiFi. ",Colmar,48.07333428,7.35806208
769,HYPER CENTRE - Colmar Cathédrale - PARKING Gratuit,https://www.booking.com/hotel/fr/hyper-centre-colmar-place-de-la-cathedrale.en-gb.html?aid=304142&label=gen173nr-1FCAQoggJCDXNlYXJjaF9jb2xtYXJIM1gEaE2IAQGYAQm4AQrIAQXYAQHoAQH4AQOIAgGoAgO4Aq_P0LgGwAIB0gIkNzU5MzFjOWMtZDFhMy00NTc2LWE1NmQtYWYyYjJjOWJmZWFh2AIF4AIB&ucfs=1&arphpl=1&group_adults=2&req_adults=2&no_rooms=1&group_children=0&req_children=0&hpos=14&hapos=14&sr_order=popularity&srpvid=3e4698971cc9011b&srepoch=1729374128&from=searchresults,9.5,"Offering free WiFi and city views, HYPER CENTRE - Colmar Cathédrale - PARKING Gratuit is an accommodation situated right in the centre of Colmar, just 400 metres from House of the Heads and 200 metres...",Colmar,48.0774918,7.3593952
770,Le Cathedral View Colmar - Centre Historique - Parking privé gratuit,https://www.booking.com/hotel/fr/le-cathedral-view-au-centre-historique.en-gb.html?aid=304142&label=gen173nr-1FCAQoggJCDXNlYXJjaF9jb2xtYXJIM1gEaE2IAQGYAQm4AQrIAQXYAQHoAQH4AQOIAgGoAgO4Aq_P0LgGwAIB0gIkNzU5MzFjOWMtZDFhMy00NTc2LWE1NmQtYWYyYjJjOWJmZWFh2AIF4AIB&ucfs=1&arphpl=1&group_adults=2&req_adults=2&no_rooms=1&group_children=0&req_children=0&hpos=13&hapos=13&sr_order=popularity&srpvid=3e4698971cc9011b&srepoch=1729374128&from_sustainable_property_sr=1&from=searchresults,9.5,"Situated 400 metres from House of the Heads and 200 metres from Saint-Martin Collegiate Church in the centre of Colmar, Le Cathedral View Colmar - Centre Historique - Parking privé gratuit features...",Colmar,48.0774918,7.3593952
771,LE VOLTAIRE COLMAR CENTRE,https://www.booking.com/hotel/fr/le-voltaire-colmar-centre.en-gb.html?aid=304142&label=gen173nr-1FCAQoggJCDXNlYXJjaF9jb2xtYXJIM1gEaE2IAQGYAQm4AQrIAQXYAQHoAQH4AQOIAgGoAgO4Aq_P0LgGwAIB0gIkNzU5MzFjOWMtZDFhMy00NTc2LWE1NmQtYWYyYjJjOWJmZWFh2AIF4AIB&ucfs=1&arphpl=1&group_adults=2&req_adults=2&no_rooms=1&group_children=0&req_children=0&hpos=12&hapos=12&sr_order=popularity&srpvid=3e4698971cc9011b&srepoch=1729374128&from=searchresults,9.6,LE VOLTAIRE COLMAR CENTRE is a property situated in Colmar near Colmar Little Venice and a 2-minute walk from Bartholdi Museum. Guests staying at this apartment have access to free WiFi. ,Colmar,48.0771394,7.3560273
772,Saint Germain,https://www.booking.com/hotel/fr/saint-germain-colmar.en-gb.html?aid=304142&label=gen173nr-1FCAQoggJCDXNlYXJjaF9jb2xtYXJIM1gEaE2IAQGYAQm4AQrIAQXYAQHoAQH4AQOIAgGoAgO4Aq_P0LgGwAIB0gIkNzU5MzFjOWMtZDFhMy00NTc2LWE1NmQtYWYyYjJjOWJmZWFh2AIF4AIB&ucfs=1&arphpl=1&group_adults=2&req_adults=2&no_rooms=1&group_children=0&req_children=0&hpos=11&hapos=11&sr_order=popularity&srpvid=3e4698971cc9011b&srepoch=1729374128&from=searchresults,9.4,"Located 600 metres from House of the Heads and 700 metres from Saint-Martin Collegiate Church in the centre of Colmar, Saint Germain provides accommodation with free WiFi and free private parking. ",Colmar,48.081366,7.359934
773,Chambres d'hôtes Chez Caroline,https://www.booking.com/hotel/fr/le-studio-mansarde-bed-and-breakfast.en-gb.html?aid=304142&label=gen173nr-1FCAQoggJCDXNlYXJjaF9jb2xtYXJIM1gEaE2IAQGYAQm4AQrIAQXYAQHoAQH4AQOIAgGoAgO4Aq_P0LgGwAIB0gIkNzU5MzFjOWMtZDFhMy00NTc2LWE1NmQtYWYyYjJjOWJmZWFh2AIF4AIB&ucfs=1&arphpl=1&group_adults=2&req_adults=2&no_rooms=1&group_children=0&req_children=0&hpos=10&hapos=10&sr_order=popularity&srpvid=3e4698971cc9011b&srepoch=1729374128&from_sustainable_property_sr=1&from=searchresults,8.5,"Well set in Colmar, Chambres d'hôtes Chez Caroline provides a buffet breakfast and free WiFi. The air-conditioned accommodation is 500 metres from House of the Heads. ",Colmar,48.07873658,7.36010053
774,Gite Bim Maidala,https://www.booking.com/hotel/fr/gite-bim-maidala.en-gb.html?aid=304142&label=gen173nr-1FCAQoggJCDXNlYXJjaF9jb2xtYXJIM1gEaE2IAQGYAQm4AQrIAQXYAQHoAQH4AQOIAgGoAgO4Aq_P0LgGwAIB0gIkNzU5MzFjOWMtZDFhMy00NTc2LWE1NmQtYWYyYjJjOWJmZWFh2AIF4AIB&ucfs=1&arphpl=1&group_adults=2&req_adults=2&no_rooms=1&group_children=0&req_children=0&hpos=9&hapos=9&sr_order=popularity&srpvid=3e4698971cc9011b&srepoch=1729374128&from_sustainable_property_sr=1&from=searchresults,9.7,"Gite Bim Maidala is located in the Old Town district of Colmar, 1.4 km from Colmar Train Station, 3.4 km from Colmar Expo and 28 km from Le Haut Koenigsbourg Castle. ",Colmar,48.07752914,7.36025936
775,Commanderie Cottage Colmar,https://www.booking.com/hotel/fr/commanderie-cottage-colmar.en-gb.html?aid=304142&label=gen173nr-1FCAQoggJCDXNlYXJjaF9jb2xtYXJIM1gEaE2IAQGYAQm4AQrIAQXYAQHoAQH4AQOIAgGoAgO4Aq_P0LgGwAIB0gIkNzU5MzFjOWMtZDFhMy00NTc2LWE1NmQtYWYyYjJjOWJmZWFh2AIF4AIB&ucfs=1&arphpl=1&group_adults=2&req_adults=2&no_rooms=1&group_children=0&req_children=0&hpos=8&hapos=8&sr_order=popularity&srpvid=3e4698971cc9011b&srepoch=1729374128&from=searchresults,9.5,"Set 500 metres from House of the Heads and less than 1 km from Colmar Train Station in the centre of Colmar, Commanderie Cottage Colmar offers accommodation with free WiFi and free private parking. ",Colmar,48.07474713,7.35700246
776,Un petit Vintage à Colmar,https://www.booking.com/hotel/fr/un-petit-vintage-a-colmar.en-gb.html?aid=304142&label=gen173nr-1FCAQoggJCDXNlYXJjaF9jb2xtYXJIM1gEaE2IAQGYAQm4AQrIAQXYAQHoAQH4AQOIAgGoAgO4Aq_P0LgGwAIB0gIkNzU5MzFjOWMtZDFhMy00NTc2LWE1NmQtYWYyYjJjOWJmZWFh2AIF4AIB&ucfs=1&arphpl=1&group_adults=2&req_adults=2&no_rooms=1&group_children=0&req_children=0&hpos=7&hapos=7&sr_order=popularity&srpvid=3e4698971cc9011b&srepoch=1729374128&from=searchresults,8.9,"Situated in Colmar, 500 metres from House of the Heads and 1.3 km from Colmar Train Station, Un petit Vintage à Colmar features city views and free WiFi. ",Colmar,48.07625328,7.35959482
777,Coquet Studio Colmar Centre,https://www.booking.com/hotel/fr/colin-studio.en-gb.html?aid=304142&label=gen173nr-1FCAQoggJCDXNlYXJjaF9jb2xtYXJIM1gEaE2IAQGYAQm4AQrIAQXYAQHoAQH4AQOIAgGoAgO4Aq_P0LgGwAIB0gIkNzU5MzFjOWMtZDFhMy00NTc2LWE1NmQtYWYyYjJjOWJmZWFh2AIF4AIB&ucfs=1&arphpl=1&group_adults=2&req_adults=2&no_rooms=1&group_children=0&req_children=0&hpos=6&hapos=6&sr_order=popularity&srpvid=3e4698971cc9011b&srepoch=1729374128&from=searchresults,9.3,"Coquet Studio offers accommodation in Colmar, 200 metres from Saint-Martin Collegiate Church. It offers a view on the steeples and the roofs of Colmar. ",Colmar,48.076874,7.35745663
778,Le rohan sawadee,https://www.booking.com/hotel/fr/le-rohan-sawadee.en-gb.html?aid=304142&label=gen173nr-1FCAQoggJCDXNlYXJjaF9jb2xtYXJIM1gEaE2IAQGYAQm4AQrIAQXYAQHoAQH4AQOIAgGoAgO4Aq_P0LgGwAIB0gIkNzU5MzFjOWMtZDFhMy00NTc2LWE1NmQtYWYyYjJjOWJmZWFh2AIF4AIB&ucfs=1&arphpl=1&group_adults=2&req_adults=2&no_rooms=1&group_children=0&req_children=0&hpos=5&hapos=5&sr_order=popularity&srpvid=3e4698971cc9011b&srepoch=1729374128&from_sustainable_property_sr=1&from=searchresults,9.5,"Located in the centre of Colmar, 400 metres from Saint-Martin Collegiate Church, Le rohan sawadee provides accommodation with free WiFi and a hot tub. Guests can benefit from a patio and a sun...",Colmar,48.07755989,7.35481474
779,Appartements centre ville Colmar 4 familles,https://www.booking.com/hotel/fr/appartement-centre-ville-colmar-2-colmar.en-gb.html?aid=304142&label=gen173nr-1FCAQoggJCDXNlYXJjaF9jb2xtYXJIM1gEaE2IAQGYAQm4AQrIAQXYAQHoAQH4AQOIAgGoAgO4Aq_P0LgGwAIB0gIkNzU5MzFjOWMtZDFhMy00NTc2LWE1NmQtYWYyYjJjOWJmZWFh2AIF4AIB&ucfs=1&arphpl=1&group_adults=2&req_adults=2&no_rooms=1&group_children=0&req_children=0&hpos=4&hapos=4&sr_order=popularity&srpvid=3e4698971cc9011b&srepoch=1729374128&from=searchresults,9.6,"Appartements centre ville Colmar 4 familles offers accommodation within 500 metres of the centre of Colmar, with free WiFi, and a kitchen with a dishwasher, an oven and a microwave. ",Colmar,48.0761344,7.3638795
780,Grand studio Colmar Centre,https://www.booking.com/hotel/fr/grand-studio-colmar.en-gb.html?aid=304142&label=gen173nr-1FCAQoggJCDXNlYXJjaF9jb2xtYXJIM1gEaE2IAQGYAQm4AQrIAQXYAQHoAQH4AQOIAgGoAgO4Aq_P0LgGwAIB0gIkNzU5MzFjOWMtZDFhMy00NTc2LWE1NmQtYWYyYjJjOWJmZWFh2AIF4AIB&ucfs=1&arphpl=1&group_adults=2&req_adults=2&no_rooms=1&group_children=0&req_children=0&hpos=3&hapos=3&sr_order=popularity&srpvid=3e4698971cc9011b&srepoch=1729374128&from=searchresults,9.3,"Situated in the centre of Colmar, Grand studio Colmar Centre features accommodation with free WiFi in a historic building. ",Colmar,48.0762675,7.3555119
781,Quiet Corner,https://www.booking.com/hotel/fr/quiet-corner.en-gb.html?aid=304142&label=gen173nr-1FCAQoggJCDXNlYXJjaF9jb2xtYXJIM1gEaE2IAQGYAQm4AQrIAQXYAQHoAQH4AQOIAgGoAgO4Aq_P0LgGwAIB0gIkNzU5MzFjOWMtZDFhMy00NTc2LWE1NmQtYWYyYjJjOWJmZWFh2AIF4AIB&ucfs=1&arphpl=1&group_adults=2&req_adults=2&no_rooms=1&group_children=0&req_children=0&hpos=2&hapos=2&sr_order=popularity&srpvid=3e4698971cc9011b&srepoch=1729374128&from_sustainable_property_sr=1&from=searchresults,9.4,"Featuring a patio with city views, a casino and a garden, Quiet Corner can be found in Colmar, close to Colmar Train Station and 1.4 km from House of the Heads. ",Colmar,48.07214521,7.36855053
782,Colmar Hotel,https://www.booking.com/hotel/fr/colmar.en-gb.html?aid=304142&label=gen173nr-1FCAQoggJCDXNlYXJjaF9jb2xtYXJIM1gEaE2IAQGYAQm4AQrIAQXYAQHoAQH4AQOIAgGoAgO4Aq_P0LgGwAIB0gIkNzU5MzFjOWMtZDFhMy00NTc2LWE1NmQtYWYyYjJjOWJmZWFh2AIF4AIB&ucfs=1&arphpl=1&group_adults=2&req_adults=2&no_rooms=1&group_children=0&req_children=0&hpos=1&hapos=1&sr_order=popularity&srpvid=3e4698971cc9011b&srepoch=1729374128&from_sustainable_property_sr=1&from=searchresults,9.0,"Colmar Hotel is located in Colmar, 1 km from House of the Heads. Colmar Christmas Market - Place des Dominicains is 1.2 km away. ",Colmar,48.07080074,7.34638973
783,L'oeil sur la flèche,https://www.booking.com/hotel/fr/l-39-oeil-sur-la-fleche.en-gb.html?aid=304142&label=gen173nr-1FCAQoggJCEXNlYXJjaF9zdHJhc2JvdXJnSDNYBGhNiAEBmAEJuAEKyAEF2AEB6AEB-AEDiAIBqAIDuAKuz9C4BsACAdICJDM4MjhhNGMyLTYwNWItNGZkOC04NmQ1LTk5M2M3NWZlYjkzMtgCBeACAQ&ucfs=1&arphpl=1&group_adults=2&req_adults=2&no_rooms=1&group_children=0&req_children=0&hpos=4&hapos=4&sr_order=popularity&srpvid=427d9897ba94023f&srepoch=1729374127&from=searchresults,8.9,"In the City-Centre - Petite France district of Strasbourg, close to St. Paul's Church, L'oeil sur la flèche features free WiFi and a washing machine. ",Strasbourg,48.5809808,7.753075
784,Le Quai 2,https://www.booking.com/hotel/fr/le-quai-2.en-gb.html?aid=304142&label=gen173nr-1FCAQoggJCEXNlYXJjaF9zdHJhc2JvdXJnSDNYBGhNiAEBmAEJuAEKyAEF2AEB6AEB-AEDiAIBqAIDuAKuz9C4BsACAdICJDM4MjhhNGMyLTYwNWItNGZkOC04NmQ1LTk5M2M3NWZlYjkzMtgCBeACAQ&ucfs=1&arphpl=1&group_adults=2&req_adults=2&no_rooms=1&group_children=0&req_children=0&hpos=3&hapos=3&sr_order=popularity&srpvid=427d9897ba94023f&srepoch=1729374127&from=searchresults,9.1,"Le Quai 2 offers accommodation in Strasbourg, 600 metres from St. Paul's Church and 800 metres from Strasburg History Museum. ",Strasbourg,48.5821574,7.7569606
785,Appartement Petite France avec terrasse,https://www.booking.com/hotel/fr/appartement-petite-france-avec-terrasse.en-gb.html?aid=304142&label=gen173nr-1FCAQoggJCEXNlYXJjaF9zdHJhc2JvdXJnSDNYBGhNiAEBmAEJuAEKyAEF2AEB6AEB-AEDiAIBqAIDuAKuz9C4BsACAdICJDM4MjhhNGMyLTYwNWItNGZkOC04NmQ1LTk5M2M3NWZlYjkzMtgCBeACAQ&ucfs=1&arphpl=1&group_adults=2&req_adults=2&no_rooms=1&group_children=0&req_children=0&hpos=2&hapos=2&sr_order=popularity&srpvid=427d9897ba94023f&srepoch=1729374127&from=searchresults,9.1,"Appartement Petite France avec terrasse in Strasbourg offers accommodation with free WiFi, 1.8 km from St. ",Strasbourg,48.57902876,7.7425345
786,Studio de l'Hôtel de Ville,https://www.booking.com/hotel/fr/studio-de-l-hotel-de-ville.en-gb.html?aid=304142&label=gen173nr-1FCAQoggJCEXNlYXJjaF9zdHJhc2JvdXJnSDNYBGhNiAEBmAEJuAEKyAEF2AEB6AEB-AEDiAIBqAIDuAKuz9C4BsACAdICJDM4MjhhNGMyLTYwNWItNGZkOC04NmQ1LTk5M2M3NWZlYjkzMtgCBeACAQ&ucfs=1&arphpl=1&group_adults=2&req_adults=2&no_rooms=1&group_children=0&req_children=0&hpos=1&hapos=1&sr_order=popularity&srpvid=427d9897ba94023f&srepoch=1729374127&from_sustainable_property_sr=1&from=searchresults,9.2,"Located in Strasbourg, Studio de l’Hôtel de Ville is 300 metres from Strasbourg Cathedral and 160 metres from Broglie Tram Stop. ",Strasbourg,48.58400877,7.74990119
